2025-10-20 14:37:45 [main] ERROR com.zaxxer.hikari.pool.HikariPool - master - Exception during pool initialization.
java.sql.SQLNonTransientConnectionException: Could not create connection to database server. Attempted reconnect 3 times. Giving up.
	at com.mysql.cj.jdbc.exceptions.SQLError.createSQLException(SQLError.java:111)
	at com.mysql.cj.jdbc.exceptions.SQLError.createSQLException(SQLError.java:98)
	at com.mysql.cj.jdbc.exceptions.SQLError.createSQLException(SQLError.java:90)
	at com.mysql.cj.jdbc.exceptions.SQLError.createSQLException(SQLError.java:64)
	at com.mysql.cj.jdbc.exceptions.SQLError.createSQLException(SQLError.java:74)
	at com.mysql.cj.jdbc.ConnectionImpl.connectWithRetries(ConnectionImpl.java:895)
	at com.mysql.cj.jdbc.ConnectionImpl.createNewIO(ConnectionImpl.java:820)
	at com.mysql.cj.jdbc.ConnectionImpl.<init>(ConnectionImpl.java:446)
	at com.mysql.cj.jdbc.ConnectionImpl.getInstance(ConnectionImpl.java:239)
	at com.mysql.cj.jdbc.NonRegisteringDriver.connect(NonRegisteringDriver.java:188)
	at com.zaxxer.hikari.util.DriverDataSource.getConnection(DriverDataSource.java:138)
	at com.zaxxer.hikari.pool.PoolBase.newConnection(PoolBase.java:364)
	at com.zaxxer.hikari.pool.PoolBase.newPoolEntry(PoolBase.java:206)
	at com.zaxxer.hikari.pool.HikariPool.createPoolEntry(HikariPool.java:476)
	at com.zaxxer.hikari.pool.HikariPool.checkFailFast(HikariPool.java:561)
	at com.zaxxer.hikari.pool.HikariPool.<init>(HikariPool.java:115)
	at com.zaxxer.hikari.HikariDataSource.<init>(HikariDataSource.java:81)
	at com.baomidou.dynamic.datasource.creator.HikariDataSourceCreator.doCreateDataSource(HikariDataSourceCreator.java:82)
	at com.baomidou.dynamic.datasource.creator.AbstractDataSourceCreator.createDataSource(AbstractDataSourceCreator.java:70)
	at com.baomidou.dynamic.datasource.creator.DefaultDataSourceCreator.createDataSource(DefaultDataSourceCreator.java:48)
	at com.baomidou.dynamic.datasource.provider.AbstractDataSourceProvider.createDataSourceMap(AbstractDataSourceProvider.java:47)
	at com.baomidou.dynamic.datasource.provider.YmlDynamicDataSourceProvider.loadDataSources(YmlDynamicDataSourceProvider.java:42)
	at com.baomidou.dynamic.datasource.DynamicRoutingDataSource.afterPropertiesSet(DynamicRoutingDataSource.java:225)
	at org.springframework.beans.factory.support.AbstractAutowireCapableBeanFactory.invokeInitMethods(AbstractAutowireCapableBeanFactory.java:1863)
	at org.springframework.beans.factory.support.AbstractAutowireCapableBeanFactory.initializeBean(AbstractAutowireCapableBeanFactory.java:1800)
	at org.springframework.beans.factory.support.AbstractAutowireCapableBeanFactory.doCreateBean(AbstractAutowireCapableBeanFactory.java:620)
	at org.springframework.beans.factory.support.AbstractAutowireCapableBeanFactory.createBean(AbstractAutowireCapableBeanFactory.java:542)
	at org.springframework.beans.factory.support.AbstractBeanFactory.lambda$doGetBean$0(AbstractBeanFactory.java:335)
	at org.springframework.beans.factory.support.DefaultSingletonBeanRegistry.getSingleton(DefaultSingletonBeanRegistry.java:234)
	at org.springframework.beans.factory.support.AbstractBeanFactory.doGetBean(AbstractBeanFactory.java:333)
	at org.springframework.beans.factory.support.AbstractBeanFactory.getBean(AbstractBeanFactory.java:208)
	at org.springframework.beans.factory.config.DependencyDescriptor.resolveCandidate(DependencyDescriptor.java:276)
	at org.springframework.beans.factory.support.DefaultListableBeanFactory.addCandidateEntry(DefaultListableBeanFactory.java:1609)
	at org.springframework.beans.factory.support.DefaultListableBeanFactory.findAutowireCandidates(DefaultListableBeanFactory.java:1573)
	at org.springframework.beans.factory.support.DefaultListableBeanFactory.resolveMultipleBeans(DefaultListableBeanFactory.java:1492)
	at org.springframework.beans.factory.support.DefaultListableBeanFactory.doResolveDependency(DefaultListableBeanFactory.java:1349)
	at org.springframework.beans.factory.support.DefaultListableBeanFactory.resolveDependency(DefaultListableBeanFactory.java:1311)
	at org.springframework.beans.factory.support.ConstructorResolver.resolveAutowiredArgument(ConstructorResolver.java:911)
	at org.springframework.beans.factory.support.ConstructorResolver.createArgumentArray(ConstructorResolver.java:788)
	at org.springframework.beans.factory.support.ConstructorResolver.instantiateUsingFactoryMethod(ConstructorResolver.java:536)
	at org.springframework.beans.factory.support.AbstractAutowireCapableBeanFactory.instantiateUsingFactoryMethod(AbstractAutowireCapableBeanFactory.java:1352)
	at org.springframework.beans.factory.support.AbstractAutowireCapableBeanFactory.createBeanInstance(AbstractAutowireCapableBeanFactory.java:1195)
	at org.springframework.beans.factory.support.AbstractAutowireCapableBeanFactory.doCreateBean(AbstractAutowireCapableBeanFactory.java:582)
	at org.springframework.beans.factory.support.AbstractAutowireCapableBeanFactory.createBean(AbstractAutowireCapableBeanFactory.java:542)
	at org.springframework.beans.factory.support.AbstractBeanFactory.lambda$doGetBean$0(AbstractBeanFactory.java:335)
	at org.springframework.beans.factory.support.DefaultSingletonBeanRegistry.getSingleton(DefaultSingletonBeanRegistry.java:234)
	at org.springframework.beans.factory.support.AbstractBeanFactory.doGetBean(AbstractBeanFactory.java:333)
	at org.springframework.beans.factory.support.AbstractBeanFactory.getBean(AbstractBeanFactory.java:208)
	at org.springframework.beans.factory.config.DependencyDescriptor.resolveCandidate(DependencyDescriptor.java:276)
	at org.springframework.beans.factory.support.DefaultListableBeanFactory.addCandidateEntry(DefaultListableBeanFactory.java:1616)
	at org.springframework.beans.factory.support.DefaultListableBeanFactory.findAutowireCandidates(DefaultListableBeanFactory.java:1573)
	at org.springframework.beans.factory.support.DefaultListableBeanFactory.resolveMultipleBeans(DefaultListableBeanFactory.java:1417)
	at org.springframework.beans.factory.support.DefaultListableBeanFactory.doResolveDependency(DefaultListableBeanFactory.java:1349)
	at org.springframework.beans.factory.support.DefaultListableBeanFactory$DependencyObjectProvider.resolveStream(DefaultListableBeanFactory.java:2119)
	at org.springframework.beans.factory.support.DefaultListableBeanFactory$DependencyObjectProvider.orderedStream(DefaultListableBeanFactory.java:2113)
	at org.springframework.boot.actuate.autoconfigure.metrics.MeterRegistryConfigurer.addBinders(MeterRegistryConfigurer.java:87)
	at org.springframework.boot.actuate.autoconfigure.metrics.MeterRegistryConfigurer.configure(MeterRegistryConfigurer.java:68)
	at org.springframework.boot.actuate.autoconfigure.metrics.MeterRegistryPostProcessor.postProcessAfterInitialization(MeterRegistryPostProcessor.java:64)
	at org.springframework.beans.factory.support.AbstractAutowireCapableBeanFactory.applyBeanPostProcessorsAfterInitialization(AbstractAutowireCapableBeanFactory.java:455)
	at org.springframework.beans.factory.support.AbstractAutowireCapableBeanFactory.initializeBean(AbstractAutowireCapableBeanFactory.java:1808)
	at org.springframework.beans.factory.support.AbstractAutowireCapableBeanFactory.doCreateBean(AbstractAutowireCapableBeanFactory.java:620)
	at org.springframework.beans.factory.support.AbstractAutowireCapableBeanFactory.createBean(AbstractAutowireCapableBeanFactory.java:542)
	at org.springframework.beans.factory.support.AbstractBeanFactory.lambda$doGetBean$0(AbstractBeanFactory.java:335)
	at org.springframework.beans.factory.support.DefaultSingletonBeanRegistry.getSingleton(DefaultSingletonBeanRegistry.java:234)
	at org.springframework.beans.factory.support.AbstractBeanFactory.doGetBean(AbstractBeanFactory.java:333)
	at org.springframework.beans.factory.support.AbstractBeanFactory.getBean(AbstractBeanFactory.java:208)
	at org.springframework.beans.factory.config.DependencyDescriptor.resolveCandidate(DependencyDescriptor.java:276)
	at org.springframework.beans.factory.support.DefaultListableBeanFactory.doResolveDependency(DefaultListableBeanFactory.java:1391)
	at org.springframework.beans.factory.support.DefaultListableBeanFactory.resolveDependency(DefaultListableBeanFactory.java:1311)
	at org.springframework.beans.factory.support.ConstructorResolver.resolveAutowiredArgument(ConstructorResolver.java:911)
	at org.springframework.beans.factory.support.ConstructorResolver.createArgumentArray(ConstructorResolver.java:788)
	at org.springframework.beans.factory.support.ConstructorResolver.instantiateUsingFactoryMethod(ConstructorResolver.java:536)
	at org.springframework.beans.factory.support.AbstractAutowireCapableBeanFactory.instantiateUsingFactoryMethod(AbstractAutowireCapableBeanFactory.java:1352)
	at org.springframework.beans.factory.support.AbstractAutowireCapableBeanFactory.createBeanInstance(AbstractAutowireCapableBeanFactory.java:1195)
	at org.springframework.beans.factory.support.AbstractAutowireCapableBeanFactory.doCreateBean(AbstractAutowireCapableBeanFactory.java:582)
	at org.springframework.beans.factory.support.AbstractAutowireCapableBeanFactory.createBean(AbstractAutowireCapableBeanFactory.java:542)
	at org.springframework.beans.factory.support.AbstractBeanFactory.lambda$doGetBean$0(AbstractBeanFactory.java:335)
	at org.springframework.beans.factory.support.DefaultSingletonBeanRegistry.getSingleton(DefaultSingletonBeanRegistry.java:234)
	at org.springframework.beans.factory.support.AbstractBeanFactory.doGetBean(AbstractBeanFactory.java:333)
	at org.springframework.beans.factory.support.AbstractBeanFactory.getBean(AbstractBeanFactory.java:213)
	at org.springframework.boot.web.servlet.ServletContextInitializerBeans.getOrderedBeansOfType(ServletContextInitializerBeans.java:213)
	at org.springframework.boot.web.servlet.ServletContextInitializerBeans.getOrderedBeansOfType(ServletContextInitializerBeans.java:204)
	at org.springframework.boot.web.servlet.ServletContextInitializerBeans.addServletContextInitializerBeans(ServletContextInitializerBeans.java:98)
	at org.springframework.boot.web.servlet.ServletContextInitializerBeans.<init>(ServletContextInitializerBeans.java:86)
	at org.springframework.boot.web.servlet.context.ServletWebServerApplicationContext.getServletContextInitializerBeans(ServletWebServerApplicationContext.java:262)
	at org.springframework.boot.web.servlet.context.ServletWebServerApplicationContext.selfInitialize(ServletWebServerApplicationContext.java:236)
	at org.springframework.boot.web.embedded.undertow.UndertowServletWebServerFactory$Initializer.onStartup(UndertowServletWebServerFactory.java:508)
	at io.undertow.servlet.core.DeploymentManagerImpl$1.call(DeploymentManagerImpl.java:204)
	at io.undertow.servlet.core.DeploymentManagerImpl$1.call(DeploymentManagerImpl.java:187)
	at io.undertow.servlet.core.ServletRequestContextThreadSetupAction$1.call(ServletRequestContextThreadSetupAction.java:42)
	at io.undertow.servlet.core.ContextClassLoaderSetupAction$1.call(ContextClassLoaderSetupAction.java:43)
	at io.undertow.servlet.core.DeploymentManagerImpl.deploy(DeploymentManagerImpl.java:255)
	at org.springframework.boot.web.embedded.undertow.UndertowServletWebServerFactory.createManager(UndertowServletWebServerFactory.java:330)
	at org.springframework.boot.web.embedded.undertow.UndertowServletWebServerFactory.getWebServer(UndertowServletWebServerFactory.java:299)
	at org.springframework.boot.web.servlet.context.ServletWebServerApplicationContext.createWebServer(ServletWebServerApplicationContext.java:184)
	at org.springframework.boot.web.servlet.context.ServletWebServerApplicationContext.onRefresh(ServletWebServerApplicationContext.java:162)
	at org.springframework.context.support.AbstractApplicationContext.refresh(AbstractApplicationContext.java:585)
	at org.springframework.boot.web.servlet.context.ServletWebServerApplicationContext.refresh(ServletWebServerApplicationContext.java:147)
	at org.springframework.boot.SpringApplication.refresh(SpringApplication.java:732)
	at org.springframework.boot.SpringApplication.refreshContext(SpringApplication.java:409)
	at org.springframework.boot.SpringApplication.run(SpringApplication.java:308)
	at com.ruoyi.RuoYiApplication.main(RuoYiApplication.java:21)
Caused by: com.mysql.cj.exceptions.CJCommunicationsException: Communications link failure

The last packet sent successfully to the server was 0 milliseconds ago. The driver has not received any packets from the server.
	at sun.reflect.NativeConstructorAccessorImpl.newInstance0(Native Method)
	at sun.reflect.NativeConstructorAccessorImpl.newInstance(NativeConstructorAccessorImpl.java:62)
	at sun.reflect.DelegatingConstructorAccessorImpl.newInstance(DelegatingConstructorAccessorImpl.java:45)
	at java.lang.reflect.Constructor.newInstance(Constructor.java:423)
	at com.mysql.cj.exceptions.ExceptionFactory.createException(ExceptionFactory.java:62)
	at com.mysql.cj.exceptions.ExceptionFactory.createException(ExceptionFactory.java:105)
	at com.mysql.cj.exceptions.ExceptionFactory.createException(ExceptionFactory.java:150)
	at com.mysql.cj.exceptions.ExceptionFactory.createCommunicationsException(ExceptionFactory.java:166)
	at com.mysql.cj.protocol.a.NativeProtocol.readMessage(NativeProtocol.java:582)
	at com.mysql.cj.protocol.a.NativeProtocol.readServerCapabilities(NativeProtocol.java:537)
	at com.mysql.cj.protocol.a.NativeProtocol.beforeHandshake(NativeProtocol.java:424)
	at com.mysql.cj.protocol.a.NativeProtocol.connect(NativeProtocol.java:1428)
	at com.mysql.cj.NativeSession.connect(NativeSession.java:134)
	at com.mysql.cj.jdbc.ConnectionImpl.connectWithRetries(ConnectionImpl.java:839)
	... 96 common frames omitted
Caused by: java.net.SocketTimeoutException: Read timed out
	at java.net.SocketInputStream.socketRead0(Native Method)
	at java.net.SocketInputStream.socketRead(SocketInputStream.java:116)
	at java.net.SocketInputStream.read(SocketInputStream.java:171)
	at java.net.SocketInputStream.read(SocketInputStream.java:141)
	at com.mysql.cj.protocol.ReadAheadInputStream.fill(ReadAheadInputStream.java:107)
	at com.mysql.cj.protocol.ReadAheadInputStream.readFromUnderlyingStreamIfNecessary(ReadAheadInputStream.java:150)
	at com.mysql.cj.protocol.ReadAheadInputStream.read(ReadAheadInputStream.java:180)
	at java.io.FilterInputStream.read(FilterInputStream.java:133)
	at com.mysql.cj.protocol.FullReadInputStream.readFully(FullReadInputStream.java:64)
	at com.mysql.cj.protocol.a.SimplePacketReader.readHeaderLocal(SimplePacketReader.java:81)
	at com.mysql.cj.protocol.a.SimplePacketReader.readHeader(SimplePacketReader.java:63)
	at com.mysql.cj.protocol.a.SimplePacketReader.readHeader(SimplePacketReader.java:45)
	at com.mysql.cj.protocol.a.NativeProtocol.readMessage(NativeProtocol.java:576)
	... 101 common frames omitted
2025-10-20 14:37:45 [main] ERROR o.s.boot.SpringApplication - Application run failed
org.springframework.context.ApplicationContextException: Unable to start web server; nested exception is java.lang.RuntimeException: org.springframework.beans.factory.UnsatisfiedDependencyException: Error creating bean with name 'webMvcMetricsFilter' defined in class path resource [org/springframework/boot/actuate/autoconfigure/metrics/web/servlet/WebMvcMetricsAutoConfiguration.class]: Unsatisfied dependency expressed through method 'webMvcMetricsFilter' parameter 0; nested exception is org.springframework.beans.factory.BeanCreationException: Error creating bean with name 'simpleMeterRegistry' defined in class path resource [org/springframework/boot/actuate/autoconfigure/metrics/export/simple/SimpleMetricsExportAutoConfiguration.class]: Initialization of bean failed; nested exception is org.springframework.beans.factory.UnsatisfiedDependencyException: Error creating bean with name 'dataSourcePoolMetadataMeterBinder' defined in class path resource [org/springframework/boot/actuate/autoconfigure/metrics/jdbc/DataSourcePoolMetricsAutoConfiguration$DataSourcePoolMetadataMetricsConfiguration.class]: Unsatisfied dependency expressed through method 'dataSourcePoolMetadataMeterBinder' parameter 0; nested exception is org.springframework.beans.factory.BeanCreationException: Error creating bean with name 'dataSource' defined in class path resource [com/baomidou/dynamic/datasource/spring/boot/autoconfigure/DynamicDataSourceAutoConfiguration.class]: Invocation of init method failed; nested exception is com.zaxxer.hikari.pool.HikariPool$PoolInitializationException: Failed to initialize pool: Could not create connection to database server. Attempted reconnect 3 times. Giving up.
	at org.springframework.boot.web.servlet.context.ServletWebServerApplicationContext.onRefresh(ServletWebServerApplicationContext.java:165)
	at org.springframework.context.support.AbstractApplicationContext.refresh(AbstractApplicationContext.java:585)
	at org.springframework.boot.web.servlet.context.ServletWebServerApplicationContext.refresh(ServletWebServerApplicationContext.java:147)
	at org.springframework.boot.SpringApplication.refresh(SpringApplication.java:732)
	at org.springframework.boot.SpringApplication.refreshContext(SpringApplication.java:409)
	at org.springframework.boot.SpringApplication.run(SpringApplication.java:308)
	at com.ruoyi.RuoYiApplication.main(RuoYiApplication.java:21)
Caused by: java.lang.RuntimeException: org.springframework.beans.factory.UnsatisfiedDependencyException: Error creating bean with name 'webMvcMetricsFilter' defined in class path resource [org/springframework/boot/actuate/autoconfigure/metrics/web/servlet/WebMvcMetricsAutoConfiguration.class]: Unsatisfied dependency expressed through method 'webMvcMetricsFilter' parameter 0; nested exception is org.springframework.beans.factory.BeanCreationException: Error creating bean with name 'simpleMeterRegistry' defined in class path resource [org/springframework/boot/actuate/autoconfigure/metrics/export/simple/SimpleMetricsExportAutoConfiguration.class]: Initialization of bean failed; nested exception is org.springframework.beans.factory.UnsatisfiedDependencyException: Error creating bean with name 'dataSourcePoolMetadataMeterBinder' defined in class path resource [org/springframework/boot/actuate/autoconfigure/metrics/jdbc/DataSourcePoolMetricsAutoConfiguration$DataSourcePoolMetadataMetricsConfiguration.class]: Unsatisfied dependency expressed through method 'dataSourcePoolMetadataMeterBinder' parameter 0; nested exception is org.springframework.beans.factory.BeanCreationException: Error creating bean with name 'dataSource' defined in class path resource [com/baomidou/dynamic/datasource/spring/boot/autoconfigure/DynamicDataSourceAutoConfiguration.class]: Invocation of init method failed; nested exception is com.zaxxer.hikari.pool.HikariPool$PoolInitializationException: Failed to initialize pool: Could not create connection to database server. Attempted reconnect 3 times. Giving up.
	at io.undertow.servlet.core.DeploymentManagerImpl.deploy(DeploymentManagerImpl.java:257)
	at org.springframework.boot.web.embedded.undertow.UndertowServletWebServerFactory.createManager(UndertowServletWebServerFactory.java:330)
	at org.springframework.boot.web.embedded.undertow.UndertowServletWebServerFactory.getWebServer(UndertowServletWebServerFactory.java:299)
	at org.springframework.boot.web.servlet.context.ServletWebServerApplicationContext.createWebServer(ServletWebServerApplicationContext.java:184)
	at org.springframework.boot.web.servlet.context.ServletWebServerApplicationContext.onRefresh(ServletWebServerApplicationContext.java:162)
	... 6 common frames omitted
Caused by: org.springframework.beans.factory.UnsatisfiedDependencyException: Error creating bean with name 'webMvcMetricsFilter' defined in class path resource [org/springframework/boot/actuate/autoconfigure/metrics/web/servlet/WebMvcMetricsAutoConfiguration.class]: Unsatisfied dependency expressed through method 'webMvcMetricsFilter' parameter 0; nested exception is org.springframework.beans.factory.BeanCreationException: Error creating bean with name 'simpleMeterRegistry' defined in class path resource [org/springframework/boot/actuate/autoconfigure/metrics/export/simple/SimpleMetricsExportAutoConfiguration.class]: Initialization of bean failed; nested exception is org.springframework.beans.factory.UnsatisfiedDependencyException: Error creating bean with name 'dataSourcePoolMetadataMeterBinder' defined in class path resource [org/springframework/boot/actuate/autoconfigure/metrics/jdbc/DataSourcePoolMetricsAutoConfiguration$DataSourcePoolMetadataMetricsConfiguration.class]: Unsatisfied dependency expressed through method 'dataSourcePoolMetadataMeterBinder' parameter 0; nested exception is org.springframework.beans.factory.BeanCreationException: Error creating bean with name 'dataSource' defined in class path resource [com/baomidou/dynamic/datasource/spring/boot/autoconfigure/DynamicDataSourceAutoConfiguration.class]: Invocation of init method failed; nested exception is com.zaxxer.hikari.pool.HikariPool$PoolInitializationException: Failed to initialize pool: Could not create connection to database server. Attempted reconnect 3 times. Giving up.
	at org.springframework.beans.factory.support.ConstructorResolver.createArgumentArray(ConstructorResolver.java:801)
	at org.springframework.beans.factory.support.ConstructorResolver.instantiateUsingFactoryMethod(ConstructorResolver.java:536)
	at org.springframework.beans.factory.support.AbstractAutowireCapableBeanFactory.instantiateUsingFactoryMethod(AbstractAutowireCapableBeanFactory.java:1352)
	at org.springframework.beans.factory.support.AbstractAutowireCapableBeanFactory.createBeanInstance(AbstractAutowireCapableBeanFactory.java:1195)
	at org.springframework.beans.factory.support.AbstractAutowireCapableBeanFactory.doCreateBean(AbstractAutowireCapableBeanFactory.java:582)
	at org.springframework.beans.factory.support.AbstractAutowireCapableBeanFactory.createBean(AbstractAutowireCapableBeanFactory.java:542)
	at org.springframework.beans.factory.support.AbstractBeanFactory.lambda$doGetBean$0(AbstractBeanFactory.java:335)
	at org.springframework.beans.factory.support.DefaultSingletonBeanRegistry.getSingleton(DefaultSingletonBeanRegistry.java:234)
	at org.springframework.beans.factory.support.AbstractBeanFactory.doGetBean(AbstractBeanFactory.java:333)
	at org.springframework.beans.factory.support.AbstractBeanFactory.getBean(AbstractBeanFactory.java:213)
	at org.springframework.boot.web.servlet.ServletContextInitializerBeans.getOrderedBeansOfType(ServletContextInitializerBeans.java:213)
	at org.springframework.boot.web.servlet.ServletContextInitializerBeans.getOrderedBeansOfType(ServletContextInitializerBeans.java:204)
	at org.springframework.boot.web.servlet.ServletContextInitializerBeans.addServletContextInitializerBeans(ServletContextInitializerBeans.java:98)
	at org.springframework.boot.web.servlet.ServletContextInitializerBeans.<init>(ServletContextInitializerBeans.java:86)
	at org.springframework.boot.web.servlet.context.ServletWebServerApplicationContext.getServletContextInitializerBeans(ServletWebServerApplicationContext.java:262)
	at org.springframework.boot.web.servlet.context.ServletWebServerApplicationContext.selfInitialize(ServletWebServerApplicationContext.java:236)
	at org.springframework.boot.web.embedded.undertow.UndertowServletWebServerFactory$Initializer.onStartup(UndertowServletWebServerFactory.java:508)
	at io.undertow.servlet.core.DeploymentManagerImpl$1.call(DeploymentManagerImpl.java:204)
	at io.undertow.servlet.core.DeploymentManagerImpl$1.call(DeploymentManagerImpl.java:187)
	at io.undertow.servlet.core.ServletRequestContextThreadSetupAction$1.call(ServletRequestContextThreadSetupAction.java:42)
	at io.undertow.servlet.core.ContextClassLoaderSetupAction$1.call(ContextClassLoaderSetupAction.java:43)
	at io.undertow.servlet.core.DeploymentManagerImpl.deploy(DeploymentManagerImpl.java:255)
	... 10 common frames omitted
Caused by: org.springframework.beans.factory.BeanCreationException: Error creating bean with name 'simpleMeterRegistry' defined in class path resource [org/springframework/boot/actuate/autoconfigure/metrics/export/simple/SimpleMetricsExportAutoConfiguration.class]: Initialization of bean failed; nested exception is org.springframework.beans.factory.UnsatisfiedDependencyException: Error creating bean with name 'dataSourcePoolMetadataMeterBinder' defined in class path resource [org/springframework/boot/actuate/autoconfigure/metrics/jdbc/DataSourcePoolMetricsAutoConfiguration$DataSourcePoolMetadataMetricsConfiguration.class]: Unsatisfied dependency expressed through method 'dataSourcePoolMetadataMeterBinder' parameter 0; nested exception is org.springframework.beans.factory.BeanCreationException: Error creating bean with name 'dataSource' defined in class path resource [com/baomidou/dynamic/datasource/spring/boot/autoconfigure/DynamicDataSourceAutoConfiguration.class]: Invocation of init method failed; nested exception is com.zaxxer.hikari.pool.HikariPool$PoolInitializationException: Failed to initialize pool: Could not create connection to database server. Attempted reconnect 3 times. Giving up.
	at org.springframework.beans.factory.support.AbstractAutowireCapableBeanFactory.doCreateBean(AbstractAutowireCapableBeanFactory.java:628)
	at org.springframework.beans.factory.support.AbstractAutowireCapableBeanFactory.createBean(AbstractAutowireCapableBeanFactory.java:542)
	at org.springframework.beans.factory.support.AbstractBeanFactory.lambda$doGetBean$0(AbstractBeanFactory.java:335)
	at org.springframework.beans.factory.support.DefaultSingletonBeanRegistry.getSingleton(DefaultSingletonBeanRegistry.java:234)
	at org.springframework.beans.factory.support.AbstractBeanFactory.doGetBean(AbstractBeanFactory.java:333)
	at org.springframework.beans.factory.support.AbstractBeanFactory.getBean(AbstractBeanFactory.java:208)
	at org.springframework.beans.factory.config.DependencyDescriptor.resolveCandidate(DependencyDescriptor.java:276)
	at org.springframework.beans.factory.support.DefaultListableBeanFactory.doResolveDependency(DefaultListableBeanFactory.java:1391)
	at org.springframework.beans.factory.support.DefaultListableBeanFactory.resolveDependency(DefaultListableBeanFactory.java:1311)
	at org.springframework.beans.factory.support.ConstructorResolver.resolveAutowiredArgument(ConstructorResolver.java:911)
	at org.springframework.beans.factory.support.ConstructorResolver.createArgumentArray(ConstructorResolver.java:788)
	... 31 common frames omitted
Caused by: org.springframework.beans.factory.UnsatisfiedDependencyException: Error creating bean with name 'dataSourcePoolMetadataMeterBinder' defined in class path resource [org/springframework/boot/actuate/autoconfigure/metrics/jdbc/DataSourcePoolMetricsAutoConfiguration$DataSourcePoolMetadataMetricsConfiguration.class]: Unsatisfied dependency expressed through method 'dataSourcePoolMetadataMeterBinder' parameter 0; nested exception is org.springframework.beans.factory.BeanCreationException: Error creating bean with name 'dataSource' defined in class path resource [com/baomidou/dynamic/datasource/spring/boot/autoconfigure/DynamicDataSourceAutoConfiguration.class]: Invocation of init method failed; nested exception is com.zaxxer.hikari.pool.HikariPool$PoolInitializationException: Failed to initialize pool: Could not create connection to database server. Attempted reconnect 3 times. Giving up.
	at org.springframework.beans.factory.support.ConstructorResolver.createArgumentArray(ConstructorResolver.java:801)
	at org.springframework.beans.factory.support.ConstructorResolver.instantiateUsingFactoryMethod(ConstructorResolver.java:536)
	at org.springframework.beans.factory.support.AbstractAutowireCapableBeanFactory.instantiateUsingFactoryMethod(AbstractAutowireCapableBeanFactory.java:1352)
	at org.springframework.beans.factory.support.AbstractAutowireCapableBeanFactory.createBeanInstance(AbstractAutowireCapableBeanFactory.java:1195)
	at org.springframework.beans.factory.support.AbstractAutowireCapableBeanFactory.doCreateBean(AbstractAutowireCapableBeanFactory.java:582)
	at org.springframework.beans.factory.support.AbstractAutowireCapableBeanFactory.createBean(AbstractAutowireCapableBeanFactory.java:542)
	at org.springframework.beans.factory.support.AbstractBeanFactory.lambda$doGetBean$0(AbstractBeanFactory.java:335)
	at org.springframework.beans.factory.support.DefaultSingletonBeanRegistry.getSingleton(DefaultSingletonBeanRegistry.java:234)
	at org.springframework.beans.factory.support.AbstractBeanFactory.doGetBean(AbstractBeanFactory.java:333)
	at org.springframework.beans.factory.support.AbstractBeanFactory.getBean(AbstractBeanFactory.java:208)
	at org.springframework.beans.factory.config.DependencyDescriptor.resolveCandidate(DependencyDescriptor.java:276)
	at org.springframework.beans.factory.support.DefaultListableBeanFactory.addCandidateEntry(DefaultListableBeanFactory.java:1616)
	at org.springframework.beans.factory.support.DefaultListableBeanFactory.findAutowireCandidates(DefaultListableBeanFactory.java:1573)
	at org.springframework.beans.factory.support.DefaultListableBeanFactory.resolveMultipleBeans(DefaultListableBeanFactory.java:1417)
	at org.springframework.beans.factory.support.DefaultListableBeanFactory.doResolveDependency(DefaultListableBeanFactory.java:1349)
	at org.springframework.beans.factory.support.DefaultListableBeanFactory$DependencyObjectProvider.resolveStream(DefaultListableBeanFactory.java:2119)
	at org.springframework.beans.factory.support.DefaultListableBeanFactory$DependencyObjectProvider.orderedStream(DefaultListableBeanFactory.java:2113)
	at org.springframework.boot.actuate.autoconfigure.metrics.MeterRegistryConfigurer.addBinders(MeterRegistryConfigurer.java:87)
	at org.springframework.boot.actuate.autoconfigure.metrics.MeterRegistryConfigurer.configure(MeterRegistryConfigurer.java:68)
	at org.springframework.boot.actuate.autoconfigure.metrics.MeterRegistryPostProcessor.postProcessAfterInitialization(MeterRegistryPostProcessor.java:64)
	at org.springframework.beans.factory.support.AbstractAutowireCapableBeanFactory.applyBeanPostProcessorsAfterInitialization(AbstractAutowireCapableBeanFactory.java:455)
	at org.springframework.beans.factory.support.AbstractAutowireCapableBeanFactory.initializeBean(AbstractAutowireCapableBeanFactory.java:1808)
	at org.springframework.beans.factory.support.AbstractAutowireCapableBeanFactory.doCreateBean(AbstractAutowireCapableBeanFactory.java:620)
	... 41 common frames omitted
Caused by: org.springframework.beans.factory.BeanCreationException: Error creating bean with name 'dataSource' defined in class path resource [com/baomidou/dynamic/datasource/spring/boot/autoconfigure/DynamicDataSourceAutoConfiguration.class]: Invocation of init method failed; nested exception is com.zaxxer.hikari.pool.HikariPool$PoolInitializationException: Failed to initialize pool: Could not create connection to database server. Attempted reconnect 3 times. Giving up.
	at org.springframework.beans.factory.support.AbstractAutowireCapableBeanFactory.initializeBean(AbstractAutowireCapableBeanFactory.java:1804)
	at org.springframework.beans.factory.support.AbstractAutowireCapableBeanFactory.doCreateBean(AbstractAutowireCapableBeanFactory.java:620)
	at org.springframework.beans.factory.support.AbstractAutowireCapableBeanFactory.createBean(AbstractAutowireCapableBeanFactory.java:542)
	at org.springframework.beans.factory.support.AbstractBeanFactory.lambda$doGetBean$0(AbstractBeanFactory.java:335)
	at org.springframework.beans.factory.support.DefaultSingletonBeanRegistry.getSingleton(DefaultSingletonBeanRegistry.java:234)
	at org.springframework.beans.factory.support.AbstractBeanFactory.doGetBean(AbstractBeanFactory.java:333)
	at org.springframework.beans.factory.support.AbstractBeanFactory.getBean(AbstractBeanFactory.java:208)
	at org.springframework.beans.factory.config.DependencyDescriptor.resolveCandidate(DependencyDescriptor.java:276)
	at org.springframework.beans.factory.support.DefaultListableBeanFactory.addCandidateEntry(DefaultListableBeanFactory.java:1609)
	at org.springframework.beans.factory.support.DefaultListableBeanFactory.findAutowireCandidates(DefaultListableBeanFactory.java:1573)
	at org.springframework.beans.factory.support.DefaultListableBeanFactory.resolveMultipleBeans(DefaultListableBeanFactory.java:1492)
	at org.springframework.beans.factory.support.DefaultListableBeanFactory.doResolveDependency(DefaultListableBeanFactory.java:1349)
	at org.springframework.beans.factory.support.DefaultListableBeanFactory.resolveDependency(DefaultListableBeanFactory.java:1311)
	at org.springframework.beans.factory.support.ConstructorResolver.resolveAutowiredArgument(ConstructorResolver.java:911)
	at org.springframework.beans.factory.support.ConstructorResolver.createArgumentArray(ConstructorResolver.java:788)
	... 63 common frames omitted
Caused by: com.zaxxer.hikari.pool.HikariPool$PoolInitializationException: Failed to initialize pool: Could not create connection to database server. Attempted reconnect 3 times. Giving up.
	at com.zaxxer.hikari.pool.HikariPool.throwPoolInitializationException(HikariPool.java:596)
	at com.zaxxer.hikari.pool.HikariPool.checkFailFast(HikariPool.java:582)
	at com.zaxxer.hikari.pool.HikariPool.<init>(HikariPool.java:115)
	at com.zaxxer.hikari.HikariDataSource.<init>(HikariDataSource.java:81)
	at com.baomidou.dynamic.datasource.creator.HikariDataSourceCreator.doCreateDataSource(HikariDataSourceCreator.java:82)
	at com.baomidou.dynamic.datasource.creator.AbstractDataSourceCreator.createDataSource(AbstractDataSourceCreator.java:70)
	at com.baomidou.dynamic.datasource.creator.DefaultDataSourceCreator.createDataSource(DefaultDataSourceCreator.java:48)
	at com.baomidou.dynamic.datasource.provider.AbstractDataSourceProvider.createDataSourceMap(AbstractDataSourceProvider.java:47)
	at com.baomidou.dynamic.datasource.provider.YmlDynamicDataSourceProvider.loadDataSources(YmlDynamicDataSourceProvider.java:42)
	at com.baomidou.dynamic.datasource.DynamicRoutingDataSource.afterPropertiesSet(DynamicRoutingDataSource.java:225)
	at org.springframework.beans.factory.support.AbstractAutowireCapableBeanFactory.invokeInitMethods(AbstractAutowireCapableBeanFactory.java:1863)
	at org.springframework.beans.factory.support.AbstractAutowireCapableBeanFactory.initializeBean(AbstractAutowireCapableBeanFactory.java:1800)
	... 77 common frames omitted
Caused by: java.sql.SQLNonTransientConnectionException: Could not create connection to database server. Attempted reconnect 3 times. Giving up.
	at com.mysql.cj.jdbc.exceptions.SQLError.createSQLException(SQLError.java:111)
	at com.mysql.cj.jdbc.exceptions.SQLError.createSQLException(SQLError.java:98)
	at com.mysql.cj.jdbc.exceptions.SQLError.createSQLException(SQLError.java:90)
	at com.mysql.cj.jdbc.exceptions.SQLError.createSQLException(SQLError.java:64)
	at com.mysql.cj.jdbc.exceptions.SQLError.createSQLException(SQLError.java:74)
	at com.mysql.cj.jdbc.ConnectionImpl.connectWithRetries(ConnectionImpl.java:895)
	at com.mysql.cj.jdbc.ConnectionImpl.createNewIO(ConnectionImpl.java:820)
	at com.mysql.cj.jdbc.ConnectionImpl.<init>(ConnectionImpl.java:446)
	at com.mysql.cj.jdbc.ConnectionImpl.getInstance(ConnectionImpl.java:239)
	at com.mysql.cj.jdbc.NonRegisteringDriver.connect(NonRegisteringDriver.java:188)
	at com.zaxxer.hikari.util.DriverDataSource.getConnection(DriverDataSource.java:138)
	at com.zaxxer.hikari.pool.PoolBase.newConnection(PoolBase.java:364)
	at com.zaxxer.hikari.pool.PoolBase.newPoolEntry(PoolBase.java:206)
	at com.zaxxer.hikari.pool.HikariPool.createPoolEntry(HikariPool.java:476)
	at com.zaxxer.hikari.pool.HikariPool.checkFailFast(HikariPool.java:561)
	... 87 common frames omitted
Caused by: com.mysql.cj.exceptions.CJCommunicationsException: Communications link failure

The last packet sent successfully to the server was 0 milliseconds ago. The driver has not received any packets from the server.
	at sun.reflect.NativeConstructorAccessorImpl.newInstance0(Native Method)
	at sun.reflect.NativeConstructorAccessorImpl.newInstance(NativeConstructorAccessorImpl.java:62)
	at sun.reflect.DelegatingConstructorAccessorImpl.newInstance(DelegatingConstructorAccessorImpl.java:45)
	at java.lang.reflect.Constructor.newInstance(Constructor.java:423)
	at com.mysql.cj.exceptions.ExceptionFactory.createException(ExceptionFactory.java:62)
	at com.mysql.cj.exceptions.ExceptionFactory.createException(ExceptionFactory.java:105)
	at com.mysql.cj.exceptions.ExceptionFactory.createException(ExceptionFactory.java:150)
	at com.mysql.cj.exceptions.ExceptionFactory.createCommunicationsException(ExceptionFactory.java:166)
	at com.mysql.cj.protocol.a.NativeProtocol.readMessage(NativeProtocol.java:582)
	at com.mysql.cj.protocol.a.NativeProtocol.readServerCapabilities(NativeProtocol.java:537)
	at com.mysql.cj.protocol.a.NativeProtocol.beforeHandshake(NativeProtocol.java:424)
	at com.mysql.cj.protocol.a.NativeProtocol.connect(NativeProtocol.java:1428)
	at com.mysql.cj.NativeSession.connect(NativeSession.java:134)
	at com.mysql.cj.jdbc.ConnectionImpl.connectWithRetries(ConnectionImpl.java:839)
	... 96 common frames omitted
Caused by: java.net.SocketTimeoutException: Read timed out
	at java.net.SocketInputStream.socketRead0(Native Method)
	at java.net.SocketInputStream.socketRead(SocketInputStream.java:116)
	at java.net.SocketInputStream.read(SocketInputStream.java:171)
	at java.net.SocketInputStream.read(SocketInputStream.java:141)
	at com.mysql.cj.protocol.ReadAheadInputStream.fill(ReadAheadInputStream.java:107)
	at com.mysql.cj.protocol.ReadAheadInputStream.readFromUnderlyingStreamIfNecessary(ReadAheadInputStream.java:150)
	at com.mysql.cj.protocol.ReadAheadInputStream.read(ReadAheadInputStream.java:180)
	at java.io.FilterInputStream.read(FilterInputStream.java:133)
	at com.mysql.cj.protocol.FullReadInputStream.readFully(FullReadInputStream.java:64)
	at com.mysql.cj.protocol.a.SimplePacketReader.readHeaderLocal(SimplePacketReader.java:81)
	at com.mysql.cj.protocol.a.SimplePacketReader.readHeader(SimplePacketReader.java:63)
	at com.mysql.cj.protocol.a.SimplePacketReader.readHeader(SimplePacketReader.java:45)
	at com.mysql.cj.protocol.a.NativeProtocol.readMessage(NativeProtocol.java:576)
	... 101 common frames omitted
2025-10-20 15:38:18 [XNIO-1 task-1] ERROR c.r.f.w.e.GlobalExceptionHandler - 请求参数类型不匹配'/business/arbiterMapLegend/queryArbiterMapLegendList',发生系统异常.
2025-10-20 15:38:18 [XNIO-1 task-2] ERROR c.r.f.w.e.GlobalExceptionHandler - 请求参数类型不匹配'/business/arbiterMap/undefined',发生系统异常.
2025-10-20 15:38:53 [XNIO-1 task-2] ERROR c.r.f.w.e.GlobalExceptionHandler - 请求地址'/business/arbiterMapLegend/list', Mybatis系统异常
org.mybatis.spring.MyBatisSystemException: nested exception is org.apache.ibatis.exceptions.PersistenceException: 
### Error querying database.  Cause: org.springframework.jdbc.CannotGetJdbcConnectionException: Failed to obtain JDBC Connection; nested exception is java.sql.SQLTransientConnectionException: master - Connection is not available, request timed out after 30004ms.
### The error may exist in com/ruoyi/business/mapper/BizArbiterMapLegendMapper.java (best guess)
### The error may involve com.ruoyi.business.mapper.BizArbiterMapLegendMapper.selectList_mpCount
### The error occurred while executing a query
### Cause: org.springframework.jdbc.CannotGetJdbcConnectionException: Failed to obtain JDBC Connection; nested exception is java.sql.SQLTransientConnectionException: master - Connection is not available, request timed out after 30004ms.
	at org.mybatis.spring.MyBatisExceptionTranslator.translateExceptionIfPossible(MyBatisExceptionTranslator.java:97)
	at org.mybatis.spring.SqlSessionTemplate$SqlSessionInterceptor.invoke(SqlSessionTemplate.java:439)
	at com.sun.proxy.$Proxy136.selectList(Unknown Source)
	at org.mybatis.spring.SqlSessionTemplate.selectList(SqlSessionTemplate.java:224)
	at com.baomidou.mybatisplus.core.override.MybatisMapperMethod.executeForMany(MybatisMapperMethod.java:166)
	at com.baomidou.mybatisplus.core.override.MybatisMapperMethod.execute(MybatisMapperMethod.java:77)
	at com.baomidou.mybatisplus.core.override.MybatisMapperProxy$PlainMethodInvoker.invoke(MybatisMapperProxy.java:152)
	at com.baomidou.mybatisplus.core.override.MybatisMapperProxy.invoke(MybatisMapperProxy.java:89)
	at com.sun.proxy.$Proxy201.selectList(Unknown Source)
	at com.ruoyi.common.core.mapper.BaseMapperPlus.selectVoPage(BaseMapperPlus.java:183)
	at java.lang.invoke.MethodHandle.invokeWithArguments(MethodHandle.java:627)
	at com.baomidou.mybatisplus.core.override.MybatisMapperProxy$DefaultMethodInvoker.invoke(MybatisMapperProxy.java:166)
	at com.baomidou.mybatisplus.core.override.MybatisMapperProxy.invoke(MybatisMapperProxy.java:89)
	at com.sun.proxy.$Proxy201.selectVoPage(Unknown Source)
	at com.ruoyi.common.core.mapper.BaseMapperPlus.selectVoPage(BaseMapperPlus.java:176)
	at java.lang.invoke.MethodHandle.invokeWithArguments(MethodHandle.java:627)
	at com.baomidou.mybatisplus.core.override.MybatisMapperProxy$DefaultMethodInvoker.invoke(MybatisMapperProxy.java:166)
	at com.baomidou.mybatisplus.core.override.MybatisMapperProxy.invoke(MybatisMapperProxy.java:89)
	at com.sun.proxy.$Proxy201.selectVoPage(Unknown Source)
	at com.ruoyi.business.service.impl.BizArbiterMapLegendServiceImpl.queryPageList(BizArbiterMapLegendServiceImpl.java:48)
	at com.ruoyi.business.controller.BizArbiterMapLegendController.list(BizArbiterMapLegendController.java:48)
	at com.ruoyi.business.controller.BizArbiterMapLegendController$$FastClassBySpringCGLIB$$471b040c.invoke(<generated>)
	at org.springframework.cglib.proxy.MethodProxy.invoke(MethodProxy.java:218)
	at org.springframework.aop.framework.CglibAopProxy$CglibMethodInvocation.invokeJoinpoint(CglibAopProxy.java:792)
	at org.springframework.aop.framework.ReflectiveMethodInvocation.proceed(ReflectiveMethodInvocation.java:163)
	at org.springframework.aop.framework.CglibAopProxy$CglibMethodInvocation.proceed(CglibAopProxy.java:762)
	at org.springframework.validation.beanvalidation.MethodValidationInterceptor.invoke(MethodValidationInterceptor.java:123)
	at org.springframework.aop.framework.ReflectiveMethodInvocation.proceed(ReflectiveMethodInvocation.java:186)
	at org.springframework.aop.framework.CglibAopProxy$CglibMethodInvocation.proceed(CglibAopProxy.java:762)
	at org.springframework.aop.interceptor.ExposeInvocationInterceptor.invoke(ExposeInvocationInterceptor.java:97)
	at org.springframework.aop.framework.ReflectiveMethodInvocation.proceed(ReflectiveMethodInvocation.java:186)
	at org.springframework.aop.framework.CglibAopProxy$CglibMethodInvocation.proceed(CglibAopProxy.java:762)
	at org.springframework.aop.framework.CglibAopProxy$DynamicAdvisedInterceptor.intercept(CglibAopProxy.java:707)
	at com.ruoyi.business.controller.BizArbiterMapLegendController$$EnhancerBySpringCGLIB$$934e54d7.list(<generated>)
	at sun.reflect.NativeMethodAccessorImpl.invoke0(Native Method)
	at sun.reflect.NativeMethodAccessorImpl.invoke(NativeMethodAccessorImpl.java:62)
	at sun.reflect.DelegatingMethodAccessorImpl.invoke(DelegatingMethodAccessorImpl.java:43)
	at java.lang.reflect.Method.invoke(Method.java:498)
	at org.springframework.web.method.support.InvocableHandlerMethod.doInvoke(InvocableHandlerMethod.java:205)
	at org.springframework.web.method.support.InvocableHandlerMethod.invokeForRequest(InvocableHandlerMethod.java:150)
	at org.springframework.web.servlet.mvc.method.annotation.ServletInvocableHandlerMethod.invokeAndHandle(ServletInvocableHandlerMethod.java:117)
	at org.springframework.web.servlet.mvc.method.annotation.RequestMappingHandlerAdapter.invokeHandlerMethod(RequestMappingHandlerAdapter.java:895)
	at org.springframework.web.servlet.mvc.method.annotation.RequestMappingHandlerAdapter.handleInternal(RequestMappingHandlerAdapter.java:808)
	at org.springframework.web.servlet.mvc.method.AbstractHandlerMethodAdapter.handle(AbstractHandlerMethodAdapter.java:87)
	at org.springframework.web.servlet.DispatcherServlet.doDispatch(DispatcherServlet.java:1072)
	at org.springframework.web.servlet.DispatcherServlet.doService(DispatcherServlet.java:965)
	at org.springframework.web.servlet.FrameworkServlet.processRequest(FrameworkServlet.java:1006)
	at org.springframework.web.servlet.FrameworkServlet.doGet(FrameworkServlet.java:898)
	at javax.servlet.http.HttpServlet.service(HttpServlet.java:497)
	at org.springframework.web.servlet.FrameworkServlet.service(FrameworkServlet.java:883)
	at javax.servlet.http.HttpServlet.service(HttpServlet.java:584)
	at io.undertow.servlet.handlers.ServletHandler.handleRequest(ServletHandler.java:74)
	at io.undertow.servlet.handlers.FilterHandler$FilterChainImpl.doFilter(FilterHandler.java:129)
	at org.springframework.web.filter.CorsFilter.doFilterInternal(CorsFilter.java:91)
	at org.springframework.web.filter.OncePerRequestFilter.doFilter(OncePerRequestFilter.java:117)
	at io.undertow.servlet.core.ManagedFilter.doFilter(ManagedFilter.java:67)
	at io.undertow.servlet.handlers.FilterHandler$FilterChainImpl.doFilter(FilterHandler.java:131)
	at com.ruoyi.common.filter.RepeatableFilter.doFilter(RepeatableFilter.java:30)
	at io.undertow.servlet.core.ManagedFilter.doFilter(ManagedFilter.java:67)
	at io.undertow.servlet.handlers.FilterHandler$FilterChainImpl.doFilter(FilterHandler.java:131)
	at org.springframework.web.filter.RequestContextFilter.doFilterInternal(RequestContextFilter.java:100)
	at org.springframework.web.filter.OncePerRequestFilter.doFilter(OncePerRequestFilter.java:117)
	at io.undertow.servlet.core.ManagedFilter.doFilter(ManagedFilter.java:67)
	at io.undertow.servlet.handlers.FilterHandler$FilterChainImpl.doFilter(FilterHandler.java:131)
	at cn.dev33.satoken.filter.SaPathCheckFilterForServlet.doFilter(SaPathCheckFilterForServlet.java:55)
	at io.undertow.servlet.core.ManagedFilter.doFilter(ManagedFilter.java:67)
	at io.undertow.servlet.handlers.FilterHandler$FilterChainImpl.doFilter(FilterHandler.java:131)
	at org.springframework.web.filter.FormContentFilter.doFilterInternal(FormContentFilter.java:93)
	at org.springframework.web.filter.OncePerRequestFilter.doFilter(OncePerRequestFilter.java:117)
	at io.undertow.servlet.core.ManagedFilter.doFilter(ManagedFilter.java:67)
	at io.undertow.servlet.handlers.FilterHandler$FilterChainImpl.doFilter(FilterHandler.java:131)
	at org.springframework.boot.actuate.metrics.web.servlet.WebMvcMetricsFilter.doFilterInternal(WebMvcMetricsFilter.java:96)
	at org.springframework.web.filter.OncePerRequestFilter.doFilter(OncePerRequestFilter.java:117)
	at io.undertow.servlet.core.ManagedFilter.doFilter(ManagedFilter.java:67)
	at io.undertow.servlet.handlers.FilterHandler$FilterChainImpl.doFilter(FilterHandler.java:131)
	at org.springframework.web.filter.CharacterEncodingFilter.doFilterInternal(CharacterEncodingFilter.java:201)
	at org.springframework.web.filter.OncePerRequestFilter.doFilter(OncePerRequestFilter.java:117)
	at io.undertow.servlet.core.ManagedFilter.doFilter(ManagedFilter.java:67)
	at io.undertow.servlet.handlers.FilterHandler$FilterChainImpl.doFilter(FilterHandler.java:131)
	at io.undertow.servlet.handlers.FilterHandler.handleRequest(FilterHandler.java:84)
	at io.undertow.servlet.handlers.security.ServletSecurityRoleHandler.handleRequest(ServletSecurityRoleHandler.java:62)
	at io.undertow.servlet.handlers.ServletChain$1.handleRequest(ServletChain.java:68)
	at io.undertow.servlet.handlers.ServletDispatchingHandler.handleRequest(ServletDispatchingHandler.java:36)
	at io.undertow.servlet.handlers.RedirectDirHandler.handleRequest(RedirectDirHandler.java:68)
	at io.undertow.servlet.handlers.security.SSLInformationAssociationHandler.handleRequest(SSLInformationAssociationHandler.java:117)
	at io.undertow.servlet.handlers.security.ServletAuthenticationCallHandler.handleRequest(ServletAuthenticationCallHandler.java:57)
	at io.undertow.server.handlers.PredicateHandler.handleRequest(PredicateHandler.java:43)
	at io.undertow.security.handlers.AbstractConfidentialityHandler.handleRequest(AbstractConfidentialityHandler.java:46)
	at io.undertow.servlet.handlers.security.ServletConfidentialityConstraintHandler.handleRequest(ServletConfidentialityConstraintHandler.java:64)
	at io.undertow.security.handlers.AuthenticationMechanismsHandler.handleRequest(AuthenticationMechanismsHandler.java:60)
	at io.undertow.servlet.handlers.security.CachedAuthenticatedSessionHandler.handleRequest(CachedAuthenticatedSessionHandler.java:77)
	at io.undertow.security.handlers.AbstractSecurityContextAssociationHandler.handleRequest(AbstractSecurityContextAssociationHandler.java:43)
	at io.undertow.server.handlers.PredicateHandler.handleRequest(PredicateHandler.java:43)
	at io.undertow.servlet.handlers.SendErrorPageHandler.handleRequest(SendErrorPageHandler.java:52)
	at io.undertow.server.handlers.PredicateHandler.handleRequest(PredicateHandler.java:43)
	at io.undertow.servlet.handlers.ServletInitialHandler.handleFirstRequest(ServletInitialHandler.java:275)
	at io.undertow.servlet.handlers.ServletInitialHandler.access$100(ServletInitialHandler.java:79)
	at io.undertow.servlet.handlers.ServletInitialHandler$2.call(ServletInitialHandler.java:134)
	at io.undertow.servlet.handlers.ServletInitialHandler$2.call(ServletInitialHandler.java:131)
	at io.undertow.servlet.core.ServletRequestContextThreadSetupAction$1.call(ServletRequestContextThreadSetupAction.java:48)
	at io.undertow.servlet.core.ContextClassLoaderSetupAction$1.call(ContextClassLoaderSetupAction.java:43)
	at io.undertow.servlet.handlers.ServletInitialHandler.dispatchRequest(ServletInitialHandler.java:255)
	at io.undertow.servlet.handlers.ServletInitialHandler.access$000(ServletInitialHandler.java:79)
	at io.undertow.servlet.handlers.ServletInitialHandler$1.handleRequest(ServletInitialHandler.java:100)
	at io.undertow.server.Connectors.executeRootHandler(Connectors.java:393)
	at io.undertow.server.HttpServerExchange$1.run(HttpServerExchange.java:852)
	at org.jboss.threads.ContextClassLoaderSavingRunnable.run(ContextClassLoaderSavingRunnable.java:35)
	at org.jboss.threads.EnhancedQueueExecutor.safeRun(EnhancedQueueExecutor.java:2019)
	at org.jboss.threads.EnhancedQueueExecutor$ThreadBody.doRunTask(EnhancedQueueExecutor.java:1558)
	at org.jboss.threads.EnhancedQueueExecutor$ThreadBody.run(EnhancedQueueExecutor.java:1449)
	at org.xnio.XnioWorker$WorkerThreadFactory$1$1.run(XnioWorker.java:1282)
	at java.lang.Thread.run(Thread.java:750)
Caused by: org.apache.ibatis.exceptions.PersistenceException: 
### Error querying database.  Cause: org.springframework.jdbc.CannotGetJdbcConnectionException: Failed to obtain JDBC Connection; nested exception is java.sql.SQLTransientConnectionException: master - Connection is not available, request timed out after 30004ms.
### The error may exist in com/ruoyi/business/mapper/BizArbiterMapLegendMapper.java (best guess)
### The error may involve com.ruoyi.business.mapper.BizArbiterMapLegendMapper.selectList_mpCount
### The error occurred while executing a query
### Cause: org.springframework.jdbc.CannotGetJdbcConnectionException: Failed to obtain JDBC Connection; nested exception is java.sql.SQLTransientConnectionException: master - Connection is not available, request timed out after 30004ms.
	at org.apache.ibatis.exceptions.ExceptionFactory.wrapException(ExceptionFactory.java:30)
	at org.apache.ibatis.session.defaults.DefaultSqlSession.selectList(DefaultSqlSession.java:156)
	at org.apache.ibatis.session.defaults.DefaultSqlSession.selectList(DefaultSqlSession.java:147)
	at org.apache.ibatis.session.defaults.DefaultSqlSession.selectList(DefaultSqlSession.java:142)
	at sun.reflect.NativeMethodAccessorImpl.invoke0(Native Method)
	at sun.reflect.NativeMethodAccessorImpl.invoke(NativeMethodAccessorImpl.java:62)
	at sun.reflect.DelegatingMethodAccessorImpl.invoke(DelegatingMethodAccessorImpl.java:43)
	at java.lang.reflect.Method.invoke(Method.java:498)
	at org.mybatis.spring.SqlSessionTemplate$SqlSessionInterceptor.invoke(SqlSessionTemplate.java:425)
	... 110 common frames omitted
Caused by: org.springframework.jdbc.CannotGetJdbcConnectionException: Failed to obtain JDBC Connection; nested exception is java.sql.SQLTransientConnectionException: master - Connection is not available, request timed out after 30004ms.
	at org.springframework.jdbc.datasource.DataSourceUtils.getConnection(DataSourceUtils.java:84)
	at org.mybatis.spring.transaction.SpringManagedTransaction.openConnection(SpringManagedTransaction.java:80)
	at org.mybatis.spring.transaction.SpringManagedTransaction.getConnection(SpringManagedTransaction.java:67)
	at org.apache.ibatis.executor.BaseExecutor.getConnection(BaseExecutor.java:345)
	at org.apache.ibatis.executor.SimpleExecutor.prepareStatement(SimpleExecutor.java:89)
	at org.apache.ibatis.executor.SimpleExecutor.doQuery(SimpleExecutor.java:64)
	at org.apache.ibatis.executor.BaseExecutor.queryFromDatabase(BaseExecutor.java:333)
	at org.apache.ibatis.executor.BaseExecutor.query(BaseExecutor.java:158)
	at org.apache.ibatis.executor.CachingExecutor.query(CachingExecutor.java:110)
	at com.baomidou.mybatisplus.extension.plugins.inner.PaginationInnerInterceptor.willDoQuery(PaginationInnerInterceptor.java:135)
	at com.baomidou.mybatisplus.extension.plugins.MybatisPlusInterceptor.intercept(MybatisPlusInterceptor.java:75)
	at org.apache.ibatis.plugin.Plugin.invoke(Plugin.java:59)
	at com.sun.proxy.$Proxy323.query(Unknown Source)
	at org.apache.ibatis.session.defaults.DefaultSqlSession.selectList(DefaultSqlSession.java:154)
	... 117 common frames omitted
Caused by: java.sql.SQLTransientConnectionException: master - Connection is not available, request timed out after 30004ms.
	at com.zaxxer.hikari.pool.HikariPool.createTimeoutException(HikariPool.java:696)
	at com.zaxxer.hikari.pool.HikariPool.getConnection(HikariPool.java:197)
	at com.zaxxer.hikari.pool.HikariPool.getConnection(HikariPool.java:162)
	at com.zaxxer.hikari.HikariDataSource.getConnection(HikariDataSource.java:100)
	at com.p6spy.engine.spy.P6DataSource.getConnection(P6DataSource.java:300)
	at com.baomidou.dynamic.datasource.ds.ItemDataSource.getConnection(ItemDataSource.java:56)
	at com.baomidou.dynamic.datasource.ds.AbstractRoutingDataSource.getConnection(AbstractRoutingDataSource.java:55)
	at org.springframework.jdbc.datasource.DataSourceUtils.fetchConnection(DataSourceUtils.java:160)
	at org.springframework.jdbc.datasource.DataSourceUtils.doGetConnection(DataSourceUtils.java:118)
	at org.springframework.jdbc.datasource.DataSourceUtils.getConnection(DataSourceUtils.java:81)
	... 130 common frames omitted
Caused by: java.sql.SQLNonTransientConnectionException: Could not create connection to database server. Attempted reconnect 3 times. Giving up.
	at com.mysql.cj.jdbc.exceptions.SQLError.createSQLException(SQLError.java:111)
	at com.mysql.cj.jdbc.exceptions.SQLError.createSQLException(SQLError.java:98)
	at com.mysql.cj.jdbc.exceptions.SQLError.createSQLException(SQLError.java:90)
	at com.mysql.cj.jdbc.exceptions.SQLError.createSQLException(SQLError.java:64)
	at com.mysql.cj.jdbc.exceptions.SQLError.createSQLException(SQLError.java:74)
	at com.mysql.cj.jdbc.ConnectionImpl.connectWithRetries(ConnectionImpl.java:895)
	at com.mysql.cj.jdbc.ConnectionImpl.createNewIO(ConnectionImpl.java:820)
	at com.mysql.cj.jdbc.ConnectionImpl.<init>(ConnectionImpl.java:446)
	at com.mysql.cj.jdbc.ConnectionImpl.getInstance(ConnectionImpl.java:239)
	at com.mysql.cj.jdbc.NonRegisteringDriver.connect(NonRegisteringDriver.java:188)
	at com.zaxxer.hikari.util.DriverDataSource.getConnection(DriverDataSource.java:138)
	at com.zaxxer.hikari.pool.PoolBase.newConnection(PoolBase.java:364)
	at com.zaxxer.hikari.pool.PoolBase.newPoolEntry(PoolBase.java:206)
	at com.zaxxer.hikari.pool.HikariPool.createPoolEntry(HikariPool.java:476)
	at com.zaxxer.hikari.pool.HikariPool.access$100(HikariPool.java:71)
	at com.zaxxer.hikari.pool.HikariPool$PoolEntryCreator.call(HikariPool.java:726)
	at com.zaxxer.hikari.pool.HikariPool$PoolEntryCreator.call(HikariPool.java:712)
	at java.util.concurrent.FutureTask.run(FutureTask.java:266)
	at java.util.concurrent.ThreadPoolExecutor.runWorker(ThreadPoolExecutor.java:1149)
	at java.util.concurrent.ThreadPoolExecutor$Worker.run(ThreadPoolExecutor.java:624)
	... 1 common frames omitted
Caused by: com.mysql.cj.exceptions.CJCommunicationsException: Communications link failure

The last packet sent successfully to the server was 0 milliseconds ago. The driver has not received any packets from the server.
	at sun.reflect.NativeConstructorAccessorImpl.newInstance0(Native Method)
	at sun.reflect.NativeConstructorAccessorImpl.newInstance(NativeConstructorAccessorImpl.java:62)
	at sun.reflect.DelegatingConstructorAccessorImpl.newInstance(DelegatingConstructorAccessorImpl.java:45)
	at java.lang.reflect.Constructor.newInstance(Constructor.java:423)
	at com.mysql.cj.exceptions.ExceptionFactory.createException(ExceptionFactory.java:62)
	at com.mysql.cj.exceptions.ExceptionFactory.createException(ExceptionFactory.java:105)
	at com.mysql.cj.exceptions.ExceptionFactory.createException(ExceptionFactory.java:150)
	at com.mysql.cj.exceptions.ExceptionFactory.createCommunicationsException(ExceptionFactory.java:166)
	at com.mysql.cj.protocol.a.NativeProtocol.readMessage(NativeProtocol.java:582)
	at com.mysql.cj.protocol.a.NativeProtocol.readServerCapabilities(NativeProtocol.java:537)
	at com.mysql.cj.protocol.a.NativeProtocol.beforeHandshake(NativeProtocol.java:424)
	at com.mysql.cj.protocol.a.NativeProtocol.connect(NativeProtocol.java:1428)
	at com.mysql.cj.NativeSession.connect(NativeSession.java:134)
	at com.mysql.cj.jdbc.ConnectionImpl.connectWithRetries(ConnectionImpl.java:839)
	... 15 common frames omitted
Caused by: java.io.EOFException: Can not read response from server. Expected to read 4 bytes, read 0 bytes before connection was unexpectedly lost.
	at com.mysql.cj.protocol.FullReadInputStream.readFully(FullReadInputStream.java:67)
	at com.mysql.cj.protocol.a.SimplePacketReader.readHeaderLocal(SimplePacketReader.java:81)
	at com.mysql.cj.protocol.a.SimplePacketReader.readHeader(SimplePacketReader.java:63)
	at com.mysql.cj.protocol.a.SimplePacketReader.readHeader(SimplePacketReader.java:45)
	at com.mysql.cj.protocol.a.NativeProtocol.readMessage(NativeProtocol.java:576)
	... 20 common frames omitted
2025-10-20 15:38:57 [XNIO-1 task-1] ERROR c.r.f.w.e.GlobalExceptionHandler - 请求地址'/business/arbiterMapRiver/list', Mybatis系统异常
org.mybatis.spring.MyBatisSystemException: nested exception is org.apache.ibatis.exceptions.PersistenceException: 
### Error querying database.  Cause: org.springframework.jdbc.CannotGetJdbcConnectionException: Failed to obtain JDBC Connection; nested exception is java.sql.SQLTransientConnectionException: master - Connection is not available, request timed out after 30006ms.
### The error may exist in com/ruoyi/business/mapper/BizArbiterMapRiverMapper.java (best guess)
### The error may involve com.ruoyi.business.mapper.BizArbiterMapRiverMapper.selectList_mpCount
### The error occurred while executing a query
### Cause: org.springframework.jdbc.CannotGetJdbcConnectionException: Failed to obtain JDBC Connection; nested exception is java.sql.SQLTransientConnectionException: master - Connection is not available, request timed out after 30006ms.
	at org.mybatis.spring.MyBatisExceptionTranslator.translateExceptionIfPossible(MyBatisExceptionTranslator.java:97)
	at org.mybatis.spring.SqlSessionTemplate$SqlSessionInterceptor.invoke(SqlSessionTemplate.java:439)
	at com.sun.proxy.$Proxy136.selectList(Unknown Source)
	at org.mybatis.spring.SqlSessionTemplate.selectList(SqlSessionTemplate.java:224)
	at com.baomidou.mybatisplus.core.override.MybatisMapperMethod.executeForMany(MybatisMapperMethod.java:166)
	at com.baomidou.mybatisplus.core.override.MybatisMapperMethod.execute(MybatisMapperMethod.java:77)
	at com.baomidou.mybatisplus.core.override.MybatisMapperProxy$PlainMethodInvoker.invoke(MybatisMapperProxy.java:152)
	at com.baomidou.mybatisplus.core.override.MybatisMapperProxy.invoke(MybatisMapperProxy.java:89)
	at com.sun.proxy.$Proxy223.selectList(Unknown Source)
	at com.ruoyi.common.core.mapper.BaseMapperPlus.selectVoPage(BaseMapperPlus.java:183)
	at java.lang.invoke.MethodHandle.invokeWithArguments(MethodHandle.java:627)
	at com.baomidou.mybatisplus.core.override.MybatisMapperProxy$DefaultMethodInvoker.invoke(MybatisMapperProxy.java:166)
	at com.baomidou.mybatisplus.core.override.MybatisMapperProxy.invoke(MybatisMapperProxy.java:89)
	at com.sun.proxy.$Proxy223.selectVoPage(Unknown Source)
	at com.ruoyi.common.core.mapper.BaseMapperPlus.selectVoPage(BaseMapperPlus.java:176)
	at java.lang.invoke.MethodHandle.invokeWithArguments(MethodHandle.java:627)
	at com.baomidou.mybatisplus.core.override.MybatisMapperProxy$DefaultMethodInvoker.invoke(MybatisMapperProxy.java:166)
	at com.baomidou.mybatisplus.core.override.MybatisMapperProxy.invoke(MybatisMapperProxy.java:89)
	at com.sun.proxy.$Proxy223.selectVoPage(Unknown Source)
	at com.ruoyi.business.service.impl.BizArbiterMapRiverServiceImpl.queryPageList(BizArbiterMapRiverServiceImpl.java:48)
	at com.ruoyi.business.controller.BizArbiterMapRiverController.list(BizArbiterMapRiverController.java:48)
	at com.ruoyi.business.controller.BizArbiterMapRiverController$$FastClassBySpringCGLIB$$ba1f51e5.invoke(<generated>)
	at org.springframework.cglib.proxy.MethodProxy.invoke(MethodProxy.java:218)
	at org.springframework.aop.framework.CglibAopProxy$CglibMethodInvocation.invokeJoinpoint(CglibAopProxy.java:792)
	at org.springframework.aop.framework.ReflectiveMethodInvocation.proceed(ReflectiveMethodInvocation.java:163)
	at org.springframework.aop.framework.CglibAopProxy$CglibMethodInvocation.proceed(CglibAopProxy.java:762)
	at org.springframework.validation.beanvalidation.MethodValidationInterceptor.invoke(MethodValidationInterceptor.java:123)
	at org.springframework.aop.framework.ReflectiveMethodInvocation.proceed(ReflectiveMethodInvocation.java:186)
	at org.springframework.aop.framework.CglibAopProxy$CglibMethodInvocation.proceed(CglibAopProxy.java:762)
	at org.springframework.aop.interceptor.ExposeInvocationInterceptor.invoke(ExposeInvocationInterceptor.java:97)
	at org.springframework.aop.framework.ReflectiveMethodInvocation.proceed(ReflectiveMethodInvocation.java:186)
	at org.springframework.aop.framework.CglibAopProxy$CglibMethodInvocation.proceed(CglibAopProxy.java:762)
	at org.springframework.aop.framework.CglibAopProxy$DynamicAdvisedInterceptor.intercept(CglibAopProxy.java:707)
	at com.ruoyi.business.controller.BizArbiterMapRiverController$$EnhancerBySpringCGLIB$$55ca2e02.list(<generated>)
	at sun.reflect.NativeMethodAccessorImpl.invoke0(Native Method)
	at sun.reflect.NativeMethodAccessorImpl.invoke(NativeMethodAccessorImpl.java:62)
	at sun.reflect.DelegatingMethodAccessorImpl.invoke(DelegatingMethodAccessorImpl.java:43)
	at java.lang.reflect.Method.invoke(Method.java:498)
	at org.springframework.web.method.support.InvocableHandlerMethod.doInvoke(InvocableHandlerMethod.java:205)
	at org.springframework.web.method.support.InvocableHandlerMethod.invokeForRequest(InvocableHandlerMethod.java:150)
	at org.springframework.web.servlet.mvc.method.annotation.ServletInvocableHandlerMethod.invokeAndHandle(ServletInvocableHandlerMethod.java:117)
	at org.springframework.web.servlet.mvc.method.annotation.RequestMappingHandlerAdapter.invokeHandlerMethod(RequestMappingHandlerAdapter.java:895)
	at org.springframework.web.servlet.mvc.method.annotation.RequestMappingHandlerAdapter.handleInternal(RequestMappingHandlerAdapter.java:808)
	at org.springframework.web.servlet.mvc.method.AbstractHandlerMethodAdapter.handle(AbstractHandlerMethodAdapter.java:87)
	at org.springframework.web.servlet.DispatcherServlet.doDispatch(DispatcherServlet.java:1072)
	at org.springframework.web.servlet.DispatcherServlet.doService(DispatcherServlet.java:965)
	at org.springframework.web.servlet.FrameworkServlet.processRequest(FrameworkServlet.java:1006)
	at org.springframework.web.servlet.FrameworkServlet.doGet(FrameworkServlet.java:898)
	at javax.servlet.http.HttpServlet.service(HttpServlet.java:497)
	at org.springframework.web.servlet.FrameworkServlet.service(FrameworkServlet.java:883)
	at javax.servlet.http.HttpServlet.service(HttpServlet.java:584)
	at io.undertow.servlet.handlers.ServletHandler.handleRequest(ServletHandler.java:74)
	at io.undertow.servlet.handlers.FilterHandler$FilterChainImpl.doFilter(FilterHandler.java:129)
	at org.springframework.web.filter.CorsFilter.doFilterInternal(CorsFilter.java:91)
	at org.springframework.web.filter.OncePerRequestFilter.doFilter(OncePerRequestFilter.java:117)
	at io.undertow.servlet.core.ManagedFilter.doFilter(ManagedFilter.java:67)
	at io.undertow.servlet.handlers.FilterHandler$FilterChainImpl.doFilter(FilterHandler.java:131)
	at com.ruoyi.common.filter.RepeatableFilter.doFilter(RepeatableFilter.java:30)
	at io.undertow.servlet.core.ManagedFilter.doFilter(ManagedFilter.java:67)
	at io.undertow.servlet.handlers.FilterHandler$FilterChainImpl.doFilter(FilterHandler.java:131)
	at org.springframework.web.filter.RequestContextFilter.doFilterInternal(RequestContextFilter.java:100)
	at org.springframework.web.filter.OncePerRequestFilter.doFilter(OncePerRequestFilter.java:117)
	at io.undertow.servlet.core.ManagedFilter.doFilter(ManagedFilter.java:67)
	at io.undertow.servlet.handlers.FilterHandler$FilterChainImpl.doFilter(FilterHandler.java:131)
	at cn.dev33.satoken.filter.SaPathCheckFilterForServlet.doFilter(SaPathCheckFilterForServlet.java:55)
	at io.undertow.servlet.core.ManagedFilter.doFilter(ManagedFilter.java:67)
	at io.undertow.servlet.handlers.FilterHandler$FilterChainImpl.doFilter(FilterHandler.java:131)
	at org.springframework.web.filter.FormContentFilter.doFilterInternal(FormContentFilter.java:93)
	at org.springframework.web.filter.OncePerRequestFilter.doFilter(OncePerRequestFilter.java:117)
	at io.undertow.servlet.core.ManagedFilter.doFilter(ManagedFilter.java:67)
	at io.undertow.servlet.handlers.FilterHandler$FilterChainImpl.doFilter(FilterHandler.java:131)
	at org.springframework.boot.actuate.metrics.web.servlet.WebMvcMetricsFilter.doFilterInternal(WebMvcMetricsFilter.java:96)
	at org.springframework.web.filter.OncePerRequestFilter.doFilter(OncePerRequestFilter.java:117)
	at io.undertow.servlet.core.ManagedFilter.doFilter(ManagedFilter.java:67)
	at io.undertow.servlet.handlers.FilterHandler$FilterChainImpl.doFilter(FilterHandler.java:131)
	at org.springframework.web.filter.CharacterEncodingFilter.doFilterInternal(CharacterEncodingFilter.java:201)
	at org.springframework.web.filter.OncePerRequestFilter.doFilter(OncePerRequestFilter.java:117)
	at io.undertow.servlet.core.ManagedFilter.doFilter(ManagedFilter.java:67)
	at io.undertow.servlet.handlers.FilterHandler$FilterChainImpl.doFilter(FilterHandler.java:131)
	at io.undertow.servlet.handlers.FilterHandler.handleRequest(FilterHandler.java:84)
	at io.undertow.servlet.handlers.security.ServletSecurityRoleHandler.handleRequest(ServletSecurityRoleHandler.java:62)
	at io.undertow.servlet.handlers.ServletChain$1.handleRequest(ServletChain.java:68)
	at io.undertow.servlet.handlers.ServletDispatchingHandler.handleRequest(ServletDispatchingHandler.java:36)
	at io.undertow.servlet.handlers.RedirectDirHandler.handleRequest(RedirectDirHandler.java:68)
	at io.undertow.servlet.handlers.security.SSLInformationAssociationHandler.handleRequest(SSLInformationAssociationHandler.java:117)
	at io.undertow.servlet.handlers.security.ServletAuthenticationCallHandler.handleRequest(ServletAuthenticationCallHandler.java:57)
	at io.undertow.server.handlers.PredicateHandler.handleRequest(PredicateHandler.java:43)
	at io.undertow.security.handlers.AbstractConfidentialityHandler.handleRequest(AbstractConfidentialityHandler.java:46)
	at io.undertow.servlet.handlers.security.ServletConfidentialityConstraintHandler.handleRequest(ServletConfidentialityConstraintHandler.java:64)
	at io.undertow.security.handlers.AuthenticationMechanismsHandler.handleRequest(AuthenticationMechanismsHandler.java:60)
	at io.undertow.servlet.handlers.security.CachedAuthenticatedSessionHandler.handleRequest(CachedAuthenticatedSessionHandler.java:77)
	at io.undertow.security.handlers.AbstractSecurityContextAssociationHandler.handleRequest(AbstractSecurityContextAssociationHandler.java:43)
	at io.undertow.server.handlers.PredicateHandler.handleRequest(PredicateHandler.java:43)
	at io.undertow.servlet.handlers.SendErrorPageHandler.handleRequest(SendErrorPageHandler.java:52)
	at io.undertow.server.handlers.PredicateHandler.handleRequest(PredicateHandler.java:43)
	at io.undertow.servlet.handlers.ServletInitialHandler.handleFirstRequest(ServletInitialHandler.java:275)
	at io.undertow.servlet.handlers.ServletInitialHandler.access$100(ServletInitialHandler.java:79)
	at io.undertow.servlet.handlers.ServletInitialHandler$2.call(ServletInitialHandler.java:134)
	at io.undertow.servlet.handlers.ServletInitialHandler$2.call(ServletInitialHandler.java:131)
	at io.undertow.servlet.core.ServletRequestContextThreadSetupAction$1.call(ServletRequestContextThreadSetupAction.java:48)
	at io.undertow.servlet.core.ContextClassLoaderSetupAction$1.call(ContextClassLoaderSetupAction.java:43)
	at io.undertow.servlet.handlers.ServletInitialHandler.dispatchRequest(ServletInitialHandler.java:255)
	at io.undertow.servlet.handlers.ServletInitialHandler.access$000(ServletInitialHandler.java:79)
	at io.undertow.servlet.handlers.ServletInitialHandler$1.handleRequest(ServletInitialHandler.java:100)
	at io.undertow.server.Connectors.executeRootHandler(Connectors.java:393)
	at io.undertow.server.HttpServerExchange$1.run(HttpServerExchange.java:852)
	at org.jboss.threads.ContextClassLoaderSavingRunnable.run(ContextClassLoaderSavingRunnable.java:35)
	at org.jboss.threads.EnhancedQueueExecutor.safeRun(EnhancedQueueExecutor.java:2019)
	at org.jboss.threads.EnhancedQueueExecutor$ThreadBody.doRunTask(EnhancedQueueExecutor.java:1558)
	at org.jboss.threads.EnhancedQueueExecutor$ThreadBody.run(EnhancedQueueExecutor.java:1449)
	at org.xnio.XnioWorker$WorkerThreadFactory$1$1.run(XnioWorker.java:1282)
	at java.lang.Thread.run(Thread.java:750)
Caused by: org.apache.ibatis.exceptions.PersistenceException: 
### Error querying database.  Cause: org.springframework.jdbc.CannotGetJdbcConnectionException: Failed to obtain JDBC Connection; nested exception is java.sql.SQLTransientConnectionException: master - Connection is not available, request timed out after 30006ms.
### The error may exist in com/ruoyi/business/mapper/BizArbiterMapRiverMapper.java (best guess)
### The error may involve com.ruoyi.business.mapper.BizArbiterMapRiverMapper.selectList_mpCount
### The error occurred while executing a query
### Cause: org.springframework.jdbc.CannotGetJdbcConnectionException: Failed to obtain JDBC Connection; nested exception is java.sql.SQLTransientConnectionException: master - Connection is not available, request timed out after 30006ms.
	at org.apache.ibatis.exceptions.ExceptionFactory.wrapException(ExceptionFactory.java:30)
	at org.apache.ibatis.session.defaults.DefaultSqlSession.selectList(DefaultSqlSession.java:156)
	at org.apache.ibatis.session.defaults.DefaultSqlSession.selectList(DefaultSqlSession.java:147)
	at org.apache.ibatis.session.defaults.DefaultSqlSession.selectList(DefaultSqlSession.java:142)
	at sun.reflect.NativeMethodAccessorImpl.invoke0(Native Method)
	at sun.reflect.NativeMethodAccessorImpl.invoke(NativeMethodAccessorImpl.java:62)
	at sun.reflect.DelegatingMethodAccessorImpl.invoke(DelegatingMethodAccessorImpl.java:43)
	at java.lang.reflect.Method.invoke(Method.java:498)
	at org.mybatis.spring.SqlSessionTemplate$SqlSessionInterceptor.invoke(SqlSessionTemplate.java:425)
	... 110 common frames omitted
Caused by: org.springframework.jdbc.CannotGetJdbcConnectionException: Failed to obtain JDBC Connection; nested exception is java.sql.SQLTransientConnectionException: master - Connection is not available, request timed out after 30006ms.
	at org.springframework.jdbc.datasource.DataSourceUtils.getConnection(DataSourceUtils.java:84)
	at org.mybatis.spring.transaction.SpringManagedTransaction.openConnection(SpringManagedTransaction.java:80)
	at org.mybatis.spring.transaction.SpringManagedTransaction.getConnection(SpringManagedTransaction.java:67)
	at org.apache.ibatis.executor.BaseExecutor.getConnection(BaseExecutor.java:345)
	at org.apache.ibatis.executor.SimpleExecutor.prepareStatement(SimpleExecutor.java:89)
	at org.apache.ibatis.executor.SimpleExecutor.doQuery(SimpleExecutor.java:64)
	at org.apache.ibatis.executor.BaseExecutor.queryFromDatabase(BaseExecutor.java:333)
	at org.apache.ibatis.executor.BaseExecutor.query(BaseExecutor.java:158)
	at org.apache.ibatis.executor.CachingExecutor.query(CachingExecutor.java:110)
	at com.baomidou.mybatisplus.extension.plugins.inner.PaginationInnerInterceptor.willDoQuery(PaginationInnerInterceptor.java:135)
	at com.baomidou.mybatisplus.extension.plugins.MybatisPlusInterceptor.intercept(MybatisPlusInterceptor.java:75)
	at org.apache.ibatis.plugin.Plugin.invoke(Plugin.java:59)
	at com.sun.proxy.$Proxy323.query(Unknown Source)
	at org.apache.ibatis.session.defaults.DefaultSqlSession.selectList(DefaultSqlSession.java:154)
	... 117 common frames omitted
Caused by: java.sql.SQLTransientConnectionException: master - Connection is not available, request timed out after 30006ms.
	at com.zaxxer.hikari.pool.HikariPool.createTimeoutException(HikariPool.java:696)
	at com.zaxxer.hikari.pool.HikariPool.getConnection(HikariPool.java:197)
	at com.zaxxer.hikari.pool.HikariPool.getConnection(HikariPool.java:162)
	at com.zaxxer.hikari.HikariDataSource.getConnection(HikariDataSource.java:100)
	at com.p6spy.engine.spy.P6DataSource.getConnection(P6DataSource.java:300)
	at com.baomidou.dynamic.datasource.ds.ItemDataSource.getConnection(ItemDataSource.java:56)
	at com.baomidou.dynamic.datasource.ds.AbstractRoutingDataSource.getConnection(AbstractRoutingDataSource.java:55)
	at org.springframework.jdbc.datasource.DataSourceUtils.fetchConnection(DataSourceUtils.java:160)
	at org.springframework.jdbc.datasource.DataSourceUtils.doGetConnection(DataSourceUtils.java:118)
	at org.springframework.jdbc.datasource.DataSourceUtils.getConnection(DataSourceUtils.java:81)
	... 130 common frames omitted
Caused by: java.sql.SQLNonTransientConnectionException: Could not create connection to database server. Attempted reconnect 3 times. Giving up.
	at com.mysql.cj.jdbc.exceptions.SQLError.createSQLException(SQLError.java:111)
	at com.mysql.cj.jdbc.exceptions.SQLError.createSQLException(SQLError.java:98)
	at com.mysql.cj.jdbc.exceptions.SQLError.createSQLException(SQLError.java:90)
	at com.mysql.cj.jdbc.exceptions.SQLError.createSQLException(SQLError.java:64)
	at com.mysql.cj.jdbc.exceptions.SQLError.createSQLException(SQLError.java:74)
	at com.mysql.cj.jdbc.ConnectionImpl.connectWithRetries(ConnectionImpl.java:895)
	at com.mysql.cj.jdbc.ConnectionImpl.createNewIO(ConnectionImpl.java:820)
	at com.mysql.cj.jdbc.ConnectionImpl.<init>(ConnectionImpl.java:446)
	at com.mysql.cj.jdbc.ConnectionImpl.getInstance(ConnectionImpl.java:239)
	at com.mysql.cj.jdbc.NonRegisteringDriver.connect(NonRegisteringDriver.java:188)
	at com.zaxxer.hikari.util.DriverDataSource.getConnection(DriverDataSource.java:138)
	at com.zaxxer.hikari.pool.PoolBase.newConnection(PoolBase.java:364)
	at com.zaxxer.hikari.pool.PoolBase.newPoolEntry(PoolBase.java:206)
	at com.zaxxer.hikari.pool.HikariPool.createPoolEntry(HikariPool.java:476)
	at com.zaxxer.hikari.pool.HikariPool.access$100(HikariPool.java:71)
	at com.zaxxer.hikari.pool.HikariPool$PoolEntryCreator.call(HikariPool.java:726)
	at com.zaxxer.hikari.pool.HikariPool$PoolEntryCreator.call(HikariPool.java:712)
	at java.util.concurrent.FutureTask.run(FutureTask.java:266)
	at java.util.concurrent.ThreadPoolExecutor.runWorker(ThreadPoolExecutor.java:1149)
	at java.util.concurrent.ThreadPoolExecutor$Worker.run(ThreadPoolExecutor.java:624)
	... 1 common frames omitted
Caused by: com.mysql.cj.exceptions.CJCommunicationsException: Communications link failure

The last packet sent successfully to the server was 0 milliseconds ago. The driver has not received any packets from the server.
	at sun.reflect.NativeConstructorAccessorImpl.newInstance0(Native Method)
	at sun.reflect.NativeConstructorAccessorImpl.newInstance(NativeConstructorAccessorImpl.java:62)
	at sun.reflect.DelegatingConstructorAccessorImpl.newInstance(DelegatingConstructorAccessorImpl.java:45)
	at java.lang.reflect.Constructor.newInstance(Constructor.java:423)
	at com.mysql.cj.exceptions.ExceptionFactory.createException(ExceptionFactory.java:62)
	at com.mysql.cj.exceptions.ExceptionFactory.createException(ExceptionFactory.java:105)
	at com.mysql.cj.exceptions.ExceptionFactory.createException(ExceptionFactory.java:150)
	at com.mysql.cj.exceptions.ExceptionFactory.createCommunicationsException(ExceptionFactory.java:166)
	at com.mysql.cj.protocol.a.NativeProtocol.readMessage(NativeProtocol.java:582)
	at com.mysql.cj.protocol.a.NativeProtocol.readServerCapabilities(NativeProtocol.java:537)
	at com.mysql.cj.protocol.a.NativeProtocol.beforeHandshake(NativeProtocol.java:424)
	at com.mysql.cj.protocol.a.NativeProtocol.connect(NativeProtocol.java:1428)
	at com.mysql.cj.NativeSession.connect(NativeSession.java:134)
	at com.mysql.cj.jdbc.ConnectionImpl.connectWithRetries(ConnectionImpl.java:839)
	... 15 common frames omitted
Caused by: java.io.EOFException: Can not read response from server. Expected to read 4 bytes, read 0 bytes before connection was unexpectedly lost.
	at com.mysql.cj.protocol.FullReadInputStream.readFully(FullReadInputStream.java:67)
	at com.mysql.cj.protocol.a.SimplePacketReader.readHeaderLocal(SimplePacketReader.java:81)
	at com.mysql.cj.protocol.a.SimplePacketReader.readHeader(SimplePacketReader.java:63)
	at com.mysql.cj.protocol.a.SimplePacketReader.readHeader(SimplePacketReader.java:45)
	at com.mysql.cj.protocol.a.NativeProtocol.readMessage(NativeProtocol.java:576)
	... 20 common frames omitted
2025-10-20 15:39:00 [XNIO-1 task-3] ERROR c.r.f.w.e.GlobalExceptionHandler - 请求地址'/business/arbiterMapRoad/list', Mybatis系统异常
org.mybatis.spring.MyBatisSystemException: nested exception is org.apache.ibatis.exceptions.PersistenceException: 
### Error querying database.  Cause: org.springframework.jdbc.CannotGetJdbcConnectionException: Failed to obtain JDBC Connection; nested exception is java.sql.SQLTransientConnectionException: master - Connection is not available, request timed out after 30001ms.
### The error may exist in com/ruoyi/business/mapper/BizArbiterMapRoadMapper.java (best guess)
### The error may involve com.ruoyi.business.mapper.BizArbiterMapRoadMapper.selectList_mpCount
### The error occurred while executing a query
### Cause: org.springframework.jdbc.CannotGetJdbcConnectionException: Failed to obtain JDBC Connection; nested exception is java.sql.SQLTransientConnectionException: master - Connection is not available, request timed out after 30001ms.
	at org.mybatis.spring.MyBatisExceptionTranslator.translateExceptionIfPossible(MyBatisExceptionTranslator.java:97)
	at org.mybatis.spring.SqlSessionTemplate$SqlSessionInterceptor.invoke(SqlSessionTemplate.java:439)
	at com.sun.proxy.$Proxy136.selectList(Unknown Source)
	at org.mybatis.spring.SqlSessionTemplate.selectList(SqlSessionTemplate.java:224)
	at com.baomidou.mybatisplus.core.override.MybatisMapperMethod.executeForMany(MybatisMapperMethod.java:166)
	at com.baomidou.mybatisplus.core.override.MybatisMapperMethod.execute(MybatisMapperMethod.java:77)
	at com.baomidou.mybatisplus.core.override.MybatisMapperProxy$PlainMethodInvoker.invoke(MybatisMapperProxy.java:152)
	at com.baomidou.mybatisplus.core.override.MybatisMapperProxy.invoke(MybatisMapperProxy.java:89)
	at com.sun.proxy.$Proxy203.selectList(Unknown Source)
	at com.ruoyi.common.core.mapper.BaseMapperPlus.selectVoPage(BaseMapperPlus.java:183)
	at java.lang.invoke.MethodHandle.invokeWithArguments(MethodHandle.java:627)
	at com.baomidou.mybatisplus.core.override.MybatisMapperProxy$DefaultMethodInvoker.invoke(MybatisMapperProxy.java:166)
	at com.baomidou.mybatisplus.core.override.MybatisMapperProxy.invoke(MybatisMapperProxy.java:89)
	at com.sun.proxy.$Proxy203.selectVoPage(Unknown Source)
	at com.ruoyi.common.core.mapper.BaseMapperPlus.selectVoPage(BaseMapperPlus.java:176)
	at java.lang.invoke.MethodHandle.invokeWithArguments(MethodHandle.java:627)
	at com.baomidou.mybatisplus.core.override.MybatisMapperProxy$DefaultMethodInvoker.invoke(MybatisMapperProxy.java:166)
	at com.baomidou.mybatisplus.core.override.MybatisMapperProxy.invoke(MybatisMapperProxy.java:89)
	at com.sun.proxy.$Proxy203.selectVoPage(Unknown Source)
	at com.ruoyi.business.service.impl.BizArbiterMapRoadServiceImpl.queryPageList(BizArbiterMapRoadServiceImpl.java:48)
	at com.ruoyi.business.controller.BizArbiterMapRoadController.list(BizArbiterMapRoadController.java:48)
	at com.ruoyi.business.controller.BizArbiterMapRoadController$$FastClassBySpringCGLIB$$f398481f.invoke(<generated>)
	at org.springframework.cglib.proxy.MethodProxy.invoke(MethodProxy.java:218)
	at org.springframework.aop.framework.CglibAopProxy$CglibMethodInvocation.invokeJoinpoint(CglibAopProxy.java:792)
	at org.springframework.aop.framework.ReflectiveMethodInvocation.proceed(ReflectiveMethodInvocation.java:163)
	at org.springframework.aop.framework.CglibAopProxy$CglibMethodInvocation.proceed(CglibAopProxy.java:762)
	at org.springframework.validation.beanvalidation.MethodValidationInterceptor.invoke(MethodValidationInterceptor.java:123)
	at org.springframework.aop.framework.ReflectiveMethodInvocation.proceed(ReflectiveMethodInvocation.java:186)
	at org.springframework.aop.framework.CglibAopProxy$CglibMethodInvocation.proceed(CglibAopProxy.java:762)
	at org.springframework.aop.interceptor.ExposeInvocationInterceptor.invoke(ExposeInvocationInterceptor.java:97)
	at org.springframework.aop.framework.ReflectiveMethodInvocation.proceed(ReflectiveMethodInvocation.java:186)
	at org.springframework.aop.framework.CglibAopProxy$CglibMethodInvocation.proceed(CglibAopProxy.java:762)
	at org.springframework.aop.framework.CglibAopProxy$DynamicAdvisedInterceptor.intercept(CglibAopProxy.java:707)
	at com.ruoyi.business.controller.BizArbiterMapRoadController$$EnhancerBySpringCGLIB$$93bbc4f0.list(<generated>)
	at sun.reflect.NativeMethodAccessorImpl.invoke0(Native Method)
	at sun.reflect.NativeMethodAccessorImpl.invoke(NativeMethodAccessorImpl.java:62)
	at sun.reflect.DelegatingMethodAccessorImpl.invoke(DelegatingMethodAccessorImpl.java:43)
	at java.lang.reflect.Method.invoke(Method.java:498)
	at org.springframework.web.method.support.InvocableHandlerMethod.doInvoke(InvocableHandlerMethod.java:205)
	at org.springframework.web.method.support.InvocableHandlerMethod.invokeForRequest(InvocableHandlerMethod.java:150)
	at org.springframework.web.servlet.mvc.method.annotation.ServletInvocableHandlerMethod.invokeAndHandle(ServletInvocableHandlerMethod.java:117)
	at org.springframework.web.servlet.mvc.method.annotation.RequestMappingHandlerAdapter.invokeHandlerMethod(RequestMappingHandlerAdapter.java:895)
	at org.springframework.web.servlet.mvc.method.annotation.RequestMappingHandlerAdapter.handleInternal(RequestMappingHandlerAdapter.java:808)
	at org.springframework.web.servlet.mvc.method.AbstractHandlerMethodAdapter.handle(AbstractHandlerMethodAdapter.java:87)
	at org.springframework.web.servlet.DispatcherServlet.doDispatch(DispatcherServlet.java:1072)
	at org.springframework.web.servlet.DispatcherServlet.doService(DispatcherServlet.java:965)
	at org.springframework.web.servlet.FrameworkServlet.processRequest(FrameworkServlet.java:1006)
	at org.springframework.web.servlet.FrameworkServlet.doGet(FrameworkServlet.java:898)
	at javax.servlet.http.HttpServlet.service(HttpServlet.java:497)
	at org.springframework.web.servlet.FrameworkServlet.service(FrameworkServlet.java:883)
	at javax.servlet.http.HttpServlet.service(HttpServlet.java:584)
	at io.undertow.servlet.handlers.ServletHandler.handleRequest(ServletHandler.java:74)
	at io.undertow.servlet.handlers.FilterHandler$FilterChainImpl.doFilter(FilterHandler.java:129)
	at org.springframework.web.filter.CorsFilter.doFilterInternal(CorsFilter.java:91)
	at org.springframework.web.filter.OncePerRequestFilter.doFilter(OncePerRequestFilter.java:117)
	at io.undertow.servlet.core.ManagedFilter.doFilter(ManagedFilter.java:67)
	at io.undertow.servlet.handlers.FilterHandler$FilterChainImpl.doFilter(FilterHandler.java:131)
	at com.ruoyi.common.filter.RepeatableFilter.doFilter(RepeatableFilter.java:30)
	at io.undertow.servlet.core.ManagedFilter.doFilter(ManagedFilter.java:67)
	at io.undertow.servlet.handlers.FilterHandler$FilterChainImpl.doFilter(FilterHandler.java:131)
	at org.springframework.web.filter.RequestContextFilter.doFilterInternal(RequestContextFilter.java:100)
	at org.springframework.web.filter.OncePerRequestFilter.doFilter(OncePerRequestFilter.java:117)
	at io.undertow.servlet.core.ManagedFilter.doFilter(ManagedFilter.java:67)
	at io.undertow.servlet.handlers.FilterHandler$FilterChainImpl.doFilter(FilterHandler.java:131)
	at cn.dev33.satoken.filter.SaPathCheckFilterForServlet.doFilter(SaPathCheckFilterForServlet.java:55)
	at io.undertow.servlet.core.ManagedFilter.doFilter(ManagedFilter.java:67)
	at io.undertow.servlet.handlers.FilterHandler$FilterChainImpl.doFilter(FilterHandler.java:131)
	at org.springframework.web.filter.FormContentFilter.doFilterInternal(FormContentFilter.java:93)
	at org.springframework.web.filter.OncePerRequestFilter.doFilter(OncePerRequestFilter.java:117)
	at io.undertow.servlet.core.ManagedFilter.doFilter(ManagedFilter.java:67)
	at io.undertow.servlet.handlers.FilterHandler$FilterChainImpl.doFilter(FilterHandler.java:131)
	at org.springframework.boot.actuate.metrics.web.servlet.WebMvcMetricsFilter.doFilterInternal(WebMvcMetricsFilter.java:96)
	at org.springframework.web.filter.OncePerRequestFilter.doFilter(OncePerRequestFilter.java:117)
	at io.undertow.servlet.core.ManagedFilter.doFilter(ManagedFilter.java:67)
	at io.undertow.servlet.handlers.FilterHandler$FilterChainImpl.doFilter(FilterHandler.java:131)
	at org.springframework.web.filter.CharacterEncodingFilter.doFilterInternal(CharacterEncodingFilter.java:201)
	at org.springframework.web.filter.OncePerRequestFilter.doFilter(OncePerRequestFilter.java:117)
	at io.undertow.servlet.core.ManagedFilter.doFilter(ManagedFilter.java:67)
	at io.undertow.servlet.handlers.FilterHandler$FilterChainImpl.doFilter(FilterHandler.java:131)
	at io.undertow.servlet.handlers.FilterHandler.handleRequest(FilterHandler.java:84)
	at io.undertow.servlet.handlers.security.ServletSecurityRoleHandler.handleRequest(ServletSecurityRoleHandler.java:62)
	at io.undertow.servlet.handlers.ServletChain$1.handleRequest(ServletChain.java:68)
	at io.undertow.servlet.handlers.ServletDispatchingHandler.handleRequest(ServletDispatchingHandler.java:36)
	at io.undertow.servlet.handlers.RedirectDirHandler.handleRequest(RedirectDirHandler.java:68)
	at io.undertow.servlet.handlers.security.SSLInformationAssociationHandler.handleRequest(SSLInformationAssociationHandler.java:117)
	at io.undertow.servlet.handlers.security.ServletAuthenticationCallHandler.handleRequest(ServletAuthenticationCallHandler.java:57)
	at io.undertow.server.handlers.PredicateHandler.handleRequest(PredicateHandler.java:43)
	at io.undertow.security.handlers.AbstractConfidentialityHandler.handleRequest(AbstractConfidentialityHandler.java:46)
	at io.undertow.servlet.handlers.security.ServletConfidentialityConstraintHandler.handleRequest(ServletConfidentialityConstraintHandler.java:64)
	at io.undertow.security.handlers.AuthenticationMechanismsHandler.handleRequest(AuthenticationMechanismsHandler.java:60)
	at io.undertow.servlet.handlers.security.CachedAuthenticatedSessionHandler.handleRequest(CachedAuthenticatedSessionHandler.java:77)
	at io.undertow.security.handlers.AbstractSecurityContextAssociationHandler.handleRequest(AbstractSecurityContextAssociationHandler.java:43)
	at io.undertow.server.handlers.PredicateHandler.handleRequest(PredicateHandler.java:43)
	at io.undertow.servlet.handlers.SendErrorPageHandler.handleRequest(SendErrorPageHandler.java:52)
	at io.undertow.server.handlers.PredicateHandler.handleRequest(PredicateHandler.java:43)
	at io.undertow.servlet.handlers.ServletInitialHandler.handleFirstRequest(ServletInitialHandler.java:275)
	at io.undertow.servlet.handlers.ServletInitialHandler.access$100(ServletInitialHandler.java:79)
	at io.undertow.servlet.handlers.ServletInitialHandler$2.call(ServletInitialHandler.java:134)
	at io.undertow.servlet.handlers.ServletInitialHandler$2.call(ServletInitialHandler.java:131)
	at io.undertow.servlet.core.ServletRequestContextThreadSetupAction$1.call(ServletRequestContextThreadSetupAction.java:48)
	at io.undertow.servlet.core.ContextClassLoaderSetupAction$1.call(ContextClassLoaderSetupAction.java:43)
	at io.undertow.servlet.handlers.ServletInitialHandler.dispatchRequest(ServletInitialHandler.java:255)
	at io.undertow.servlet.handlers.ServletInitialHandler.access$000(ServletInitialHandler.java:79)
	at io.undertow.servlet.handlers.ServletInitialHandler$1.handleRequest(ServletInitialHandler.java:100)
	at io.undertow.server.Connectors.executeRootHandler(Connectors.java:393)
	at io.undertow.server.HttpServerExchange$1.run(HttpServerExchange.java:852)
	at org.jboss.threads.ContextClassLoaderSavingRunnable.run(ContextClassLoaderSavingRunnable.java:35)
	at org.jboss.threads.EnhancedQueueExecutor.safeRun(EnhancedQueueExecutor.java:2019)
	at org.jboss.threads.EnhancedQueueExecutor$ThreadBody.doRunTask(EnhancedQueueExecutor.java:1558)
	at org.jboss.threads.EnhancedQueueExecutor$ThreadBody.run(EnhancedQueueExecutor.java:1423)
	at org.xnio.XnioWorker$WorkerThreadFactory$1$1.run(XnioWorker.java:1282)
	at java.lang.Thread.run(Thread.java:750)
Caused by: org.apache.ibatis.exceptions.PersistenceException: 
### Error querying database.  Cause: org.springframework.jdbc.CannotGetJdbcConnectionException: Failed to obtain JDBC Connection; nested exception is java.sql.SQLTransientConnectionException: master - Connection is not available, request timed out after 30001ms.
### The error may exist in com/ruoyi/business/mapper/BizArbiterMapRoadMapper.java (best guess)
### The error may involve com.ruoyi.business.mapper.BizArbiterMapRoadMapper.selectList_mpCount
### The error occurred while executing a query
### Cause: org.springframework.jdbc.CannotGetJdbcConnectionException: Failed to obtain JDBC Connection; nested exception is java.sql.SQLTransientConnectionException: master - Connection is not available, request timed out after 30001ms.
	at org.apache.ibatis.exceptions.ExceptionFactory.wrapException(ExceptionFactory.java:30)
	at org.apache.ibatis.session.defaults.DefaultSqlSession.selectList(DefaultSqlSession.java:156)
	at org.apache.ibatis.session.defaults.DefaultSqlSession.selectList(DefaultSqlSession.java:147)
	at org.apache.ibatis.session.defaults.DefaultSqlSession.selectList(DefaultSqlSession.java:142)
	at sun.reflect.NativeMethodAccessorImpl.invoke0(Native Method)
	at sun.reflect.NativeMethodAccessorImpl.invoke(NativeMethodAccessorImpl.java:62)
	at sun.reflect.DelegatingMethodAccessorImpl.invoke(DelegatingMethodAccessorImpl.java:43)
	at java.lang.reflect.Method.invoke(Method.java:498)
	at org.mybatis.spring.SqlSessionTemplate$SqlSessionInterceptor.invoke(SqlSessionTemplate.java:425)
	... 110 common frames omitted
Caused by: org.springframework.jdbc.CannotGetJdbcConnectionException: Failed to obtain JDBC Connection; nested exception is java.sql.SQLTransientConnectionException: master - Connection is not available, request timed out after 30001ms.
	at org.springframework.jdbc.datasource.DataSourceUtils.getConnection(DataSourceUtils.java:84)
	at org.mybatis.spring.transaction.SpringManagedTransaction.openConnection(SpringManagedTransaction.java:80)
	at org.mybatis.spring.transaction.SpringManagedTransaction.getConnection(SpringManagedTransaction.java:67)
	at org.apache.ibatis.executor.BaseExecutor.getConnection(BaseExecutor.java:345)
	at org.apache.ibatis.executor.SimpleExecutor.prepareStatement(SimpleExecutor.java:89)
	at org.apache.ibatis.executor.SimpleExecutor.doQuery(SimpleExecutor.java:64)
	at org.apache.ibatis.executor.BaseExecutor.queryFromDatabase(BaseExecutor.java:333)
	at org.apache.ibatis.executor.BaseExecutor.query(BaseExecutor.java:158)
	at org.apache.ibatis.executor.CachingExecutor.query(CachingExecutor.java:110)
	at com.baomidou.mybatisplus.extension.plugins.inner.PaginationInnerInterceptor.willDoQuery(PaginationInnerInterceptor.java:135)
	at com.baomidou.mybatisplus.extension.plugins.MybatisPlusInterceptor.intercept(MybatisPlusInterceptor.java:75)
	at org.apache.ibatis.plugin.Plugin.invoke(Plugin.java:59)
	at com.sun.proxy.$Proxy323.query(Unknown Source)
	at org.apache.ibatis.session.defaults.DefaultSqlSession.selectList(DefaultSqlSession.java:154)
	... 117 common frames omitted
Caused by: java.sql.SQLTransientConnectionException: master - Connection is not available, request timed out after 30001ms.
	at com.zaxxer.hikari.pool.HikariPool.createTimeoutException(HikariPool.java:696)
	at com.zaxxer.hikari.pool.HikariPool.getConnection(HikariPool.java:197)
	at com.zaxxer.hikari.pool.HikariPool.getConnection(HikariPool.java:162)
	at com.zaxxer.hikari.HikariDataSource.getConnection(HikariDataSource.java:100)
	at com.p6spy.engine.spy.P6DataSource.getConnection(P6DataSource.java:300)
	at com.baomidou.dynamic.datasource.ds.ItemDataSource.getConnection(ItemDataSource.java:56)
	at com.baomidou.dynamic.datasource.ds.AbstractRoutingDataSource.getConnection(AbstractRoutingDataSource.java:55)
	at org.springframework.jdbc.datasource.DataSourceUtils.fetchConnection(DataSourceUtils.java:160)
	at org.springframework.jdbc.datasource.DataSourceUtils.doGetConnection(DataSourceUtils.java:118)
	at org.springframework.jdbc.datasource.DataSourceUtils.getConnection(DataSourceUtils.java:81)
	... 130 common frames omitted
Caused by: java.sql.SQLNonTransientConnectionException: Could not create connection to database server. Attempted reconnect 3 times. Giving up.
	at com.mysql.cj.jdbc.exceptions.SQLError.createSQLException(SQLError.java:111)
	at com.mysql.cj.jdbc.exceptions.SQLError.createSQLException(SQLError.java:98)
	at com.mysql.cj.jdbc.exceptions.SQLError.createSQLException(SQLError.java:90)
	at com.mysql.cj.jdbc.exceptions.SQLError.createSQLException(SQLError.java:64)
	at com.mysql.cj.jdbc.exceptions.SQLError.createSQLException(SQLError.java:74)
	at com.mysql.cj.jdbc.ConnectionImpl.connectWithRetries(ConnectionImpl.java:895)
	at com.mysql.cj.jdbc.ConnectionImpl.createNewIO(ConnectionImpl.java:820)
	at com.mysql.cj.jdbc.ConnectionImpl.<init>(ConnectionImpl.java:446)
	at com.mysql.cj.jdbc.ConnectionImpl.getInstance(ConnectionImpl.java:239)
	at com.mysql.cj.jdbc.NonRegisteringDriver.connect(NonRegisteringDriver.java:188)
	at com.zaxxer.hikari.util.DriverDataSource.getConnection(DriverDataSource.java:138)
	at com.zaxxer.hikari.pool.PoolBase.newConnection(PoolBase.java:364)
	at com.zaxxer.hikari.pool.PoolBase.newPoolEntry(PoolBase.java:206)
	at com.zaxxer.hikari.pool.HikariPool.createPoolEntry(HikariPool.java:476)
	at com.zaxxer.hikari.pool.HikariPool.access$100(HikariPool.java:71)
	at com.zaxxer.hikari.pool.HikariPool$PoolEntryCreator.call(HikariPool.java:726)
	at com.zaxxer.hikari.pool.HikariPool$PoolEntryCreator.call(HikariPool.java:712)
	at java.util.concurrent.FutureTask.run(FutureTask.java:266)
	at java.util.concurrent.ThreadPoolExecutor.runWorker(ThreadPoolExecutor.java:1149)
	at java.util.concurrent.ThreadPoolExecutor$Worker.run(ThreadPoolExecutor.java:624)
	... 1 common frames omitted
Caused by: com.mysql.cj.exceptions.CJCommunicationsException: Communications link failure

The last packet sent successfully to the server was 0 milliseconds ago. The driver has not received any packets from the server.
	at sun.reflect.NativeConstructorAccessorImpl.newInstance0(Native Method)
	at sun.reflect.NativeConstructorAccessorImpl.newInstance(NativeConstructorAccessorImpl.java:62)
	at sun.reflect.DelegatingConstructorAccessorImpl.newInstance(DelegatingConstructorAccessorImpl.java:45)
	at java.lang.reflect.Constructor.newInstance(Constructor.java:423)
	at com.mysql.cj.exceptions.ExceptionFactory.createException(ExceptionFactory.java:62)
	at com.mysql.cj.exceptions.ExceptionFactory.createException(ExceptionFactory.java:105)
	at com.mysql.cj.exceptions.ExceptionFactory.createException(ExceptionFactory.java:150)
	at com.mysql.cj.exceptions.ExceptionFactory.createCommunicationsException(ExceptionFactory.java:166)
	at com.mysql.cj.protocol.a.NativeProtocol.readMessage(NativeProtocol.java:582)
	at com.mysql.cj.protocol.a.NativeProtocol.readServerCapabilities(NativeProtocol.java:537)
	at com.mysql.cj.protocol.a.NativeProtocol.beforeHandshake(NativeProtocol.java:424)
	at com.mysql.cj.protocol.a.NativeProtocol.connect(NativeProtocol.java:1428)
	at com.mysql.cj.NativeSession.connect(NativeSession.java:134)
	at com.mysql.cj.jdbc.ConnectionImpl.connectWithRetries(ConnectionImpl.java:839)
	... 15 common frames omitted
Caused by: java.io.EOFException: Can not read response from server. Expected to read 4 bytes, read 0 bytes before connection was unexpectedly lost.
	at com.mysql.cj.protocol.FullReadInputStream.readFully(FullReadInputStream.java:67)
	at com.mysql.cj.protocol.a.SimplePacketReader.readHeaderLocal(SimplePacketReader.java:81)
	at com.mysql.cj.protocol.a.SimplePacketReader.readHeader(SimplePacketReader.java:63)
	at com.mysql.cj.protocol.a.SimplePacketReader.readHeader(SimplePacketReader.java:45)
	at com.mysql.cj.protocol.a.NativeProtocol.readMessage(NativeProtocol.java:576)
	... 20 common frames omitted
2025-10-20 15:39:03 [XNIO-1 task-4] ERROR c.r.f.w.e.GlobalExceptionHandler - 请求地址'/app/verdictType/list', Mybatis系统异常
org.mybatis.spring.MyBatisSystemException: nested exception is org.apache.ibatis.exceptions.PersistenceException: 
### Error querying database.  Cause: org.springframework.jdbc.CannotGetJdbcConnectionException: Failed to obtain JDBC Connection; nested exception is java.sql.SQLTransientConnectionException: master - Connection is not available, request timed out after 30003ms.
### The error may exist in com/ruoyi/app/verdicttype/mapper/BizVerdictTypeMapper.java (best guess)
### The error may involve com.ruoyi.app.verdicttype.mapper.BizVerdictTypeMapper.selectList
### The error occurred while executing a query
### Cause: org.springframework.jdbc.CannotGetJdbcConnectionException: Failed to obtain JDBC Connection; nested exception is java.sql.SQLTransientConnectionException: master - Connection is not available, request timed out after 30003ms.
	at org.mybatis.spring.MyBatisExceptionTranslator.translateExceptionIfPossible(MyBatisExceptionTranslator.java:97)
	at org.mybatis.spring.SqlSessionTemplate$SqlSessionInterceptor.invoke(SqlSessionTemplate.java:439)
	at com.sun.proxy.$Proxy136.selectList(Unknown Source)
	at org.mybatis.spring.SqlSessionTemplate.selectList(SqlSessionTemplate.java:224)
	at com.baomidou.mybatisplus.core.override.MybatisMapperMethod.executeForMany(MybatisMapperMethod.java:166)
	at com.baomidou.mybatisplus.core.override.MybatisMapperMethod.execute(MybatisMapperMethod.java:77)
	at com.baomidou.mybatisplus.core.override.MybatisMapperProxy$PlainMethodInvoker.invoke(MybatisMapperProxy.java:152)
	at com.baomidou.mybatisplus.core.override.MybatisMapperProxy.invoke(MybatisMapperProxy.java:89)
	at com.sun.proxy.$Proxy162.selectList(Unknown Source)
	at com.ruoyi.common.core.mapper.BaseMapperPlus.selectVoList(BaseMapperPlus.java:168)
	at java.lang.invoke.MethodHandle.invokeWithArguments(MethodHandle.java:627)
	at com.baomidou.mybatisplus.core.override.MybatisMapperProxy$DefaultMethodInvoker.invoke(MybatisMapperProxy.java:166)
	at com.baomidou.mybatisplus.core.override.MybatisMapperProxy.invoke(MybatisMapperProxy.java:89)
	at com.sun.proxy.$Proxy162.selectVoList(Unknown Source)
	at com.ruoyi.common.core.mapper.BaseMapperPlus.selectVoList(BaseMapperPlus.java:161)
	at java.lang.invoke.MethodHandle.invokeWithArguments(MethodHandle.java:627)
	at com.baomidou.mybatisplus.core.override.MybatisMapperProxy$DefaultMethodInvoker.invoke(MybatisMapperProxy.java:166)
	at com.baomidou.mybatisplus.core.override.MybatisMapperProxy.invoke(MybatisMapperProxy.java:89)
	at com.sun.proxy.$Proxy162.selectVoList(Unknown Source)
	at com.ruoyi.app.verdicttype.service.impl.BizVerdictTypeServiceImpl.queryList(BizVerdictTypeServiceImpl.java:50)
	at com.ruoyi.app.verdicttype.controller.BizVerdictTypeController.list(BizVerdictTypeController.java:49)
	at com.ruoyi.app.verdicttype.controller.BizVerdictTypeController$$FastClassBySpringCGLIB$$fa3e7567.invoke(<generated>)
	at org.springframework.cglib.proxy.MethodProxy.invoke(MethodProxy.java:218)
	at org.springframework.aop.framework.CglibAopProxy$CglibMethodInvocation.invokeJoinpoint(CglibAopProxy.java:792)
	at org.springframework.aop.framework.ReflectiveMethodInvocation.proceed(ReflectiveMethodInvocation.java:163)
	at org.springframework.aop.framework.CglibAopProxy$CglibMethodInvocation.proceed(CglibAopProxy.java:762)
	at org.springframework.validation.beanvalidation.MethodValidationInterceptor.invoke(MethodValidationInterceptor.java:123)
	at org.springframework.aop.framework.ReflectiveMethodInvocation.proceed(ReflectiveMethodInvocation.java:186)
	at org.springframework.aop.framework.CglibAopProxy$CglibMethodInvocation.proceed(CglibAopProxy.java:762)
	at org.springframework.aop.interceptor.ExposeInvocationInterceptor.invoke(ExposeInvocationInterceptor.java:97)
	at org.springframework.aop.framework.ReflectiveMethodInvocation.proceed(ReflectiveMethodInvocation.java:186)
	at org.springframework.aop.framework.CglibAopProxy$CglibMethodInvocation.proceed(CglibAopProxy.java:762)
	at org.springframework.aop.framework.CglibAopProxy$DynamicAdvisedInterceptor.intercept(CglibAopProxy.java:707)
	at com.ruoyi.app.verdicttype.controller.BizVerdictTypeController$$EnhancerBySpringCGLIB$$da30d9c8.list(<generated>)
	at sun.reflect.NativeMethodAccessorImpl.invoke0(Native Method)
	at sun.reflect.NativeMethodAccessorImpl.invoke(NativeMethodAccessorImpl.java:62)
	at sun.reflect.DelegatingMethodAccessorImpl.invoke(DelegatingMethodAccessorImpl.java:43)
	at java.lang.reflect.Method.invoke(Method.java:498)
	at org.springframework.web.method.support.InvocableHandlerMethod.doInvoke(InvocableHandlerMethod.java:205)
	at org.springframework.web.method.support.InvocableHandlerMethod.invokeForRequest(InvocableHandlerMethod.java:150)
	at org.springframework.web.servlet.mvc.method.annotation.ServletInvocableHandlerMethod.invokeAndHandle(ServletInvocableHandlerMethod.java:117)
	at org.springframework.web.servlet.mvc.method.annotation.RequestMappingHandlerAdapter.invokeHandlerMethod(RequestMappingHandlerAdapter.java:895)
	at org.springframework.web.servlet.mvc.method.annotation.RequestMappingHandlerAdapter.handleInternal(RequestMappingHandlerAdapter.java:808)
	at org.springframework.web.servlet.mvc.method.AbstractHandlerMethodAdapter.handle(AbstractHandlerMethodAdapter.java:87)
	at org.springframework.web.servlet.DispatcherServlet.doDispatch(DispatcherServlet.java:1072)
	at org.springframework.web.servlet.DispatcherServlet.doService(DispatcherServlet.java:965)
	at org.springframework.web.servlet.FrameworkServlet.processRequest(FrameworkServlet.java:1006)
	at org.springframework.web.servlet.FrameworkServlet.doGet(FrameworkServlet.java:898)
	at javax.servlet.http.HttpServlet.service(HttpServlet.java:497)
	at org.springframework.web.servlet.FrameworkServlet.service(FrameworkServlet.java:883)
	at javax.servlet.http.HttpServlet.service(HttpServlet.java:584)
	at io.undertow.servlet.handlers.ServletHandler.handleRequest(ServletHandler.java:74)
	at io.undertow.servlet.handlers.FilterHandler$FilterChainImpl.doFilter(FilterHandler.java:129)
	at org.springframework.web.filter.CorsFilter.doFilterInternal(CorsFilter.java:91)
	at org.springframework.web.filter.OncePerRequestFilter.doFilter(OncePerRequestFilter.java:117)
	at io.undertow.servlet.core.ManagedFilter.doFilter(ManagedFilter.java:67)
	at io.undertow.servlet.handlers.FilterHandler$FilterChainImpl.doFilter(FilterHandler.java:131)
	at com.ruoyi.common.filter.RepeatableFilter.doFilter(RepeatableFilter.java:30)
	at io.undertow.servlet.core.ManagedFilter.doFilter(ManagedFilter.java:67)
	at io.undertow.servlet.handlers.FilterHandler$FilterChainImpl.doFilter(FilterHandler.java:131)
	at org.springframework.web.filter.RequestContextFilter.doFilterInternal(RequestContextFilter.java:100)
	at org.springframework.web.filter.OncePerRequestFilter.doFilter(OncePerRequestFilter.java:117)
	at io.undertow.servlet.core.ManagedFilter.doFilter(ManagedFilter.java:67)
	at io.undertow.servlet.handlers.FilterHandler$FilterChainImpl.doFilter(FilterHandler.java:131)
	at cn.dev33.satoken.filter.SaPathCheckFilterForServlet.doFilter(SaPathCheckFilterForServlet.java:55)
	at io.undertow.servlet.core.ManagedFilter.doFilter(ManagedFilter.java:67)
	at io.undertow.servlet.handlers.FilterHandler$FilterChainImpl.doFilter(FilterHandler.java:131)
	at org.springframework.web.filter.FormContentFilter.doFilterInternal(FormContentFilter.java:93)
	at org.springframework.web.filter.OncePerRequestFilter.doFilter(OncePerRequestFilter.java:117)
	at io.undertow.servlet.core.ManagedFilter.doFilter(ManagedFilter.java:67)
	at io.undertow.servlet.handlers.FilterHandler$FilterChainImpl.doFilter(FilterHandler.java:131)
	at org.springframework.boot.actuate.metrics.web.servlet.WebMvcMetricsFilter.doFilterInternal(WebMvcMetricsFilter.java:96)
	at org.springframework.web.filter.OncePerRequestFilter.doFilter(OncePerRequestFilter.java:117)
	at io.undertow.servlet.core.ManagedFilter.doFilter(ManagedFilter.java:67)
	at io.undertow.servlet.handlers.FilterHandler$FilterChainImpl.doFilter(FilterHandler.java:131)
	at org.springframework.web.filter.CharacterEncodingFilter.doFilterInternal(CharacterEncodingFilter.java:201)
	at org.springframework.web.filter.OncePerRequestFilter.doFilter(OncePerRequestFilter.java:117)
	at io.undertow.servlet.core.ManagedFilter.doFilter(ManagedFilter.java:67)
	at io.undertow.servlet.handlers.FilterHandler$FilterChainImpl.doFilter(FilterHandler.java:131)
	at io.undertow.servlet.handlers.FilterHandler.handleRequest(FilterHandler.java:84)
	at io.undertow.servlet.handlers.security.ServletSecurityRoleHandler.handleRequest(ServletSecurityRoleHandler.java:62)
	at io.undertow.servlet.handlers.ServletChain$1.handleRequest(ServletChain.java:68)
	at io.undertow.servlet.handlers.ServletDispatchingHandler.handleRequest(ServletDispatchingHandler.java:36)
	at io.undertow.servlet.handlers.RedirectDirHandler.handleRequest(RedirectDirHandler.java:68)
	at io.undertow.servlet.handlers.security.SSLInformationAssociationHandler.handleRequest(SSLInformationAssociationHandler.java:117)
	at io.undertow.servlet.handlers.security.ServletAuthenticationCallHandler.handleRequest(ServletAuthenticationCallHandler.java:57)
	at io.undertow.server.handlers.PredicateHandler.handleRequest(PredicateHandler.java:43)
	at io.undertow.security.handlers.AbstractConfidentialityHandler.handleRequest(AbstractConfidentialityHandler.java:46)
	at io.undertow.servlet.handlers.security.ServletConfidentialityConstraintHandler.handleRequest(ServletConfidentialityConstraintHandler.java:64)
	at io.undertow.security.handlers.AuthenticationMechanismsHandler.handleRequest(AuthenticationMechanismsHandler.java:60)
	at io.undertow.servlet.handlers.security.CachedAuthenticatedSessionHandler.handleRequest(CachedAuthenticatedSessionHandler.java:77)
	at io.undertow.security.handlers.AbstractSecurityContextAssociationHandler.handleRequest(AbstractSecurityContextAssociationHandler.java:43)
	at io.undertow.server.handlers.PredicateHandler.handleRequest(PredicateHandler.java:43)
	at io.undertow.servlet.handlers.SendErrorPageHandler.handleRequest(SendErrorPageHandler.java:52)
	at io.undertow.server.handlers.PredicateHandler.handleRequest(PredicateHandler.java:43)
	at io.undertow.servlet.handlers.ServletInitialHandler.handleFirstRequest(ServletInitialHandler.java:275)
	at io.undertow.servlet.handlers.ServletInitialHandler.access$100(ServletInitialHandler.java:79)
	at io.undertow.servlet.handlers.ServletInitialHandler$2.call(ServletInitialHandler.java:134)
	at io.undertow.servlet.handlers.ServletInitialHandler$2.call(ServletInitialHandler.java:131)
	at io.undertow.servlet.core.ServletRequestContextThreadSetupAction$1.call(ServletRequestContextThreadSetupAction.java:48)
	at io.undertow.servlet.core.ContextClassLoaderSetupAction$1.call(ContextClassLoaderSetupAction.java:43)
	at io.undertow.servlet.handlers.ServletInitialHandler.dispatchRequest(ServletInitialHandler.java:255)
	at io.undertow.servlet.handlers.ServletInitialHandler.access$000(ServletInitialHandler.java:79)
	at io.undertow.servlet.handlers.ServletInitialHandler$1.handleRequest(ServletInitialHandler.java:100)
	at io.undertow.server.Connectors.executeRootHandler(Connectors.java:393)
	at io.undertow.server.HttpServerExchange$1.run(HttpServerExchange.java:852)
	at org.jboss.threads.ContextClassLoaderSavingRunnable.run(ContextClassLoaderSavingRunnable.java:35)
	at org.jboss.threads.EnhancedQueueExecutor.safeRun(EnhancedQueueExecutor.java:2019)
	at org.jboss.threads.EnhancedQueueExecutor$ThreadBody.doRunTask(EnhancedQueueExecutor.java:1558)
	at org.jboss.threads.EnhancedQueueExecutor$ThreadBody.run(EnhancedQueueExecutor.java:1423)
	at org.xnio.XnioWorker$WorkerThreadFactory$1$1.run(XnioWorker.java:1282)
	at java.lang.Thread.run(Thread.java:750)
Caused by: org.apache.ibatis.exceptions.PersistenceException: 
### Error querying database.  Cause: org.springframework.jdbc.CannotGetJdbcConnectionException: Failed to obtain JDBC Connection; nested exception is java.sql.SQLTransientConnectionException: master - Connection is not available, request timed out after 30003ms.
### The error may exist in com/ruoyi/app/verdicttype/mapper/BizVerdictTypeMapper.java (best guess)
### The error may involve com.ruoyi.app.verdicttype.mapper.BizVerdictTypeMapper.selectList
### The error occurred while executing a query
### Cause: org.springframework.jdbc.CannotGetJdbcConnectionException: Failed to obtain JDBC Connection; nested exception is java.sql.SQLTransientConnectionException: master - Connection is not available, request timed out after 30003ms.
	at org.apache.ibatis.exceptions.ExceptionFactory.wrapException(ExceptionFactory.java:30)
	at org.apache.ibatis.session.defaults.DefaultSqlSession.selectList(DefaultSqlSession.java:156)
	at org.apache.ibatis.session.defaults.DefaultSqlSession.selectList(DefaultSqlSession.java:147)
	at org.apache.ibatis.session.defaults.DefaultSqlSession.selectList(DefaultSqlSession.java:142)
	at sun.reflect.NativeMethodAccessorImpl.invoke0(Native Method)
	at sun.reflect.NativeMethodAccessorImpl.invoke(NativeMethodAccessorImpl.java:62)
	at sun.reflect.DelegatingMethodAccessorImpl.invoke(DelegatingMethodAccessorImpl.java:43)
	at java.lang.reflect.Method.invoke(Method.java:498)
	at org.mybatis.spring.SqlSessionTemplate$SqlSessionInterceptor.invoke(SqlSessionTemplate.java:425)
	... 110 common frames omitted
Caused by: org.springframework.jdbc.CannotGetJdbcConnectionException: Failed to obtain JDBC Connection; nested exception is java.sql.SQLTransientConnectionException: master - Connection is not available, request timed out after 30003ms.
	at org.springframework.jdbc.datasource.DataSourceUtils.getConnection(DataSourceUtils.java:84)
	at org.mybatis.spring.transaction.SpringManagedTransaction.openConnection(SpringManagedTransaction.java:80)
	at org.mybatis.spring.transaction.SpringManagedTransaction.getConnection(SpringManagedTransaction.java:67)
	at org.apache.ibatis.executor.BaseExecutor.getConnection(BaseExecutor.java:345)
	at org.apache.ibatis.executor.SimpleExecutor.prepareStatement(SimpleExecutor.java:89)
	at org.apache.ibatis.executor.SimpleExecutor.doQuery(SimpleExecutor.java:64)
	at org.apache.ibatis.executor.BaseExecutor.queryFromDatabase(BaseExecutor.java:333)
	at org.apache.ibatis.executor.BaseExecutor.query(BaseExecutor.java:158)
	at org.apache.ibatis.executor.CachingExecutor.query(CachingExecutor.java:110)
	at com.baomidou.mybatisplus.extension.plugins.MybatisPlusInterceptor.intercept(MybatisPlusInterceptor.java:81)
	at org.apache.ibatis.plugin.Plugin.invoke(Plugin.java:59)
	at com.sun.proxy.$Proxy323.query(Unknown Source)
	at org.apache.ibatis.session.defaults.DefaultSqlSession.selectList(DefaultSqlSession.java:154)
	... 117 common frames omitted
Caused by: java.sql.SQLTransientConnectionException: master - Connection is not available, request timed out after 30003ms.
	at com.zaxxer.hikari.pool.HikariPool.createTimeoutException(HikariPool.java:696)
	at com.zaxxer.hikari.pool.HikariPool.getConnection(HikariPool.java:197)
	at com.zaxxer.hikari.pool.HikariPool.getConnection(HikariPool.java:162)
	at com.zaxxer.hikari.HikariDataSource.getConnection(HikariDataSource.java:100)
	at com.p6spy.engine.spy.P6DataSource.getConnection(P6DataSource.java:300)
	at com.baomidou.dynamic.datasource.ds.ItemDataSource.getConnection(ItemDataSource.java:56)
	at com.baomidou.dynamic.datasource.ds.AbstractRoutingDataSource.getConnection(AbstractRoutingDataSource.java:55)
	at org.springframework.jdbc.datasource.DataSourceUtils.fetchConnection(DataSourceUtils.java:160)
	at org.springframework.jdbc.datasource.DataSourceUtils.doGetConnection(DataSourceUtils.java:118)
	at org.springframework.jdbc.datasource.DataSourceUtils.getConnection(DataSourceUtils.java:81)
	... 129 common frames omitted
Caused by: java.sql.SQLNonTransientConnectionException: Could not create connection to database server. Attempted reconnect 3 times. Giving up.
	at com.mysql.cj.jdbc.exceptions.SQLError.createSQLException(SQLError.java:111)
	at com.mysql.cj.jdbc.exceptions.SQLError.createSQLException(SQLError.java:98)
	at com.mysql.cj.jdbc.exceptions.SQLError.createSQLException(SQLError.java:90)
	at com.mysql.cj.jdbc.exceptions.SQLError.createSQLException(SQLError.java:64)
	at com.mysql.cj.jdbc.exceptions.SQLError.createSQLException(SQLError.java:74)
	at com.mysql.cj.jdbc.ConnectionImpl.connectWithRetries(ConnectionImpl.java:895)
	at com.mysql.cj.jdbc.ConnectionImpl.createNewIO(ConnectionImpl.java:820)
	at com.mysql.cj.jdbc.ConnectionImpl.<init>(ConnectionImpl.java:446)
	at com.mysql.cj.jdbc.ConnectionImpl.getInstance(ConnectionImpl.java:239)
	at com.mysql.cj.jdbc.NonRegisteringDriver.connect(NonRegisteringDriver.java:188)
	at com.zaxxer.hikari.util.DriverDataSource.getConnection(DriverDataSource.java:138)
	at com.zaxxer.hikari.pool.PoolBase.newConnection(PoolBase.java:364)
	at com.zaxxer.hikari.pool.PoolBase.newPoolEntry(PoolBase.java:206)
	at com.zaxxer.hikari.pool.HikariPool.createPoolEntry(HikariPool.java:476)
	at com.zaxxer.hikari.pool.HikariPool.access$100(HikariPool.java:71)
	at com.zaxxer.hikari.pool.HikariPool$PoolEntryCreator.call(HikariPool.java:726)
	at com.zaxxer.hikari.pool.HikariPool$PoolEntryCreator.call(HikariPool.java:712)
	at java.util.concurrent.FutureTask.run(FutureTask.java:266)
	at java.util.concurrent.ThreadPoolExecutor.runWorker(ThreadPoolExecutor.java:1149)
	at java.util.concurrent.ThreadPoolExecutor$Worker.run(ThreadPoolExecutor.java:624)
	... 1 common frames omitted
Caused by: com.mysql.cj.exceptions.CJCommunicationsException: Communications link failure

The last packet sent successfully to the server was 0 milliseconds ago. The driver has not received any packets from the server.
	at sun.reflect.NativeConstructorAccessorImpl.newInstance0(Native Method)
	at sun.reflect.NativeConstructorAccessorImpl.newInstance(NativeConstructorAccessorImpl.java:62)
	at sun.reflect.DelegatingConstructorAccessorImpl.newInstance(DelegatingConstructorAccessorImpl.java:45)
	at java.lang.reflect.Constructor.newInstance(Constructor.java:423)
	at com.mysql.cj.exceptions.ExceptionFactory.createException(ExceptionFactory.java:62)
	at com.mysql.cj.exceptions.ExceptionFactory.createException(ExceptionFactory.java:105)
	at com.mysql.cj.exceptions.ExceptionFactory.createException(ExceptionFactory.java:150)
	at com.mysql.cj.exceptions.ExceptionFactory.createCommunicationsException(ExceptionFactory.java:166)
	at com.mysql.cj.protocol.a.NativeProtocol.readMessage(NativeProtocol.java:582)
	at com.mysql.cj.protocol.a.NativeProtocol.readServerCapabilities(NativeProtocol.java:537)
	at com.mysql.cj.protocol.a.NativeProtocol.beforeHandshake(NativeProtocol.java:424)
	at com.mysql.cj.protocol.a.NativeProtocol.connect(NativeProtocol.java:1428)
	at com.mysql.cj.NativeSession.connect(NativeSession.java:134)
	at com.mysql.cj.jdbc.ConnectionImpl.connectWithRetries(ConnectionImpl.java:839)
	... 15 common frames omitted
Caused by: java.io.EOFException: Can not read response from server. Expected to read 4 bytes, read 0 bytes before connection was unexpectedly lost.
	at com.mysql.cj.protocol.FullReadInputStream.readFully(FullReadInputStream.java:67)
	at com.mysql.cj.protocol.a.SimplePacketReader.readHeaderLocal(SimplePacketReader.java:81)
	at com.mysql.cj.protocol.a.SimplePacketReader.readHeader(SimplePacketReader.java:63)
	at com.mysql.cj.protocol.a.SimplePacketReader.readHeader(SimplePacketReader.java:45)
	at com.mysql.cj.protocol.a.NativeProtocol.readMessage(NativeProtocol.java:576)
	... 20 common frames omitted
2025-10-20 15:39:05 [XNIO-1 task-7] ERROR c.r.f.w.e.GlobalExceptionHandler - 请求地址'/business/chessPieces/queryChessPiecesList', Mybatis系统异常
org.mybatis.spring.MyBatisSystemException: nested exception is org.apache.ibatis.exceptions.PersistenceException: 
### Error querying database.  Cause: org.springframework.jdbc.CannotGetJdbcConnectionException: Failed to obtain JDBC Connection; nested exception is java.sql.SQLTransientConnectionException: master - Connection is not available, request timed out after 30004ms.
### The error may exist in com/ruoyi/business/mapper/BizChessPiecesMapper.java (best guess)
### The error may involve com.ruoyi.business.mapper.BizChessPiecesMapper.selectList
### The error occurred while executing a query
### Cause: org.springframework.jdbc.CannotGetJdbcConnectionException: Failed to obtain JDBC Connection; nested exception is java.sql.SQLTransientConnectionException: master - Connection is not available, request timed out after 30004ms.
	at org.mybatis.spring.MyBatisExceptionTranslator.translateExceptionIfPossible(MyBatisExceptionTranslator.java:97)
	at org.mybatis.spring.SqlSessionTemplate$SqlSessionInterceptor.invoke(SqlSessionTemplate.java:439)
	at com.sun.proxy.$Proxy136.selectList(Unknown Source)
	at org.mybatis.spring.SqlSessionTemplate.selectList(SqlSessionTemplate.java:224)
	at com.baomidou.mybatisplus.core.override.MybatisMapperMethod.executeForMany(MybatisMapperMethod.java:166)
	at com.baomidou.mybatisplus.core.override.MybatisMapperMethod.execute(MybatisMapperMethod.java:77)
	at com.baomidou.mybatisplus.core.override.MybatisMapperProxy$PlainMethodInvoker.invoke(MybatisMapperProxy.java:152)
	at com.baomidou.mybatisplus.core.override.MybatisMapperProxy.invoke(MybatisMapperProxy.java:89)
	at com.sun.proxy.$Proxy168.selectList(Unknown Source)
	at com.ruoyi.common.core.mapper.BaseMapperPlus.selectVoList(BaseMapperPlus.java:168)
	at java.lang.invoke.MethodHandle.invokeWithArguments(MethodHandle.java:627)
	at com.baomidou.mybatisplus.core.override.MybatisMapperProxy$DefaultMethodInvoker.invoke(MybatisMapperProxy.java:166)
	at com.baomidou.mybatisplus.core.override.MybatisMapperProxy.invoke(MybatisMapperProxy.java:89)
	at com.sun.proxy.$Proxy168.selectVoList(Unknown Source)
	at com.ruoyi.common.core.mapper.BaseMapperPlus.selectVoList(BaseMapperPlus.java:161)
	at java.lang.invoke.MethodHandle.invokeWithArguments(MethodHandle.java:627)
	at com.baomidou.mybatisplus.core.override.MybatisMapperProxy$DefaultMethodInvoker.invoke(MybatisMapperProxy.java:166)
	at com.baomidou.mybatisplus.core.override.MybatisMapperProxy.invoke(MybatisMapperProxy.java:89)
	at com.sun.proxy.$Proxy168.selectVoList(Unknown Source)
	at com.ruoyi.business.service.impl.BizChessPiecesServiceImpl.queryList(BizChessPiecesServiceImpl.java:62)
	at com.ruoyi.business.controller.BizChessPiecesController.queryChessPiecesList(BizChessPiecesController.java:54)
	at com.ruoyi.business.controller.BizChessPiecesController$$FastClassBySpringCGLIB$$17a4c331.invoke(<generated>)
	at org.springframework.cglib.proxy.MethodProxy.invoke(MethodProxy.java:218)
	at org.springframework.aop.framework.CglibAopProxy$CglibMethodInvocation.invokeJoinpoint(CglibAopProxy.java:792)
	at org.springframework.aop.framework.ReflectiveMethodInvocation.proceed(ReflectiveMethodInvocation.java:163)
	at org.springframework.aop.framework.CglibAopProxy$CglibMethodInvocation.proceed(CglibAopProxy.java:762)
	at org.springframework.validation.beanvalidation.MethodValidationInterceptor.invoke(MethodValidationInterceptor.java:123)
	at org.springframework.aop.framework.ReflectiveMethodInvocation.proceed(ReflectiveMethodInvocation.java:186)
	at org.springframework.aop.framework.CglibAopProxy$CglibMethodInvocation.proceed(CglibAopProxy.java:762)
	at org.springframework.aop.interceptor.ExposeInvocationInterceptor.invoke(ExposeInvocationInterceptor.java:97)
	at org.springframework.aop.framework.ReflectiveMethodInvocation.proceed(ReflectiveMethodInvocation.java:186)
	at org.springframework.aop.framework.CglibAopProxy$CglibMethodInvocation.proceed(CglibAopProxy.java:762)
	at org.springframework.aop.framework.CglibAopProxy$DynamicAdvisedInterceptor.intercept(CglibAopProxy.java:707)
	at com.ruoyi.business.controller.BizChessPiecesController$$EnhancerBySpringCGLIB$$2f5b166.queryChessPiecesList(<generated>)
	at sun.reflect.NativeMethodAccessorImpl.invoke0(Native Method)
	at sun.reflect.NativeMethodAccessorImpl.invoke(NativeMethodAccessorImpl.java:62)
	at sun.reflect.DelegatingMethodAccessorImpl.invoke(DelegatingMethodAccessorImpl.java:43)
	at java.lang.reflect.Method.invoke(Method.java:498)
	at org.springframework.web.method.support.InvocableHandlerMethod.doInvoke(InvocableHandlerMethod.java:205)
	at org.springframework.web.method.support.InvocableHandlerMethod.invokeForRequest(InvocableHandlerMethod.java:150)
	at org.springframework.web.servlet.mvc.method.annotation.ServletInvocableHandlerMethod.invokeAndHandle(ServletInvocableHandlerMethod.java:117)
	at org.springframework.web.servlet.mvc.method.annotation.RequestMappingHandlerAdapter.invokeHandlerMethod(RequestMappingHandlerAdapter.java:895)
	at org.springframework.web.servlet.mvc.method.annotation.RequestMappingHandlerAdapter.handleInternal(RequestMappingHandlerAdapter.java:808)
	at org.springframework.web.servlet.mvc.method.AbstractHandlerMethodAdapter.handle(AbstractHandlerMethodAdapter.java:87)
	at org.springframework.web.servlet.DispatcherServlet.doDispatch(DispatcherServlet.java:1072)
	at org.springframework.web.servlet.DispatcherServlet.doService(DispatcherServlet.java:965)
	at org.springframework.web.servlet.FrameworkServlet.processRequest(FrameworkServlet.java:1006)
	at org.springframework.web.servlet.FrameworkServlet.doGet(FrameworkServlet.java:898)
	at javax.servlet.http.HttpServlet.service(HttpServlet.java:497)
	at org.springframework.web.servlet.FrameworkServlet.service(FrameworkServlet.java:883)
	at javax.servlet.http.HttpServlet.service(HttpServlet.java:584)
	at io.undertow.servlet.handlers.ServletHandler.handleRequest(ServletHandler.java:74)
	at io.undertow.servlet.handlers.FilterHandler$FilterChainImpl.doFilter(FilterHandler.java:129)
	at org.springframework.web.filter.CorsFilter.doFilterInternal(CorsFilter.java:91)
	at org.springframework.web.filter.OncePerRequestFilter.doFilter(OncePerRequestFilter.java:117)
	at io.undertow.servlet.core.ManagedFilter.doFilter(ManagedFilter.java:67)
	at io.undertow.servlet.handlers.FilterHandler$FilterChainImpl.doFilter(FilterHandler.java:131)
	at com.ruoyi.common.filter.RepeatableFilter.doFilter(RepeatableFilter.java:30)
	at io.undertow.servlet.core.ManagedFilter.doFilter(ManagedFilter.java:67)
	at io.undertow.servlet.handlers.FilterHandler$FilterChainImpl.doFilter(FilterHandler.java:131)
	at org.springframework.web.filter.RequestContextFilter.doFilterInternal(RequestContextFilter.java:100)
	at org.springframework.web.filter.OncePerRequestFilter.doFilter(OncePerRequestFilter.java:117)
	at io.undertow.servlet.core.ManagedFilter.doFilter(ManagedFilter.java:67)
	at io.undertow.servlet.handlers.FilterHandler$FilterChainImpl.doFilter(FilterHandler.java:131)
	at cn.dev33.satoken.filter.SaPathCheckFilterForServlet.doFilter(SaPathCheckFilterForServlet.java:55)
	at io.undertow.servlet.core.ManagedFilter.doFilter(ManagedFilter.java:67)
	at io.undertow.servlet.handlers.FilterHandler$FilterChainImpl.doFilter(FilterHandler.java:131)
	at org.springframework.web.filter.FormContentFilter.doFilterInternal(FormContentFilter.java:93)
	at org.springframework.web.filter.OncePerRequestFilter.doFilter(OncePerRequestFilter.java:117)
	at io.undertow.servlet.core.ManagedFilter.doFilter(ManagedFilter.java:67)
	at io.undertow.servlet.handlers.FilterHandler$FilterChainImpl.doFilter(FilterHandler.java:131)
	at org.springframework.boot.actuate.metrics.web.servlet.WebMvcMetricsFilter.doFilterInternal(WebMvcMetricsFilter.java:96)
	at org.springframework.web.filter.OncePerRequestFilter.doFilter(OncePerRequestFilter.java:117)
	at io.undertow.servlet.core.ManagedFilter.doFilter(ManagedFilter.java:67)
	at io.undertow.servlet.handlers.FilterHandler$FilterChainImpl.doFilter(FilterHandler.java:131)
	at org.springframework.web.filter.CharacterEncodingFilter.doFilterInternal(CharacterEncodingFilter.java:201)
	at org.springframework.web.filter.OncePerRequestFilter.doFilter(OncePerRequestFilter.java:117)
	at io.undertow.servlet.core.ManagedFilter.doFilter(ManagedFilter.java:67)
	at io.undertow.servlet.handlers.FilterHandler$FilterChainImpl.doFilter(FilterHandler.java:131)
	at io.undertow.servlet.handlers.FilterHandler.handleRequest(FilterHandler.java:84)
	at io.undertow.servlet.handlers.security.ServletSecurityRoleHandler.handleRequest(ServletSecurityRoleHandler.java:62)
	at io.undertow.servlet.handlers.ServletChain$1.handleRequest(ServletChain.java:68)
	at io.undertow.servlet.handlers.ServletDispatchingHandler.handleRequest(ServletDispatchingHandler.java:36)
	at io.undertow.servlet.handlers.RedirectDirHandler.handleRequest(RedirectDirHandler.java:68)
	at io.undertow.servlet.handlers.security.SSLInformationAssociationHandler.handleRequest(SSLInformationAssociationHandler.java:117)
	at io.undertow.servlet.handlers.security.ServletAuthenticationCallHandler.handleRequest(ServletAuthenticationCallHandler.java:57)
	at io.undertow.server.handlers.PredicateHandler.handleRequest(PredicateHandler.java:43)
	at io.undertow.security.handlers.AbstractConfidentialityHandler.handleRequest(AbstractConfidentialityHandler.java:46)
	at io.undertow.servlet.handlers.security.ServletConfidentialityConstraintHandler.handleRequest(ServletConfidentialityConstraintHandler.java:64)
	at io.undertow.security.handlers.AuthenticationMechanismsHandler.handleRequest(AuthenticationMechanismsHandler.java:60)
	at io.undertow.servlet.handlers.security.CachedAuthenticatedSessionHandler.handleRequest(CachedAuthenticatedSessionHandler.java:77)
	at io.undertow.security.handlers.AbstractSecurityContextAssociationHandler.handleRequest(AbstractSecurityContextAssociationHandler.java:43)
	at io.undertow.server.handlers.PredicateHandler.handleRequest(PredicateHandler.java:43)
	at io.undertow.servlet.handlers.SendErrorPageHandler.handleRequest(SendErrorPageHandler.java:52)
	at io.undertow.server.handlers.PredicateHandler.handleRequest(PredicateHandler.java:43)
	at io.undertow.servlet.handlers.ServletInitialHandler.handleFirstRequest(ServletInitialHandler.java:275)
	at io.undertow.servlet.handlers.ServletInitialHandler.access$100(ServletInitialHandler.java:79)
	at io.undertow.servlet.handlers.ServletInitialHandler$2.call(ServletInitialHandler.java:134)
	at io.undertow.servlet.handlers.ServletInitialHandler$2.call(ServletInitialHandler.java:131)
	at io.undertow.servlet.core.ServletRequestContextThreadSetupAction$1.call(ServletRequestContextThreadSetupAction.java:48)
	at io.undertow.servlet.core.ContextClassLoaderSetupAction$1.call(ContextClassLoaderSetupAction.java:43)
	at io.undertow.servlet.handlers.ServletInitialHandler.dispatchRequest(ServletInitialHandler.java:255)
	at io.undertow.servlet.handlers.ServletInitialHandler.access$000(ServletInitialHandler.java:79)
	at io.undertow.servlet.handlers.ServletInitialHandler$1.handleRequest(ServletInitialHandler.java:100)
	at io.undertow.server.Connectors.executeRootHandler(Connectors.java:393)
	at io.undertow.server.HttpServerExchange$1.run(HttpServerExchange.java:852)
	at org.jboss.threads.ContextClassLoaderSavingRunnable.run(ContextClassLoaderSavingRunnable.java:35)
	at org.jboss.threads.EnhancedQueueExecutor.safeRun(EnhancedQueueExecutor.java:2019)
	at org.jboss.threads.EnhancedQueueExecutor$ThreadBody.doRunTask(EnhancedQueueExecutor.java:1558)
	at org.jboss.threads.EnhancedQueueExecutor$ThreadBody.run(EnhancedQueueExecutor.java:1449)
	at org.xnio.XnioWorker$WorkerThreadFactory$1$1.run(XnioWorker.java:1282)
	at java.lang.Thread.run(Thread.java:750)
Caused by: org.apache.ibatis.exceptions.PersistenceException: 
### Error querying database.  Cause: org.springframework.jdbc.CannotGetJdbcConnectionException: Failed to obtain JDBC Connection; nested exception is java.sql.SQLTransientConnectionException: master - Connection is not available, request timed out after 30004ms.
### The error may exist in com/ruoyi/business/mapper/BizChessPiecesMapper.java (best guess)
### The error may involve com.ruoyi.business.mapper.BizChessPiecesMapper.selectList
### The error occurred while executing a query
### Cause: org.springframework.jdbc.CannotGetJdbcConnectionException: Failed to obtain JDBC Connection; nested exception is java.sql.SQLTransientConnectionException: master - Connection is not available, request timed out after 30004ms.
	at org.apache.ibatis.exceptions.ExceptionFactory.wrapException(ExceptionFactory.java:30)
	at org.apache.ibatis.session.defaults.DefaultSqlSession.selectList(DefaultSqlSession.java:156)
	at org.apache.ibatis.session.defaults.DefaultSqlSession.selectList(DefaultSqlSession.java:147)
	at org.apache.ibatis.session.defaults.DefaultSqlSession.selectList(DefaultSqlSession.java:142)
	at sun.reflect.NativeMethodAccessorImpl.invoke0(Native Method)
	at sun.reflect.NativeMethodAccessorImpl.invoke(NativeMethodAccessorImpl.java:62)
	at sun.reflect.DelegatingMethodAccessorImpl.invoke(DelegatingMethodAccessorImpl.java:43)
	at java.lang.reflect.Method.invoke(Method.java:498)
	at org.mybatis.spring.SqlSessionTemplate$SqlSessionInterceptor.invoke(SqlSessionTemplate.java:425)
	... 110 common frames omitted
Caused by: org.springframework.jdbc.CannotGetJdbcConnectionException: Failed to obtain JDBC Connection; nested exception is java.sql.SQLTransientConnectionException: master - Connection is not available, request timed out after 30004ms.
	at org.springframework.jdbc.datasource.DataSourceUtils.getConnection(DataSourceUtils.java:84)
	at org.mybatis.spring.transaction.SpringManagedTransaction.openConnection(SpringManagedTransaction.java:80)
	at org.mybatis.spring.transaction.SpringManagedTransaction.getConnection(SpringManagedTransaction.java:67)
	at org.apache.ibatis.executor.BaseExecutor.getConnection(BaseExecutor.java:345)
	at org.apache.ibatis.executor.SimpleExecutor.prepareStatement(SimpleExecutor.java:89)
	at org.apache.ibatis.executor.SimpleExecutor.doQuery(SimpleExecutor.java:64)
	at org.apache.ibatis.executor.BaseExecutor.queryFromDatabase(BaseExecutor.java:333)
	at org.apache.ibatis.executor.BaseExecutor.query(BaseExecutor.java:158)
	at org.apache.ibatis.executor.CachingExecutor.query(CachingExecutor.java:110)
	at com.baomidou.mybatisplus.extension.plugins.MybatisPlusInterceptor.intercept(MybatisPlusInterceptor.java:81)
	at org.apache.ibatis.plugin.Plugin.invoke(Plugin.java:59)
	at com.sun.proxy.$Proxy323.query(Unknown Source)
	at org.apache.ibatis.session.defaults.DefaultSqlSession.selectList(DefaultSqlSession.java:154)
	... 117 common frames omitted
Caused by: java.sql.SQLTransientConnectionException: master - Connection is not available, request timed out after 30004ms.
	at com.zaxxer.hikari.pool.HikariPool.createTimeoutException(HikariPool.java:696)
	at com.zaxxer.hikari.pool.HikariPool.getConnection(HikariPool.java:197)
	at com.zaxxer.hikari.pool.HikariPool.getConnection(HikariPool.java:162)
	at com.zaxxer.hikari.HikariDataSource.getConnection(HikariDataSource.java:100)
	at com.p6spy.engine.spy.P6DataSource.getConnection(P6DataSource.java:300)
	at com.baomidou.dynamic.datasource.ds.ItemDataSource.getConnection(ItemDataSource.java:56)
	at com.baomidou.dynamic.datasource.ds.AbstractRoutingDataSource.getConnection(AbstractRoutingDataSource.java:55)
	at org.springframework.jdbc.datasource.DataSourceUtils.fetchConnection(DataSourceUtils.java:160)
	at org.springframework.jdbc.datasource.DataSourceUtils.doGetConnection(DataSourceUtils.java:118)
	at org.springframework.jdbc.datasource.DataSourceUtils.getConnection(DataSourceUtils.java:81)
	... 129 common frames omitted
Caused by: java.sql.SQLNonTransientConnectionException: Could not create connection to database server. Attempted reconnect 3 times. Giving up.
	at com.mysql.cj.jdbc.exceptions.SQLError.createSQLException(SQLError.java:111)
	at com.mysql.cj.jdbc.exceptions.SQLError.createSQLException(SQLError.java:98)
	at com.mysql.cj.jdbc.exceptions.SQLError.createSQLException(SQLError.java:90)
	at com.mysql.cj.jdbc.exceptions.SQLError.createSQLException(SQLError.java:64)
	at com.mysql.cj.jdbc.exceptions.SQLError.createSQLException(SQLError.java:74)
	at com.mysql.cj.jdbc.ConnectionImpl.connectWithRetries(ConnectionImpl.java:895)
	at com.mysql.cj.jdbc.ConnectionImpl.createNewIO(ConnectionImpl.java:820)
	at com.mysql.cj.jdbc.ConnectionImpl.<init>(ConnectionImpl.java:446)
	at com.mysql.cj.jdbc.ConnectionImpl.getInstance(ConnectionImpl.java:239)
	at com.mysql.cj.jdbc.NonRegisteringDriver.connect(NonRegisteringDriver.java:188)
	at com.zaxxer.hikari.util.DriverDataSource.getConnection(DriverDataSource.java:138)
	at com.zaxxer.hikari.pool.PoolBase.newConnection(PoolBase.java:364)
	at com.zaxxer.hikari.pool.PoolBase.newPoolEntry(PoolBase.java:206)
	at com.zaxxer.hikari.pool.HikariPool.createPoolEntry(HikariPool.java:476)
	at com.zaxxer.hikari.pool.HikariPool.access$100(HikariPool.java:71)
	at com.zaxxer.hikari.pool.HikariPool$PoolEntryCreator.call(HikariPool.java:726)
	at com.zaxxer.hikari.pool.HikariPool$PoolEntryCreator.call(HikariPool.java:712)
	at java.util.concurrent.FutureTask.run(FutureTask.java:266)
	at java.util.concurrent.ThreadPoolExecutor.runWorker(ThreadPoolExecutor.java:1149)
	at java.util.concurrent.ThreadPoolExecutor$Worker.run(ThreadPoolExecutor.java:624)
	... 1 common frames omitted
Caused by: com.mysql.cj.exceptions.CJCommunicationsException: Communications link failure

The last packet sent successfully to the server was 0 milliseconds ago. The driver has not received any packets from the server.
	at sun.reflect.NativeConstructorAccessorImpl.newInstance0(Native Method)
	at sun.reflect.NativeConstructorAccessorImpl.newInstance(NativeConstructorAccessorImpl.java:62)
	at sun.reflect.DelegatingConstructorAccessorImpl.newInstance(DelegatingConstructorAccessorImpl.java:45)
	at java.lang.reflect.Constructor.newInstance(Constructor.java:423)
	at com.mysql.cj.exceptions.ExceptionFactory.createException(ExceptionFactory.java:62)
	at com.mysql.cj.exceptions.ExceptionFactory.createException(ExceptionFactory.java:105)
	at com.mysql.cj.exceptions.ExceptionFactory.createException(ExceptionFactory.java:150)
	at com.mysql.cj.exceptions.ExceptionFactory.createCommunicationsException(ExceptionFactory.java:166)
	at com.mysql.cj.protocol.a.NativeProtocol.readMessage(NativeProtocol.java:582)
	at com.mysql.cj.protocol.a.NativeProtocol.readServerCapabilities(NativeProtocol.java:537)
	at com.mysql.cj.protocol.a.NativeProtocol.beforeHandshake(NativeProtocol.java:424)
	at com.mysql.cj.protocol.a.NativeProtocol.connect(NativeProtocol.java:1428)
	at com.mysql.cj.NativeSession.connect(NativeSession.java:134)
	at com.mysql.cj.jdbc.ConnectionImpl.connectWithRetries(ConnectionImpl.java:839)
	... 15 common frames omitted
Caused by: java.io.EOFException: Can not read response from server. Expected to read 4 bytes, read 0 bytes before connection was unexpectedly lost.
	at com.mysql.cj.protocol.FullReadInputStream.readFully(FullReadInputStream.java:67)
	at com.mysql.cj.protocol.a.SimplePacketReader.readHeaderLocal(SimplePacketReader.java:81)
	at com.mysql.cj.protocol.a.SimplePacketReader.readHeader(SimplePacketReader.java:63)
	at com.mysql.cj.protocol.a.SimplePacketReader.readHeader(SimplePacketReader.java:45)
	at com.mysql.cj.protocol.a.NativeProtocol.readMessage(NativeProtocol.java:576)
	... 20 common frames omitted
2025-10-20 15:39:05 [XNIO-1 task-5] ERROR c.r.f.w.e.GlobalExceptionHandler - 请求地址'/business/product/list', Mybatis系统异常
org.mybatis.spring.MyBatisSystemException: nested exception is org.apache.ibatis.exceptions.PersistenceException: 
### Error querying database.  Cause: org.springframework.jdbc.CannotGetJdbcConnectionException: Failed to obtain JDBC Connection; nested exception is java.sql.SQLTransientConnectionException: master - Connection is not available, request timed out after 30006ms.
### The error may exist in com/ruoyi/business/mapper/BizProductMapper.java (best guess)
### The error may involve com.ruoyi.business.mapper.BizProductMapper.selectList_mpCount
### The error occurred while executing a query
### Cause: org.springframework.jdbc.CannotGetJdbcConnectionException: Failed to obtain JDBC Connection; nested exception is java.sql.SQLTransientConnectionException: master - Connection is not available, request timed out after 30006ms.
	at org.mybatis.spring.MyBatisExceptionTranslator.translateExceptionIfPossible(MyBatisExceptionTranslator.java:97)
	at org.mybatis.spring.SqlSessionTemplate$SqlSessionInterceptor.invoke(SqlSessionTemplate.java:439)
	at com.sun.proxy.$Proxy136.selectList(Unknown Source)
	at org.mybatis.spring.SqlSessionTemplate.selectList(SqlSessionTemplate.java:224)
	at com.baomidou.mybatisplus.core.override.MybatisMapperMethod.executeForMany(MybatisMapperMethod.java:166)
	at com.baomidou.mybatisplus.core.override.MybatisMapperMethod.execute(MybatisMapperMethod.java:77)
	at com.baomidou.mybatisplus.core.override.MybatisMapperProxy$PlainMethodInvoker.invoke(MybatisMapperProxy.java:152)
	at com.baomidou.mybatisplus.core.override.MybatisMapperProxy.invoke(MybatisMapperProxy.java:89)
	at com.sun.proxy.$Proxy174.selectList(Unknown Source)
	at com.ruoyi.common.core.mapper.BaseMapperPlus.selectVoPage(BaseMapperPlus.java:183)
	at java.lang.invoke.MethodHandle.invokeWithArguments(MethodHandle.java:627)
	at com.baomidou.mybatisplus.core.override.MybatisMapperProxy$DefaultMethodInvoker.invoke(MybatisMapperProxy.java:166)
	at com.baomidou.mybatisplus.core.override.MybatisMapperProxy.invoke(MybatisMapperProxy.java:89)
	at com.sun.proxy.$Proxy174.selectVoPage(Unknown Source)
	at com.ruoyi.common.core.mapper.BaseMapperPlus.selectVoPage(BaseMapperPlus.java:176)
	at java.lang.invoke.MethodHandle.invokeWithArguments(MethodHandle.java:627)
	at com.baomidou.mybatisplus.core.override.MybatisMapperProxy$DefaultMethodInvoker.invoke(MybatisMapperProxy.java:166)
	at com.baomidou.mybatisplus.core.override.MybatisMapperProxy.invoke(MybatisMapperProxy.java:89)
	at com.sun.proxy.$Proxy174.selectVoPage(Unknown Source)
	at com.ruoyi.business.service.impl.BizProductServiceImpl.queryPageList(BizProductServiceImpl.java:49)
	at com.ruoyi.business.controller.BizProductController.list(BizProductController.java:48)
	at com.ruoyi.business.controller.BizProductController$$FastClassBySpringCGLIB$$262e2d3b.invoke(<generated>)
	at org.springframework.cglib.proxy.MethodProxy.invoke(MethodProxy.java:218)
	at org.springframework.aop.framework.CglibAopProxy$CglibMethodInvocation.invokeJoinpoint(CglibAopProxy.java:792)
	at org.springframework.aop.framework.ReflectiveMethodInvocation.proceed(ReflectiveMethodInvocation.java:163)
	at org.springframework.aop.framework.CglibAopProxy$CglibMethodInvocation.proceed(CglibAopProxy.java:762)
	at org.springframework.validation.beanvalidation.MethodValidationInterceptor.invoke(MethodValidationInterceptor.java:123)
	at org.springframework.aop.framework.ReflectiveMethodInvocation.proceed(ReflectiveMethodInvocation.java:186)
	at org.springframework.aop.framework.CglibAopProxy$CglibMethodInvocation.proceed(CglibAopProxy.java:762)
	at org.springframework.aop.interceptor.ExposeInvocationInterceptor.invoke(ExposeInvocationInterceptor.java:97)
	at org.springframework.aop.framework.ReflectiveMethodInvocation.proceed(ReflectiveMethodInvocation.java:186)
	at org.springframework.aop.framework.CglibAopProxy$CglibMethodInvocation.proceed(CglibAopProxy.java:762)
	at org.springframework.aop.framework.CglibAopProxy$DynamicAdvisedInterceptor.intercept(CglibAopProxy.java:707)
	at com.ruoyi.business.controller.BizProductController$$EnhancerBySpringCGLIB$$36d785c4.list(<generated>)
	at sun.reflect.NativeMethodAccessorImpl.invoke0(Native Method)
	at sun.reflect.NativeMethodAccessorImpl.invoke(NativeMethodAccessorImpl.java:62)
	at sun.reflect.DelegatingMethodAccessorImpl.invoke(DelegatingMethodAccessorImpl.java:43)
	at java.lang.reflect.Method.invoke(Method.java:498)
	at org.springframework.web.method.support.InvocableHandlerMethod.doInvoke(InvocableHandlerMethod.java:205)
	at org.springframework.web.method.support.InvocableHandlerMethod.invokeForRequest(InvocableHandlerMethod.java:150)
	at org.springframework.web.servlet.mvc.method.annotation.ServletInvocableHandlerMethod.invokeAndHandle(ServletInvocableHandlerMethod.java:117)
	at org.springframework.web.servlet.mvc.method.annotation.RequestMappingHandlerAdapter.invokeHandlerMethod(RequestMappingHandlerAdapter.java:895)
	at org.springframework.web.servlet.mvc.method.annotation.RequestMappingHandlerAdapter.handleInternal(RequestMappingHandlerAdapter.java:808)
	at org.springframework.web.servlet.mvc.method.AbstractHandlerMethodAdapter.handle(AbstractHandlerMethodAdapter.java:87)
	at org.springframework.web.servlet.DispatcherServlet.doDispatch(DispatcherServlet.java:1072)
	at org.springframework.web.servlet.DispatcherServlet.doService(DispatcherServlet.java:965)
	at org.springframework.web.servlet.FrameworkServlet.processRequest(FrameworkServlet.java:1006)
	at org.springframework.web.servlet.FrameworkServlet.doGet(FrameworkServlet.java:898)
	at javax.servlet.http.HttpServlet.service(HttpServlet.java:497)
	at org.springframework.web.servlet.FrameworkServlet.service(FrameworkServlet.java:883)
	at javax.servlet.http.HttpServlet.service(HttpServlet.java:584)
	at io.undertow.servlet.handlers.ServletHandler.handleRequest(ServletHandler.java:74)
	at io.undertow.servlet.handlers.FilterHandler$FilterChainImpl.doFilter(FilterHandler.java:129)
	at org.springframework.web.filter.CorsFilter.doFilterInternal(CorsFilter.java:91)
	at org.springframework.web.filter.OncePerRequestFilter.doFilter(OncePerRequestFilter.java:117)
	at io.undertow.servlet.core.ManagedFilter.doFilter(ManagedFilter.java:67)
	at io.undertow.servlet.handlers.FilterHandler$FilterChainImpl.doFilter(FilterHandler.java:131)
	at com.ruoyi.common.filter.RepeatableFilter.doFilter(RepeatableFilter.java:30)
	at io.undertow.servlet.core.ManagedFilter.doFilter(ManagedFilter.java:67)
	at io.undertow.servlet.handlers.FilterHandler$FilterChainImpl.doFilter(FilterHandler.java:131)
	at org.springframework.web.filter.RequestContextFilter.doFilterInternal(RequestContextFilter.java:100)
	at org.springframework.web.filter.OncePerRequestFilter.doFilter(OncePerRequestFilter.java:117)
	at io.undertow.servlet.core.ManagedFilter.doFilter(ManagedFilter.java:67)
	at io.undertow.servlet.handlers.FilterHandler$FilterChainImpl.doFilter(FilterHandler.java:131)
	at cn.dev33.satoken.filter.SaPathCheckFilterForServlet.doFilter(SaPathCheckFilterForServlet.java:55)
	at io.undertow.servlet.core.ManagedFilter.doFilter(ManagedFilter.java:67)
	at io.undertow.servlet.handlers.FilterHandler$FilterChainImpl.doFilter(FilterHandler.java:131)
	at org.springframework.web.filter.FormContentFilter.doFilterInternal(FormContentFilter.java:93)
	at org.springframework.web.filter.OncePerRequestFilter.doFilter(OncePerRequestFilter.java:117)
	at io.undertow.servlet.core.ManagedFilter.doFilter(ManagedFilter.java:67)
	at io.undertow.servlet.handlers.FilterHandler$FilterChainImpl.doFilter(FilterHandler.java:131)
	at org.springframework.boot.actuate.metrics.web.servlet.WebMvcMetricsFilter.doFilterInternal(WebMvcMetricsFilter.java:96)
	at org.springframework.web.filter.OncePerRequestFilter.doFilter(OncePerRequestFilter.java:117)
	at io.undertow.servlet.core.ManagedFilter.doFilter(ManagedFilter.java:67)
	at io.undertow.servlet.handlers.FilterHandler$FilterChainImpl.doFilter(FilterHandler.java:131)
	at org.springframework.web.filter.CharacterEncodingFilter.doFilterInternal(CharacterEncodingFilter.java:201)
	at org.springframework.web.filter.OncePerRequestFilter.doFilter(OncePerRequestFilter.java:117)
	at io.undertow.servlet.core.ManagedFilter.doFilter(ManagedFilter.java:67)
	at io.undertow.servlet.handlers.FilterHandler$FilterChainImpl.doFilter(FilterHandler.java:131)
	at io.undertow.servlet.handlers.FilterHandler.handleRequest(FilterHandler.java:84)
	at io.undertow.servlet.handlers.security.ServletSecurityRoleHandler.handleRequest(ServletSecurityRoleHandler.java:62)
	at io.undertow.servlet.handlers.ServletChain$1.handleRequest(ServletChain.java:68)
	at io.undertow.servlet.handlers.ServletDispatchingHandler.handleRequest(ServletDispatchingHandler.java:36)
	at io.undertow.servlet.handlers.RedirectDirHandler.handleRequest(RedirectDirHandler.java:68)
	at io.undertow.servlet.handlers.security.SSLInformationAssociationHandler.handleRequest(SSLInformationAssociationHandler.java:117)
	at io.undertow.servlet.handlers.security.ServletAuthenticationCallHandler.handleRequest(ServletAuthenticationCallHandler.java:57)
	at io.undertow.server.handlers.PredicateHandler.handleRequest(PredicateHandler.java:43)
	at io.undertow.security.handlers.AbstractConfidentialityHandler.handleRequest(AbstractConfidentialityHandler.java:46)
	at io.undertow.servlet.handlers.security.ServletConfidentialityConstraintHandler.handleRequest(ServletConfidentialityConstraintHandler.java:64)
	at io.undertow.security.handlers.AuthenticationMechanismsHandler.handleRequest(AuthenticationMechanismsHandler.java:60)
	at io.undertow.servlet.handlers.security.CachedAuthenticatedSessionHandler.handleRequest(CachedAuthenticatedSessionHandler.java:77)
	at io.undertow.security.handlers.AbstractSecurityContextAssociationHandler.handleRequest(AbstractSecurityContextAssociationHandler.java:43)
	at io.undertow.server.handlers.PredicateHandler.handleRequest(PredicateHandler.java:43)
	at io.undertow.servlet.handlers.SendErrorPageHandler.handleRequest(SendErrorPageHandler.java:52)
	at io.undertow.server.handlers.PredicateHandler.handleRequest(PredicateHandler.java:43)
	at io.undertow.servlet.handlers.ServletInitialHandler.handleFirstRequest(ServletInitialHandler.java:275)
	at io.undertow.servlet.handlers.ServletInitialHandler.access$100(ServletInitialHandler.java:79)
	at io.undertow.servlet.handlers.ServletInitialHandler$2.call(ServletInitialHandler.java:134)
	at io.undertow.servlet.handlers.ServletInitialHandler$2.call(ServletInitialHandler.java:131)
	at io.undertow.servlet.core.ServletRequestContextThreadSetupAction$1.call(ServletRequestContextThreadSetupAction.java:48)
	at io.undertow.servlet.core.ContextClassLoaderSetupAction$1.call(ContextClassLoaderSetupAction.java:43)
	at io.undertow.servlet.handlers.ServletInitialHandler.dispatchRequest(ServletInitialHandler.java:255)
	at io.undertow.servlet.handlers.ServletInitialHandler.access$000(ServletInitialHandler.java:79)
	at io.undertow.servlet.handlers.ServletInitialHandler$1.handleRequest(ServletInitialHandler.java:100)
	at io.undertow.server.Connectors.executeRootHandler(Connectors.java:393)
	at io.undertow.server.HttpServerExchange$1.run(HttpServerExchange.java:852)
	at org.jboss.threads.ContextClassLoaderSavingRunnable.run(ContextClassLoaderSavingRunnable.java:35)
	at org.jboss.threads.EnhancedQueueExecutor.safeRun(EnhancedQueueExecutor.java:2019)
	at org.jboss.threads.EnhancedQueueExecutor$ThreadBody.doRunTask(EnhancedQueueExecutor.java:1558)
	at org.jboss.threads.EnhancedQueueExecutor$ThreadBody.run(EnhancedQueueExecutor.java:1449)
	at org.xnio.XnioWorker$WorkerThreadFactory$1$1.run(XnioWorker.java:1282)
	at java.lang.Thread.run(Thread.java:750)
Caused by: org.apache.ibatis.exceptions.PersistenceException: 
### Error querying database.  Cause: org.springframework.jdbc.CannotGetJdbcConnectionException: Failed to obtain JDBC Connection; nested exception is java.sql.SQLTransientConnectionException: master - Connection is not available, request timed out after 30006ms.
### The error may exist in com/ruoyi/business/mapper/BizProductMapper.java (best guess)
### The error may involve com.ruoyi.business.mapper.BizProductMapper.selectList_mpCount
### The error occurred while executing a query
### Cause: org.springframework.jdbc.CannotGetJdbcConnectionException: Failed to obtain JDBC Connection; nested exception is java.sql.SQLTransientConnectionException: master - Connection is not available, request timed out after 30006ms.
	at org.apache.ibatis.exceptions.ExceptionFactory.wrapException(ExceptionFactory.java:30)
	at org.apache.ibatis.session.defaults.DefaultSqlSession.selectList(DefaultSqlSession.java:156)
	at org.apache.ibatis.session.defaults.DefaultSqlSession.selectList(DefaultSqlSession.java:147)
	at org.apache.ibatis.session.defaults.DefaultSqlSession.selectList(DefaultSqlSession.java:142)
	at sun.reflect.NativeMethodAccessorImpl.invoke0(Native Method)
	at sun.reflect.NativeMethodAccessorImpl.invoke(NativeMethodAccessorImpl.java:62)
	at sun.reflect.DelegatingMethodAccessorImpl.invoke(DelegatingMethodAccessorImpl.java:43)
	at java.lang.reflect.Method.invoke(Method.java:498)
	at org.mybatis.spring.SqlSessionTemplate$SqlSessionInterceptor.invoke(SqlSessionTemplate.java:425)
	... 110 common frames omitted
Caused by: org.springframework.jdbc.CannotGetJdbcConnectionException: Failed to obtain JDBC Connection; nested exception is java.sql.SQLTransientConnectionException: master - Connection is not available, request timed out after 30006ms.
	at org.springframework.jdbc.datasource.DataSourceUtils.getConnection(DataSourceUtils.java:84)
	at org.mybatis.spring.transaction.SpringManagedTransaction.openConnection(SpringManagedTransaction.java:80)
	at org.mybatis.spring.transaction.SpringManagedTransaction.getConnection(SpringManagedTransaction.java:67)
	at org.apache.ibatis.executor.BaseExecutor.getConnection(BaseExecutor.java:345)
	at org.apache.ibatis.executor.SimpleExecutor.prepareStatement(SimpleExecutor.java:89)
	at org.apache.ibatis.executor.SimpleExecutor.doQuery(SimpleExecutor.java:64)
	at org.apache.ibatis.executor.BaseExecutor.queryFromDatabase(BaseExecutor.java:333)
	at org.apache.ibatis.executor.BaseExecutor.query(BaseExecutor.java:158)
	at org.apache.ibatis.executor.CachingExecutor.query(CachingExecutor.java:110)
	at com.baomidou.mybatisplus.extension.plugins.inner.PaginationInnerInterceptor.willDoQuery(PaginationInnerInterceptor.java:135)
	at com.baomidou.mybatisplus.extension.plugins.MybatisPlusInterceptor.intercept(MybatisPlusInterceptor.java:75)
	at org.apache.ibatis.plugin.Plugin.invoke(Plugin.java:59)
	at com.sun.proxy.$Proxy323.query(Unknown Source)
	at org.apache.ibatis.session.defaults.DefaultSqlSession.selectList(DefaultSqlSession.java:154)
	... 117 common frames omitted
Caused by: java.sql.SQLTransientConnectionException: master - Connection is not available, request timed out after 30006ms.
	at com.zaxxer.hikari.pool.HikariPool.createTimeoutException(HikariPool.java:696)
	at com.zaxxer.hikari.pool.HikariPool.getConnection(HikariPool.java:197)
	at com.zaxxer.hikari.pool.HikariPool.getConnection(HikariPool.java:162)
	at com.zaxxer.hikari.HikariDataSource.getConnection(HikariDataSource.java:100)
	at com.p6spy.engine.spy.P6DataSource.getConnection(P6DataSource.java:300)
	at com.baomidou.dynamic.datasource.ds.ItemDataSource.getConnection(ItemDataSource.java:56)
	at com.baomidou.dynamic.datasource.ds.AbstractRoutingDataSource.getConnection(AbstractRoutingDataSource.java:55)
	at org.springframework.jdbc.datasource.DataSourceUtils.fetchConnection(DataSourceUtils.java:160)
	at org.springframework.jdbc.datasource.DataSourceUtils.doGetConnection(DataSourceUtils.java:118)
	at org.springframework.jdbc.datasource.DataSourceUtils.getConnection(DataSourceUtils.java:81)
	... 130 common frames omitted
Caused by: java.sql.SQLNonTransientConnectionException: Could not create connection to database server. Attempted reconnect 3 times. Giving up.
	at com.mysql.cj.jdbc.exceptions.SQLError.createSQLException(SQLError.java:111)
	at com.mysql.cj.jdbc.exceptions.SQLError.createSQLException(SQLError.java:98)
	at com.mysql.cj.jdbc.exceptions.SQLError.createSQLException(SQLError.java:90)
	at com.mysql.cj.jdbc.exceptions.SQLError.createSQLException(SQLError.java:64)
	at com.mysql.cj.jdbc.exceptions.SQLError.createSQLException(SQLError.java:74)
	at com.mysql.cj.jdbc.ConnectionImpl.connectWithRetries(ConnectionImpl.java:895)
	at com.mysql.cj.jdbc.ConnectionImpl.createNewIO(ConnectionImpl.java:820)
	at com.mysql.cj.jdbc.ConnectionImpl.<init>(ConnectionImpl.java:446)
	at com.mysql.cj.jdbc.ConnectionImpl.getInstance(ConnectionImpl.java:239)
	at com.mysql.cj.jdbc.NonRegisteringDriver.connect(NonRegisteringDriver.java:188)
	at com.zaxxer.hikari.util.DriverDataSource.getConnection(DriverDataSource.java:138)
	at com.zaxxer.hikari.pool.PoolBase.newConnection(PoolBase.java:364)
	at com.zaxxer.hikari.pool.PoolBase.newPoolEntry(PoolBase.java:206)
	at com.zaxxer.hikari.pool.HikariPool.createPoolEntry(HikariPool.java:476)
	at com.zaxxer.hikari.pool.HikariPool.access$100(HikariPool.java:71)
	at com.zaxxer.hikari.pool.HikariPool$PoolEntryCreator.call(HikariPool.java:726)
	at com.zaxxer.hikari.pool.HikariPool$PoolEntryCreator.call(HikariPool.java:712)
	at java.util.concurrent.FutureTask.run(FutureTask.java:266)
	at java.util.concurrent.ThreadPoolExecutor.runWorker(ThreadPoolExecutor.java:1149)
	at java.util.concurrent.ThreadPoolExecutor$Worker.run(ThreadPoolExecutor.java:624)
	... 1 common frames omitted
Caused by: com.mysql.cj.exceptions.CJCommunicationsException: Communications link failure

The last packet sent successfully to the server was 0 milliseconds ago. The driver has not received any packets from the server.
	at sun.reflect.NativeConstructorAccessorImpl.newInstance0(Native Method)
	at sun.reflect.NativeConstructorAccessorImpl.newInstance(NativeConstructorAccessorImpl.java:62)
	at sun.reflect.DelegatingConstructorAccessorImpl.newInstance(DelegatingConstructorAccessorImpl.java:45)
	at java.lang.reflect.Constructor.newInstance(Constructor.java:423)
	at com.mysql.cj.exceptions.ExceptionFactory.createException(ExceptionFactory.java:62)
	at com.mysql.cj.exceptions.ExceptionFactory.createException(ExceptionFactory.java:105)
	at com.mysql.cj.exceptions.ExceptionFactory.createException(ExceptionFactory.java:150)
	at com.mysql.cj.exceptions.ExceptionFactory.createCommunicationsException(ExceptionFactory.java:166)
	at com.mysql.cj.protocol.a.NativeProtocol.readMessage(NativeProtocol.java:582)
	at com.mysql.cj.protocol.a.NativeProtocol.readServerCapabilities(NativeProtocol.java:537)
	at com.mysql.cj.protocol.a.NativeProtocol.beforeHandshake(NativeProtocol.java:424)
	at com.mysql.cj.protocol.a.NativeProtocol.connect(NativeProtocol.java:1428)
	at com.mysql.cj.NativeSession.connect(NativeSession.java:134)
	at com.mysql.cj.jdbc.ConnectionImpl.connectWithRetries(ConnectionImpl.java:839)
	... 15 common frames omitted
Caused by: java.io.EOFException: Can not read response from server. Expected to read 4 bytes, read 0 bytes before connection was unexpectedly lost.
	at com.mysql.cj.protocol.FullReadInputStream.readFully(FullReadInputStream.java:67)
	at com.mysql.cj.protocol.a.SimplePacketReader.readHeaderLocal(SimplePacketReader.java:81)
	at com.mysql.cj.protocol.a.SimplePacketReader.readHeader(SimplePacketReader.java:63)
	at com.mysql.cj.protocol.a.SimplePacketReader.readHeader(SimplePacketReader.java:45)
	at com.mysql.cj.protocol.a.NativeProtocol.readMessage(NativeProtocol.java:576)
	... 20 common frames omitted
2025-10-20 15:39:05 [XNIO-1 task-6] ERROR c.r.f.w.e.GlobalExceptionHandler - 请求地址'/business/scenario/queryScenarioList', Mybatis系统异常
org.mybatis.spring.MyBatisSystemException: nested exception is org.apache.ibatis.exceptions.PersistenceException: 
### Error querying database.  Cause: org.springframework.jdbc.CannotGetJdbcConnectionException: Failed to obtain JDBC Connection; nested exception is java.sql.SQLTransientConnectionException: master - Connection is not available, request timed out after 30002ms.
### The error may exist in com/ruoyi/business/mapper/BizScenarioMapper.java (best guess)
### The error may involve com.ruoyi.business.mapper.BizScenarioMapper.selectList
### The error occurred while executing a query
### Cause: org.springframework.jdbc.CannotGetJdbcConnectionException: Failed to obtain JDBC Connection; nested exception is java.sql.SQLTransientConnectionException: master - Connection is not available, request timed out after 30002ms.
	at org.mybatis.spring.MyBatisExceptionTranslator.translateExceptionIfPossible(MyBatisExceptionTranslator.java:97)
	at org.mybatis.spring.SqlSessionTemplate$SqlSessionInterceptor.invoke(SqlSessionTemplate.java:439)
	at com.sun.proxy.$Proxy136.selectList(Unknown Source)
	at org.mybatis.spring.SqlSessionTemplate.selectList(SqlSessionTemplate.java:224)
	at com.baomidou.mybatisplus.core.override.MybatisMapperMethod.executeForMany(MybatisMapperMethod.java:166)
	at com.baomidou.mybatisplus.core.override.MybatisMapperMethod.execute(MybatisMapperMethod.java:77)
	at com.baomidou.mybatisplus.core.override.MybatisMapperProxy$PlainMethodInvoker.invoke(MybatisMapperProxy.java:152)
	at com.baomidou.mybatisplus.core.override.MybatisMapperProxy.invoke(MybatisMapperProxy.java:89)
	at com.sun.proxy.$Proxy176.selectList(Unknown Source)
	at com.ruoyi.common.core.mapper.BaseMapperPlus.selectVoList(BaseMapperPlus.java:168)
	at java.lang.invoke.MethodHandle.invokeWithArguments(MethodHandle.java:627)
	at com.baomidou.mybatisplus.core.override.MybatisMapperProxy$DefaultMethodInvoker.invoke(MybatisMapperProxy.java:166)
	at com.baomidou.mybatisplus.core.override.MybatisMapperProxy.invoke(MybatisMapperProxy.java:89)
	at com.sun.proxy.$Proxy176.selectVoList(Unknown Source)
	at com.ruoyi.common.core.mapper.BaseMapperPlus.selectVoList(BaseMapperPlus.java:161)
	at java.lang.invoke.MethodHandle.invokeWithArguments(MethodHandle.java:627)
	at com.baomidou.mybatisplus.core.override.MybatisMapperProxy$DefaultMethodInvoker.invoke(MybatisMapperProxy.java:166)
	at com.baomidou.mybatisplus.core.override.MybatisMapperProxy.invoke(MybatisMapperProxy.java:89)
	at com.sun.proxy.$Proxy176.selectVoList(Unknown Source)
	at com.ruoyi.business.service.impl.BizScenarioServiceImpl.queryList(BizScenarioServiceImpl.java:77)
	at com.ruoyi.business.controller.BizScenarioController.queryScenarioList(BizScenarioController.java:53)
	at com.ruoyi.business.controller.BizScenarioController$$FastClassBySpringCGLIB$$14b229fc.invoke(<generated>)
	at org.springframework.cglib.proxy.MethodProxy.invoke(MethodProxy.java:218)
	at org.springframework.aop.framework.CglibAopProxy$CglibMethodInvocation.invokeJoinpoint(CglibAopProxy.java:792)
	at org.springframework.aop.framework.ReflectiveMethodInvocation.proceed(ReflectiveMethodInvocation.java:163)
	at org.springframework.aop.framework.CglibAopProxy$CglibMethodInvocation.proceed(CglibAopProxy.java:762)
	at org.springframework.validation.beanvalidation.MethodValidationInterceptor.invoke(MethodValidationInterceptor.java:123)
	at org.springframework.aop.framework.ReflectiveMethodInvocation.proceed(ReflectiveMethodInvocation.java:186)
	at org.springframework.aop.framework.CglibAopProxy$CglibMethodInvocation.proceed(CglibAopProxy.java:762)
	at org.springframework.aop.interceptor.ExposeInvocationInterceptor.invoke(ExposeInvocationInterceptor.java:97)
	at org.springframework.aop.framework.ReflectiveMethodInvocation.proceed(ReflectiveMethodInvocation.java:186)
	at org.springframework.aop.framework.CglibAopProxy$CglibMethodInvocation.proceed(CglibAopProxy.java:762)
	at org.springframework.aop.framework.CglibAopProxy$DynamicAdvisedInterceptor.intercept(CglibAopProxy.java:707)
	at com.ruoyi.business.controller.BizScenarioController$$EnhancerBySpringCGLIB$$8f02fca7.queryScenarioList(<generated>)
	at sun.reflect.NativeMethodAccessorImpl.invoke0(Native Method)
	at sun.reflect.NativeMethodAccessorImpl.invoke(NativeMethodAccessorImpl.java:62)
	at sun.reflect.DelegatingMethodAccessorImpl.invoke(DelegatingMethodAccessorImpl.java:43)
	at java.lang.reflect.Method.invoke(Method.java:498)
	at org.springframework.web.method.support.InvocableHandlerMethod.doInvoke(InvocableHandlerMethod.java:205)
	at org.springframework.web.method.support.InvocableHandlerMethod.invokeForRequest(InvocableHandlerMethod.java:150)
	at org.springframework.web.servlet.mvc.method.annotation.ServletInvocableHandlerMethod.invokeAndHandle(ServletInvocableHandlerMethod.java:117)
	at org.springframework.web.servlet.mvc.method.annotation.RequestMappingHandlerAdapter.invokeHandlerMethod(RequestMappingHandlerAdapter.java:895)
	at org.springframework.web.servlet.mvc.method.annotation.RequestMappingHandlerAdapter.handleInternal(RequestMappingHandlerAdapter.java:808)
	at org.springframework.web.servlet.mvc.method.AbstractHandlerMethodAdapter.handle(AbstractHandlerMethodAdapter.java:87)
	at org.springframework.web.servlet.DispatcherServlet.doDispatch(DispatcherServlet.java:1072)
	at org.springframework.web.servlet.DispatcherServlet.doService(DispatcherServlet.java:965)
	at org.springframework.web.servlet.FrameworkServlet.processRequest(FrameworkServlet.java:1006)
	at org.springframework.web.servlet.FrameworkServlet.doGet(FrameworkServlet.java:898)
	at javax.servlet.http.HttpServlet.service(HttpServlet.java:497)
	at org.springframework.web.servlet.FrameworkServlet.service(FrameworkServlet.java:883)
	at javax.servlet.http.HttpServlet.service(HttpServlet.java:584)
	at io.undertow.servlet.handlers.ServletHandler.handleRequest(ServletHandler.java:74)
	at io.undertow.servlet.handlers.FilterHandler$FilterChainImpl.doFilter(FilterHandler.java:129)
	at org.springframework.web.filter.CorsFilter.doFilterInternal(CorsFilter.java:91)
	at org.springframework.web.filter.OncePerRequestFilter.doFilter(OncePerRequestFilter.java:117)
	at io.undertow.servlet.core.ManagedFilter.doFilter(ManagedFilter.java:67)
	at io.undertow.servlet.handlers.FilterHandler$FilterChainImpl.doFilter(FilterHandler.java:131)
	at com.ruoyi.common.filter.RepeatableFilter.doFilter(RepeatableFilter.java:30)
	at io.undertow.servlet.core.ManagedFilter.doFilter(ManagedFilter.java:67)
	at io.undertow.servlet.handlers.FilterHandler$FilterChainImpl.doFilter(FilterHandler.java:131)
	at org.springframework.web.filter.RequestContextFilter.doFilterInternal(RequestContextFilter.java:100)
	at org.springframework.web.filter.OncePerRequestFilter.doFilter(OncePerRequestFilter.java:117)
	at io.undertow.servlet.core.ManagedFilter.doFilter(ManagedFilter.java:67)
	at io.undertow.servlet.handlers.FilterHandler$FilterChainImpl.doFilter(FilterHandler.java:131)
	at cn.dev33.satoken.filter.SaPathCheckFilterForServlet.doFilter(SaPathCheckFilterForServlet.java:55)
	at io.undertow.servlet.core.ManagedFilter.doFilter(ManagedFilter.java:67)
	at io.undertow.servlet.handlers.FilterHandler$FilterChainImpl.doFilter(FilterHandler.java:131)
	at org.springframework.web.filter.FormContentFilter.doFilterInternal(FormContentFilter.java:93)
	at org.springframework.web.filter.OncePerRequestFilter.doFilter(OncePerRequestFilter.java:117)
	at io.undertow.servlet.core.ManagedFilter.doFilter(ManagedFilter.java:67)
	at io.undertow.servlet.handlers.FilterHandler$FilterChainImpl.doFilter(FilterHandler.java:131)
	at org.springframework.boot.actuate.metrics.web.servlet.WebMvcMetricsFilter.doFilterInternal(WebMvcMetricsFilter.java:96)
	at org.springframework.web.filter.OncePerRequestFilter.doFilter(OncePerRequestFilter.java:117)
	at io.undertow.servlet.core.ManagedFilter.doFilter(ManagedFilter.java:67)
	at io.undertow.servlet.handlers.FilterHandler$FilterChainImpl.doFilter(FilterHandler.java:131)
	at org.springframework.web.filter.CharacterEncodingFilter.doFilterInternal(CharacterEncodingFilter.java:201)
	at org.springframework.web.filter.OncePerRequestFilter.doFilter(OncePerRequestFilter.java:117)
	at io.undertow.servlet.core.ManagedFilter.doFilter(ManagedFilter.java:67)
	at io.undertow.servlet.handlers.FilterHandler$FilterChainImpl.doFilter(FilterHandler.java:131)
	at io.undertow.servlet.handlers.FilterHandler.handleRequest(FilterHandler.java:84)
	at io.undertow.servlet.handlers.security.ServletSecurityRoleHandler.handleRequest(ServletSecurityRoleHandler.java:62)
	at io.undertow.servlet.handlers.ServletChain$1.handleRequest(ServletChain.java:68)
	at io.undertow.servlet.handlers.ServletDispatchingHandler.handleRequest(ServletDispatchingHandler.java:36)
	at io.undertow.servlet.handlers.RedirectDirHandler.handleRequest(RedirectDirHandler.java:68)
	at io.undertow.servlet.handlers.security.SSLInformationAssociationHandler.handleRequest(SSLInformationAssociationHandler.java:117)
	at io.undertow.servlet.handlers.security.ServletAuthenticationCallHandler.handleRequest(ServletAuthenticationCallHandler.java:57)
	at io.undertow.server.handlers.PredicateHandler.handleRequest(PredicateHandler.java:43)
	at io.undertow.security.handlers.AbstractConfidentialityHandler.handleRequest(AbstractConfidentialityHandler.java:46)
	at io.undertow.servlet.handlers.security.ServletConfidentialityConstraintHandler.handleRequest(ServletConfidentialityConstraintHandler.java:64)
	at io.undertow.security.handlers.AuthenticationMechanismsHandler.handleRequest(AuthenticationMechanismsHandler.java:60)
	at io.undertow.servlet.handlers.security.CachedAuthenticatedSessionHandler.handleRequest(CachedAuthenticatedSessionHandler.java:77)
	at io.undertow.security.handlers.AbstractSecurityContextAssociationHandler.handleRequest(AbstractSecurityContextAssociationHandler.java:43)
	at io.undertow.server.handlers.PredicateHandler.handleRequest(PredicateHandler.java:43)
	at io.undertow.servlet.handlers.SendErrorPageHandler.handleRequest(SendErrorPageHandler.java:52)
	at io.undertow.server.handlers.PredicateHandler.handleRequest(PredicateHandler.java:43)
	at io.undertow.servlet.handlers.ServletInitialHandler.handleFirstRequest(ServletInitialHandler.java:275)
	at io.undertow.servlet.handlers.ServletInitialHandler.access$100(ServletInitialHandler.java:79)
	at io.undertow.servlet.handlers.ServletInitialHandler$2.call(ServletInitialHandler.java:134)
	at io.undertow.servlet.handlers.ServletInitialHandler$2.call(ServletInitialHandler.java:131)
	at io.undertow.servlet.core.ServletRequestContextThreadSetupAction$1.call(ServletRequestContextThreadSetupAction.java:48)
	at io.undertow.servlet.core.ContextClassLoaderSetupAction$1.call(ContextClassLoaderSetupAction.java:43)
	at io.undertow.servlet.handlers.ServletInitialHandler.dispatchRequest(ServletInitialHandler.java:255)
	at io.undertow.servlet.handlers.ServletInitialHandler.access$000(ServletInitialHandler.java:79)
	at io.undertow.servlet.handlers.ServletInitialHandler$1.handleRequest(ServletInitialHandler.java:100)
	at io.undertow.server.Connectors.executeRootHandler(Connectors.java:393)
	at io.undertow.server.HttpServerExchange$1.run(HttpServerExchange.java:852)
	at org.jboss.threads.ContextClassLoaderSavingRunnable.run(ContextClassLoaderSavingRunnable.java:35)
	at org.jboss.threads.EnhancedQueueExecutor.safeRun(EnhancedQueueExecutor.java:2019)
	at org.jboss.threads.EnhancedQueueExecutor$ThreadBody.doRunTask(EnhancedQueueExecutor.java:1558)
	at org.jboss.threads.EnhancedQueueExecutor$ThreadBody.run(EnhancedQueueExecutor.java:1449)
	at org.xnio.XnioWorker$WorkerThreadFactory$1$1.run(XnioWorker.java:1282)
	at java.lang.Thread.run(Thread.java:750)
Caused by: org.apache.ibatis.exceptions.PersistenceException: 
### Error querying database.  Cause: org.springframework.jdbc.CannotGetJdbcConnectionException: Failed to obtain JDBC Connection; nested exception is java.sql.SQLTransientConnectionException: master - Connection is not available, request timed out after 30002ms.
### The error may exist in com/ruoyi/business/mapper/BizScenarioMapper.java (best guess)
### The error may involve com.ruoyi.business.mapper.BizScenarioMapper.selectList
### The error occurred while executing a query
### Cause: org.springframework.jdbc.CannotGetJdbcConnectionException: Failed to obtain JDBC Connection; nested exception is java.sql.SQLTransientConnectionException: master - Connection is not available, request timed out after 30002ms.
	at org.apache.ibatis.exceptions.ExceptionFactory.wrapException(ExceptionFactory.java:30)
	at org.apache.ibatis.session.defaults.DefaultSqlSession.selectList(DefaultSqlSession.java:156)
	at org.apache.ibatis.session.defaults.DefaultSqlSession.selectList(DefaultSqlSession.java:147)
	at org.apache.ibatis.session.defaults.DefaultSqlSession.selectList(DefaultSqlSession.java:142)
	at sun.reflect.NativeMethodAccessorImpl.invoke0(Native Method)
	at sun.reflect.NativeMethodAccessorImpl.invoke(NativeMethodAccessorImpl.java:62)
	at sun.reflect.DelegatingMethodAccessorImpl.invoke(DelegatingMethodAccessorImpl.java:43)
	at java.lang.reflect.Method.invoke(Method.java:498)
	at org.mybatis.spring.SqlSessionTemplate$SqlSessionInterceptor.invoke(SqlSessionTemplate.java:425)
	... 110 common frames omitted
Caused by: org.springframework.jdbc.CannotGetJdbcConnectionException: Failed to obtain JDBC Connection; nested exception is java.sql.SQLTransientConnectionException: master - Connection is not available, request timed out after 30002ms.
	at org.springframework.jdbc.datasource.DataSourceUtils.getConnection(DataSourceUtils.java:84)
	at org.mybatis.spring.transaction.SpringManagedTransaction.openConnection(SpringManagedTransaction.java:80)
	at org.mybatis.spring.transaction.SpringManagedTransaction.getConnection(SpringManagedTransaction.java:67)
	at org.apache.ibatis.executor.BaseExecutor.getConnection(BaseExecutor.java:345)
	at org.apache.ibatis.executor.SimpleExecutor.prepareStatement(SimpleExecutor.java:89)
	at org.apache.ibatis.executor.SimpleExecutor.doQuery(SimpleExecutor.java:64)
	at org.apache.ibatis.executor.BaseExecutor.queryFromDatabase(BaseExecutor.java:333)
	at org.apache.ibatis.executor.BaseExecutor.query(BaseExecutor.java:158)
	at org.apache.ibatis.executor.CachingExecutor.query(CachingExecutor.java:110)
	at com.baomidou.mybatisplus.extension.plugins.MybatisPlusInterceptor.intercept(MybatisPlusInterceptor.java:81)
	at org.apache.ibatis.plugin.Plugin.invoke(Plugin.java:59)
	at com.sun.proxy.$Proxy323.query(Unknown Source)
	at org.apache.ibatis.session.defaults.DefaultSqlSession.selectList(DefaultSqlSession.java:154)
	... 117 common frames omitted
Caused by: java.sql.SQLTransientConnectionException: master - Connection is not available, request timed out after 30002ms.
	at com.zaxxer.hikari.pool.HikariPool.createTimeoutException(HikariPool.java:696)
	at com.zaxxer.hikari.pool.HikariPool.getConnection(HikariPool.java:197)
	at com.zaxxer.hikari.pool.HikariPool.getConnection(HikariPool.java:162)
	at com.zaxxer.hikari.HikariDataSource.getConnection(HikariDataSource.java:100)
	at com.p6spy.engine.spy.P6DataSource.getConnection(P6DataSource.java:300)
	at com.baomidou.dynamic.datasource.ds.ItemDataSource.getConnection(ItemDataSource.java:56)
	at com.baomidou.dynamic.datasource.ds.AbstractRoutingDataSource.getConnection(AbstractRoutingDataSource.java:55)
	at org.springframework.jdbc.datasource.DataSourceUtils.fetchConnection(DataSourceUtils.java:160)
	at org.springframework.jdbc.datasource.DataSourceUtils.doGetConnection(DataSourceUtils.java:118)
	at org.springframework.jdbc.datasource.DataSourceUtils.getConnection(DataSourceUtils.java:81)
	... 129 common frames omitted
Caused by: java.sql.SQLNonTransientConnectionException: Could not create connection to database server. Attempted reconnect 3 times. Giving up.
	at com.mysql.cj.jdbc.exceptions.SQLError.createSQLException(SQLError.java:111)
	at com.mysql.cj.jdbc.exceptions.SQLError.createSQLException(SQLError.java:98)
	at com.mysql.cj.jdbc.exceptions.SQLError.createSQLException(SQLError.java:90)
	at com.mysql.cj.jdbc.exceptions.SQLError.createSQLException(SQLError.java:64)
	at com.mysql.cj.jdbc.exceptions.SQLError.createSQLException(SQLError.java:74)
	at com.mysql.cj.jdbc.ConnectionImpl.connectWithRetries(ConnectionImpl.java:895)
	at com.mysql.cj.jdbc.ConnectionImpl.createNewIO(ConnectionImpl.java:820)
	at com.mysql.cj.jdbc.ConnectionImpl.<init>(ConnectionImpl.java:446)
	at com.mysql.cj.jdbc.ConnectionImpl.getInstance(ConnectionImpl.java:239)
	at com.mysql.cj.jdbc.NonRegisteringDriver.connect(NonRegisteringDriver.java:188)
	at com.zaxxer.hikari.util.DriverDataSource.getConnection(DriverDataSource.java:138)
	at com.zaxxer.hikari.pool.PoolBase.newConnection(PoolBase.java:364)
	at com.zaxxer.hikari.pool.PoolBase.newPoolEntry(PoolBase.java:206)
	at com.zaxxer.hikari.pool.HikariPool.createPoolEntry(HikariPool.java:476)
	at com.zaxxer.hikari.pool.HikariPool.access$100(HikariPool.java:71)
	at com.zaxxer.hikari.pool.HikariPool$PoolEntryCreator.call(HikariPool.java:726)
	at com.zaxxer.hikari.pool.HikariPool$PoolEntryCreator.call(HikariPool.java:712)
	at java.util.concurrent.FutureTask.run(FutureTask.java:266)
	at java.util.concurrent.ThreadPoolExecutor.runWorker(ThreadPoolExecutor.java:1149)
	at java.util.concurrent.ThreadPoolExecutor$Worker.run(ThreadPoolExecutor.java:624)
	... 1 common frames omitted
Caused by: com.mysql.cj.exceptions.CJCommunicationsException: Communications link failure

The last packet sent successfully to the server was 0 milliseconds ago. The driver has not received any packets from the server.
	at sun.reflect.NativeConstructorAccessorImpl.newInstance0(Native Method)
	at sun.reflect.NativeConstructorAccessorImpl.newInstance(NativeConstructorAccessorImpl.java:62)
	at sun.reflect.DelegatingConstructorAccessorImpl.newInstance(DelegatingConstructorAccessorImpl.java:45)
	at java.lang.reflect.Constructor.newInstance(Constructor.java:423)
	at com.mysql.cj.exceptions.ExceptionFactory.createException(ExceptionFactory.java:62)
	at com.mysql.cj.exceptions.ExceptionFactory.createException(ExceptionFactory.java:105)
	at com.mysql.cj.exceptions.ExceptionFactory.createException(ExceptionFactory.java:150)
	at com.mysql.cj.exceptions.ExceptionFactory.createCommunicationsException(ExceptionFactory.java:166)
	at com.mysql.cj.protocol.a.NativeProtocol.readMessage(NativeProtocol.java:582)
	at com.mysql.cj.protocol.a.NativeProtocol.readServerCapabilities(NativeProtocol.java:537)
	at com.mysql.cj.protocol.a.NativeProtocol.beforeHandshake(NativeProtocol.java:424)
	at com.mysql.cj.protocol.a.NativeProtocol.connect(NativeProtocol.java:1428)
	at com.mysql.cj.NativeSession.connect(NativeSession.java:134)
	at com.mysql.cj.jdbc.ConnectionImpl.connectWithRetries(ConnectionImpl.java:839)
	... 15 common frames omitted
Caused by: java.io.EOFException: Can not read response from server. Expected to read 4 bytes, read 0 bytes before connection was unexpectedly lost.
	at com.mysql.cj.protocol.FullReadInputStream.readFully(FullReadInputStream.java:67)
	at com.mysql.cj.protocol.a.SimplePacketReader.readHeaderLocal(SimplePacketReader.java:81)
	at com.mysql.cj.protocol.a.SimplePacketReader.readHeader(SimplePacketReader.java:63)
	at com.mysql.cj.protocol.a.SimplePacketReader.readHeader(SimplePacketReader.java:45)
	at com.mysql.cj.protocol.a.NativeProtocol.readMessage(NativeProtocol.java:576)
	... 20 common frames omitted
2025-10-20 15:39:07 [XNIO-1 task-8] ERROR c.r.f.w.e.GlobalExceptionHandler - 请求地址'/business/scenario/list', Mybatis系统异常
org.mybatis.spring.MyBatisSystemException: nested exception is org.apache.ibatis.exceptions.PersistenceException: 
### Error querying database.  Cause: org.springframework.jdbc.CannotGetJdbcConnectionException: Failed to obtain JDBC Connection; nested exception is java.sql.SQLTransientConnectionException: master - Connection is not available, request timed out after 30002ms.
### The error may exist in com/ruoyi/business/mapper/BizScenarioMapper.java (best guess)
### The error may involve com.ruoyi.business.mapper.BizScenarioMapper.selectList_mpCount
### The error occurred while executing a query
### Cause: org.springframework.jdbc.CannotGetJdbcConnectionException: Failed to obtain JDBC Connection; nested exception is java.sql.SQLTransientConnectionException: master - Connection is not available, request timed out after 30002ms.
	at org.mybatis.spring.MyBatisExceptionTranslator.translateExceptionIfPossible(MyBatisExceptionTranslator.java:97)
	at org.mybatis.spring.SqlSessionTemplate$SqlSessionInterceptor.invoke(SqlSessionTemplate.java:439)
	at com.sun.proxy.$Proxy136.selectList(Unknown Source)
	at org.mybatis.spring.SqlSessionTemplate.selectList(SqlSessionTemplate.java:224)
	at com.baomidou.mybatisplus.core.override.MybatisMapperMethod.executeForMany(MybatisMapperMethod.java:166)
	at com.baomidou.mybatisplus.core.override.MybatisMapperMethod.execute(MybatisMapperMethod.java:77)
	at com.baomidou.mybatisplus.core.override.MybatisMapperProxy$PlainMethodInvoker.invoke(MybatisMapperProxy.java:152)
	at com.baomidou.mybatisplus.core.override.MybatisMapperProxy.invoke(MybatisMapperProxy.java:89)
	at com.sun.proxy.$Proxy176.selectList(Unknown Source)
	at com.ruoyi.common.core.mapper.BaseMapperPlus.selectVoPage(BaseMapperPlus.java:183)
	at java.lang.invoke.MethodHandle.invokeWithArguments(MethodHandle.java:627)
	at com.baomidou.mybatisplus.core.override.MybatisMapperProxy$DefaultMethodInvoker.invoke(MybatisMapperProxy.java:166)
	at com.baomidou.mybatisplus.core.override.MybatisMapperProxy.invoke(MybatisMapperProxy.java:89)
	at com.sun.proxy.$Proxy176.selectVoPage(Unknown Source)
	at com.ruoyi.common.core.mapper.BaseMapperPlus.selectVoPage(BaseMapperPlus.java:176)
	at java.lang.invoke.MethodHandle.invokeWithArguments(MethodHandle.java:627)
	at com.baomidou.mybatisplus.core.override.MybatisMapperProxy$DefaultMethodInvoker.invoke(MybatisMapperProxy.java:166)
	at com.baomidou.mybatisplus.core.override.MybatisMapperProxy.invoke(MybatisMapperProxy.java:89)
	at com.sun.proxy.$Proxy176.selectVoPage(Unknown Source)
	at com.ruoyi.business.service.impl.BizScenarioServiceImpl.queryPageList(BizScenarioServiceImpl.java:67)
	at com.ruoyi.business.controller.BizScenarioController.list(BizScenarioController.java:48)
	at com.ruoyi.business.controller.BizScenarioController$$FastClassBySpringCGLIB$$14b229fc.invoke(<generated>)
	at org.springframework.cglib.proxy.MethodProxy.invoke(MethodProxy.java:218)
	at org.springframework.aop.framework.CglibAopProxy$CglibMethodInvocation.invokeJoinpoint(CglibAopProxy.java:792)
	at org.springframework.aop.framework.ReflectiveMethodInvocation.proceed(ReflectiveMethodInvocation.java:163)
	at org.springframework.aop.framework.CglibAopProxy$CglibMethodInvocation.proceed(CglibAopProxy.java:762)
	at org.springframework.validation.beanvalidation.MethodValidationInterceptor.invoke(MethodValidationInterceptor.java:123)
	at org.springframework.aop.framework.ReflectiveMethodInvocation.proceed(ReflectiveMethodInvocation.java:186)
	at org.springframework.aop.framework.CglibAopProxy$CglibMethodInvocation.proceed(CglibAopProxy.java:762)
	at org.springframework.aop.interceptor.ExposeInvocationInterceptor.invoke(ExposeInvocationInterceptor.java:97)
	at org.springframework.aop.framework.ReflectiveMethodInvocation.proceed(ReflectiveMethodInvocation.java:186)
	at org.springframework.aop.framework.CglibAopProxy$CglibMethodInvocation.proceed(CglibAopProxy.java:762)
	at org.springframework.aop.framework.CglibAopProxy$DynamicAdvisedInterceptor.intercept(CglibAopProxy.java:707)
	at com.ruoyi.business.controller.BizScenarioController$$EnhancerBySpringCGLIB$$8f02fca7.list(<generated>)
	at sun.reflect.NativeMethodAccessorImpl.invoke0(Native Method)
	at sun.reflect.NativeMethodAccessorImpl.invoke(NativeMethodAccessorImpl.java:62)
	at sun.reflect.DelegatingMethodAccessorImpl.invoke(DelegatingMethodAccessorImpl.java:43)
	at java.lang.reflect.Method.invoke(Method.java:498)
	at org.springframework.web.method.support.InvocableHandlerMethod.doInvoke(InvocableHandlerMethod.java:205)
	at org.springframework.web.method.support.InvocableHandlerMethod.invokeForRequest(InvocableHandlerMethod.java:150)
	at org.springframework.web.servlet.mvc.method.annotation.ServletInvocableHandlerMethod.invokeAndHandle(ServletInvocableHandlerMethod.java:117)
	at org.springframework.web.servlet.mvc.method.annotation.RequestMappingHandlerAdapter.invokeHandlerMethod(RequestMappingHandlerAdapter.java:895)
	at org.springframework.web.servlet.mvc.method.annotation.RequestMappingHandlerAdapter.handleInternal(RequestMappingHandlerAdapter.java:808)
	at org.springframework.web.servlet.mvc.method.AbstractHandlerMethodAdapter.handle(AbstractHandlerMethodAdapter.java:87)
	at org.springframework.web.servlet.DispatcherServlet.doDispatch(DispatcherServlet.java:1072)
	at org.springframework.web.servlet.DispatcherServlet.doService(DispatcherServlet.java:965)
	at org.springframework.web.servlet.FrameworkServlet.processRequest(FrameworkServlet.java:1006)
	at org.springframework.web.servlet.FrameworkServlet.doGet(FrameworkServlet.java:898)
	at javax.servlet.http.HttpServlet.service(HttpServlet.java:497)
	at org.springframework.web.servlet.FrameworkServlet.service(FrameworkServlet.java:883)
	at javax.servlet.http.HttpServlet.service(HttpServlet.java:584)
	at io.undertow.servlet.handlers.ServletHandler.handleRequest(ServletHandler.java:74)
	at io.undertow.servlet.handlers.FilterHandler$FilterChainImpl.doFilter(FilterHandler.java:129)
	at org.springframework.web.filter.CorsFilter.doFilterInternal(CorsFilter.java:91)
	at org.springframework.web.filter.OncePerRequestFilter.doFilter(OncePerRequestFilter.java:117)
	at io.undertow.servlet.core.ManagedFilter.doFilter(ManagedFilter.java:67)
	at io.undertow.servlet.handlers.FilterHandler$FilterChainImpl.doFilter(FilterHandler.java:131)
	at com.ruoyi.common.filter.RepeatableFilter.doFilter(RepeatableFilter.java:30)
	at io.undertow.servlet.core.ManagedFilter.doFilter(ManagedFilter.java:67)
	at io.undertow.servlet.handlers.FilterHandler$FilterChainImpl.doFilter(FilterHandler.java:131)
	at org.springframework.web.filter.RequestContextFilter.doFilterInternal(RequestContextFilter.java:100)
	at org.springframework.web.filter.OncePerRequestFilter.doFilter(OncePerRequestFilter.java:117)
	at io.undertow.servlet.core.ManagedFilter.doFilter(ManagedFilter.java:67)
	at io.undertow.servlet.handlers.FilterHandler$FilterChainImpl.doFilter(FilterHandler.java:131)
	at cn.dev33.satoken.filter.SaPathCheckFilterForServlet.doFilter(SaPathCheckFilterForServlet.java:55)
	at io.undertow.servlet.core.ManagedFilter.doFilter(ManagedFilter.java:67)
	at io.undertow.servlet.handlers.FilterHandler$FilterChainImpl.doFilter(FilterHandler.java:131)
	at org.springframework.web.filter.FormContentFilter.doFilterInternal(FormContentFilter.java:93)
	at org.springframework.web.filter.OncePerRequestFilter.doFilter(OncePerRequestFilter.java:117)
	at io.undertow.servlet.core.ManagedFilter.doFilter(ManagedFilter.java:67)
	at io.undertow.servlet.handlers.FilterHandler$FilterChainImpl.doFilter(FilterHandler.java:131)
	at org.springframework.boot.actuate.metrics.web.servlet.WebMvcMetricsFilter.doFilterInternal(WebMvcMetricsFilter.java:96)
	at org.springframework.web.filter.OncePerRequestFilter.doFilter(OncePerRequestFilter.java:117)
	at io.undertow.servlet.core.ManagedFilter.doFilter(ManagedFilter.java:67)
	at io.undertow.servlet.handlers.FilterHandler$FilterChainImpl.doFilter(FilterHandler.java:131)
	at org.springframework.web.filter.CharacterEncodingFilter.doFilterInternal(CharacterEncodingFilter.java:201)
	at org.springframework.web.filter.OncePerRequestFilter.doFilter(OncePerRequestFilter.java:117)
	at io.undertow.servlet.core.ManagedFilter.doFilter(ManagedFilter.java:67)
	at io.undertow.servlet.handlers.FilterHandler$FilterChainImpl.doFilter(FilterHandler.java:131)
	at io.undertow.servlet.handlers.FilterHandler.handleRequest(FilterHandler.java:84)
	at io.undertow.servlet.handlers.security.ServletSecurityRoleHandler.handleRequest(ServletSecurityRoleHandler.java:62)
	at io.undertow.servlet.handlers.ServletChain$1.handleRequest(ServletChain.java:68)
	at io.undertow.servlet.handlers.ServletDispatchingHandler.handleRequest(ServletDispatchingHandler.java:36)
	at io.undertow.servlet.handlers.RedirectDirHandler.handleRequest(RedirectDirHandler.java:68)
	at io.undertow.servlet.handlers.security.SSLInformationAssociationHandler.handleRequest(SSLInformationAssociationHandler.java:117)
	at io.undertow.servlet.handlers.security.ServletAuthenticationCallHandler.handleRequest(ServletAuthenticationCallHandler.java:57)
	at io.undertow.server.handlers.PredicateHandler.handleRequest(PredicateHandler.java:43)
	at io.undertow.security.handlers.AbstractConfidentialityHandler.handleRequest(AbstractConfidentialityHandler.java:46)
	at io.undertow.servlet.handlers.security.ServletConfidentialityConstraintHandler.handleRequest(ServletConfidentialityConstraintHandler.java:64)
	at io.undertow.security.handlers.AuthenticationMechanismsHandler.handleRequest(AuthenticationMechanismsHandler.java:60)
	at io.undertow.servlet.handlers.security.CachedAuthenticatedSessionHandler.handleRequest(CachedAuthenticatedSessionHandler.java:77)
	at io.undertow.security.handlers.AbstractSecurityContextAssociationHandler.handleRequest(AbstractSecurityContextAssociationHandler.java:43)
	at io.undertow.server.handlers.PredicateHandler.handleRequest(PredicateHandler.java:43)
	at io.undertow.servlet.handlers.SendErrorPageHandler.handleRequest(SendErrorPageHandler.java:52)
	at io.undertow.server.handlers.PredicateHandler.handleRequest(PredicateHandler.java:43)
	at io.undertow.servlet.handlers.ServletInitialHandler.handleFirstRequest(ServletInitialHandler.java:275)
	at io.undertow.servlet.handlers.ServletInitialHandler.access$100(ServletInitialHandler.java:79)
	at io.undertow.servlet.handlers.ServletInitialHandler$2.call(ServletInitialHandler.java:134)
	at io.undertow.servlet.handlers.ServletInitialHandler$2.call(ServletInitialHandler.java:131)
	at io.undertow.servlet.core.ServletRequestContextThreadSetupAction$1.call(ServletRequestContextThreadSetupAction.java:48)
	at io.undertow.servlet.core.ContextClassLoaderSetupAction$1.call(ContextClassLoaderSetupAction.java:43)
	at io.undertow.servlet.handlers.ServletInitialHandler.dispatchRequest(ServletInitialHandler.java:255)
	at io.undertow.servlet.handlers.ServletInitialHandler.access$000(ServletInitialHandler.java:79)
	at io.undertow.servlet.handlers.ServletInitialHandler$1.handleRequest(ServletInitialHandler.java:100)
	at io.undertow.server.Connectors.executeRootHandler(Connectors.java:393)
	at io.undertow.server.HttpServerExchange$1.run(HttpServerExchange.java:852)
	at org.jboss.threads.ContextClassLoaderSavingRunnable.run(ContextClassLoaderSavingRunnable.java:35)
	at org.jboss.threads.EnhancedQueueExecutor.safeRun(EnhancedQueueExecutor.java:2019)
	at org.jboss.threads.EnhancedQueueExecutor$ThreadBody.doRunTask(EnhancedQueueExecutor.java:1558)
	at org.jboss.threads.EnhancedQueueExecutor$ThreadBody.run(EnhancedQueueExecutor.java:1423)
	at org.xnio.XnioWorker$WorkerThreadFactory$1$1.run(XnioWorker.java:1282)
	at java.lang.Thread.run(Thread.java:750)
Caused by: org.apache.ibatis.exceptions.PersistenceException: 
### Error querying database.  Cause: org.springframework.jdbc.CannotGetJdbcConnectionException: Failed to obtain JDBC Connection; nested exception is java.sql.SQLTransientConnectionException: master - Connection is not available, request timed out after 30002ms.
### The error may exist in com/ruoyi/business/mapper/BizScenarioMapper.java (best guess)
### The error may involve com.ruoyi.business.mapper.BizScenarioMapper.selectList_mpCount
### The error occurred while executing a query
### Cause: org.springframework.jdbc.CannotGetJdbcConnectionException: Failed to obtain JDBC Connection; nested exception is java.sql.SQLTransientConnectionException: master - Connection is not available, request timed out after 30002ms.
	at org.apache.ibatis.exceptions.ExceptionFactory.wrapException(ExceptionFactory.java:30)
	at org.apache.ibatis.session.defaults.DefaultSqlSession.selectList(DefaultSqlSession.java:156)
	at org.apache.ibatis.session.defaults.DefaultSqlSession.selectList(DefaultSqlSession.java:147)
	at org.apache.ibatis.session.defaults.DefaultSqlSession.selectList(DefaultSqlSession.java:142)
	at sun.reflect.NativeMethodAccessorImpl.invoke0(Native Method)
	at sun.reflect.NativeMethodAccessorImpl.invoke(NativeMethodAccessorImpl.java:62)
	at sun.reflect.DelegatingMethodAccessorImpl.invoke(DelegatingMethodAccessorImpl.java:43)
	at java.lang.reflect.Method.invoke(Method.java:498)
	at org.mybatis.spring.SqlSessionTemplate$SqlSessionInterceptor.invoke(SqlSessionTemplate.java:425)
	... 110 common frames omitted
Caused by: org.springframework.jdbc.CannotGetJdbcConnectionException: Failed to obtain JDBC Connection; nested exception is java.sql.SQLTransientConnectionException: master - Connection is not available, request timed out after 30002ms.
	at org.springframework.jdbc.datasource.DataSourceUtils.getConnection(DataSourceUtils.java:84)
	at org.mybatis.spring.transaction.SpringManagedTransaction.openConnection(SpringManagedTransaction.java:80)
	at org.mybatis.spring.transaction.SpringManagedTransaction.getConnection(SpringManagedTransaction.java:67)
	at org.apache.ibatis.executor.BaseExecutor.getConnection(BaseExecutor.java:345)
	at org.apache.ibatis.executor.SimpleExecutor.prepareStatement(SimpleExecutor.java:89)
	at org.apache.ibatis.executor.SimpleExecutor.doQuery(SimpleExecutor.java:64)
	at org.apache.ibatis.executor.BaseExecutor.queryFromDatabase(BaseExecutor.java:333)
	at org.apache.ibatis.executor.BaseExecutor.query(BaseExecutor.java:158)
	at org.apache.ibatis.executor.CachingExecutor.query(CachingExecutor.java:110)
	at com.baomidou.mybatisplus.extension.plugins.inner.PaginationInnerInterceptor.willDoQuery(PaginationInnerInterceptor.java:135)
	at com.baomidou.mybatisplus.extension.plugins.MybatisPlusInterceptor.intercept(MybatisPlusInterceptor.java:75)
	at org.apache.ibatis.plugin.Plugin.invoke(Plugin.java:59)
	at com.sun.proxy.$Proxy323.query(Unknown Source)
	at org.apache.ibatis.session.defaults.DefaultSqlSession.selectList(DefaultSqlSession.java:154)
	... 117 common frames omitted
Caused by: java.sql.SQLTransientConnectionException: master - Connection is not available, request timed out after 30002ms.
	at com.zaxxer.hikari.pool.HikariPool.createTimeoutException(HikariPool.java:696)
	at com.zaxxer.hikari.pool.HikariPool.getConnection(HikariPool.java:197)
	at com.zaxxer.hikari.pool.HikariPool.getConnection(HikariPool.java:162)
	at com.zaxxer.hikari.HikariDataSource.getConnection(HikariDataSource.java:100)
	at com.p6spy.engine.spy.P6DataSource.getConnection(P6DataSource.java:300)
	at com.baomidou.dynamic.datasource.ds.ItemDataSource.getConnection(ItemDataSource.java:56)
	at com.baomidou.dynamic.datasource.ds.AbstractRoutingDataSource.getConnection(AbstractRoutingDataSource.java:55)
	at org.springframework.jdbc.datasource.DataSourceUtils.fetchConnection(DataSourceUtils.java:160)
	at org.springframework.jdbc.datasource.DataSourceUtils.doGetConnection(DataSourceUtils.java:118)
	at org.springframework.jdbc.datasource.DataSourceUtils.getConnection(DataSourceUtils.java:81)
	... 130 common frames omitted
Caused by: java.sql.SQLNonTransientConnectionException: Could not create connection to database server. Attempted reconnect 3 times. Giving up.
	at com.mysql.cj.jdbc.exceptions.SQLError.createSQLException(SQLError.java:111)
	at com.mysql.cj.jdbc.exceptions.SQLError.createSQLException(SQLError.java:98)
	at com.mysql.cj.jdbc.exceptions.SQLError.createSQLException(SQLError.java:90)
	at com.mysql.cj.jdbc.exceptions.SQLError.createSQLException(SQLError.java:64)
	at com.mysql.cj.jdbc.exceptions.SQLError.createSQLException(SQLError.java:74)
	at com.mysql.cj.jdbc.ConnectionImpl.connectWithRetries(ConnectionImpl.java:895)
	at com.mysql.cj.jdbc.ConnectionImpl.createNewIO(ConnectionImpl.java:820)
	at com.mysql.cj.jdbc.ConnectionImpl.<init>(ConnectionImpl.java:446)
	at com.mysql.cj.jdbc.ConnectionImpl.getInstance(ConnectionImpl.java:239)
	at com.mysql.cj.jdbc.NonRegisteringDriver.connect(NonRegisteringDriver.java:188)
	at com.zaxxer.hikari.util.DriverDataSource.getConnection(DriverDataSource.java:138)
	at com.zaxxer.hikari.pool.PoolBase.newConnection(PoolBase.java:364)
	at com.zaxxer.hikari.pool.PoolBase.newPoolEntry(PoolBase.java:206)
	at com.zaxxer.hikari.pool.HikariPool.createPoolEntry(HikariPool.java:476)
	at com.zaxxer.hikari.pool.HikariPool.access$100(HikariPool.java:71)
	at com.zaxxer.hikari.pool.HikariPool$PoolEntryCreator.call(HikariPool.java:726)
	at com.zaxxer.hikari.pool.HikariPool$PoolEntryCreator.call(HikariPool.java:712)
	at java.util.concurrent.FutureTask.run(FutureTask.java:266)
	at java.util.concurrent.ThreadPoolExecutor.runWorker(ThreadPoolExecutor.java:1149)
	at java.util.concurrent.ThreadPoolExecutor$Worker.run(ThreadPoolExecutor.java:624)
	... 1 common frames omitted
Caused by: com.mysql.cj.exceptions.CJCommunicationsException: Communications link failure

The last packet sent successfully to the server was 0 milliseconds ago. The driver has not received any packets from the server.
	at sun.reflect.NativeConstructorAccessorImpl.newInstance0(Native Method)
	at sun.reflect.NativeConstructorAccessorImpl.newInstance(NativeConstructorAccessorImpl.java:62)
	at sun.reflect.DelegatingConstructorAccessorImpl.newInstance(DelegatingConstructorAccessorImpl.java:45)
	at java.lang.reflect.Constructor.newInstance(Constructor.java:423)
	at com.mysql.cj.exceptions.ExceptionFactory.createException(ExceptionFactory.java:62)
	at com.mysql.cj.exceptions.ExceptionFactory.createException(ExceptionFactory.java:105)
	at com.mysql.cj.exceptions.ExceptionFactory.createException(ExceptionFactory.java:150)
	at com.mysql.cj.exceptions.ExceptionFactory.createCommunicationsException(ExceptionFactory.java:166)
	at com.mysql.cj.protocol.a.NativeProtocol.readMessage(NativeProtocol.java:582)
	at com.mysql.cj.protocol.a.NativeProtocol.readServerCapabilities(NativeProtocol.java:537)
	at com.mysql.cj.protocol.a.NativeProtocol.beforeHandshake(NativeProtocol.java:424)
	at com.mysql.cj.protocol.a.NativeProtocol.connect(NativeProtocol.java:1428)
	at com.mysql.cj.NativeSession.connect(NativeSession.java:134)
	at com.mysql.cj.jdbc.ConnectionImpl.connectWithRetries(ConnectionImpl.java:839)
	... 15 common frames omitted
Caused by: java.io.EOFException: Can not read response from server. Expected to read 4 bytes, read 0 bytes before connection was unexpectedly lost.
	at com.mysql.cj.protocol.FullReadInputStream.readFully(FullReadInputStream.java:67)
	at com.mysql.cj.protocol.a.SimplePacketReader.readHeaderLocal(SimplePacketReader.java:81)
	at com.mysql.cj.protocol.a.SimplePacketReader.readHeader(SimplePacketReader.java:63)
	at com.mysql.cj.protocol.a.SimplePacketReader.readHeader(SimplePacketReader.java:45)
	at com.mysql.cj.protocol.a.NativeProtocol.readMessage(NativeProtocol.java:576)
	... 20 common frames omitted
2025-10-20 15:39:10 [XNIO-1 task-9] ERROR c.r.f.w.e.GlobalExceptionHandler - 请求地址'/business/product/queryProductList', Mybatis系统异常
org.mybatis.spring.MyBatisSystemException: nested exception is org.apache.ibatis.exceptions.PersistenceException: 
### Error querying database.  Cause: org.springframework.jdbc.CannotGetJdbcConnectionException: Failed to obtain JDBC Connection; nested exception is java.sql.SQLTransientConnectionException: master - Connection is not available, request timed out after 30001ms.
### The error may exist in com/ruoyi/business/mapper/BizProductMapper.java (best guess)
### The error may involve com.ruoyi.business.mapper.BizProductMapper.selectList
### The error occurred while executing a query
### Cause: org.springframework.jdbc.CannotGetJdbcConnectionException: Failed to obtain JDBC Connection; nested exception is java.sql.SQLTransientConnectionException: master - Connection is not available, request timed out after 30001ms.
	at org.mybatis.spring.MyBatisExceptionTranslator.translateExceptionIfPossible(MyBatisExceptionTranslator.java:97)
	at org.mybatis.spring.SqlSessionTemplate$SqlSessionInterceptor.invoke(SqlSessionTemplate.java:439)
	at com.sun.proxy.$Proxy136.selectList(Unknown Source)
	at org.mybatis.spring.SqlSessionTemplate.selectList(SqlSessionTemplate.java:224)
	at com.baomidou.mybatisplus.core.override.MybatisMapperMethod.executeForMany(MybatisMapperMethod.java:166)
	at com.baomidou.mybatisplus.core.override.MybatisMapperMethod.execute(MybatisMapperMethod.java:77)
	at com.baomidou.mybatisplus.core.override.MybatisMapperProxy$PlainMethodInvoker.invoke(MybatisMapperProxy.java:152)
	at com.baomidou.mybatisplus.core.override.MybatisMapperProxy.invoke(MybatisMapperProxy.java:89)
	at com.sun.proxy.$Proxy174.selectList(Unknown Source)
	at com.ruoyi.common.core.mapper.BaseMapperPlus.selectVoList(BaseMapperPlus.java:168)
	at java.lang.invoke.MethodHandle.invokeWithArguments(MethodHandle.java:627)
	at com.baomidou.mybatisplus.core.override.MybatisMapperProxy$DefaultMethodInvoker.invoke(MybatisMapperProxy.java:166)
	at com.baomidou.mybatisplus.core.override.MybatisMapperProxy.invoke(MybatisMapperProxy.java:89)
	at com.sun.proxy.$Proxy174.selectVoList(Unknown Source)
	at com.ruoyi.common.core.mapper.BaseMapperPlus.selectVoList(BaseMapperPlus.java:161)
	at java.lang.invoke.MethodHandle.invokeWithArguments(MethodHandle.java:627)
	at com.baomidou.mybatisplus.core.override.MybatisMapperProxy$DefaultMethodInvoker.invoke(MybatisMapperProxy.java:166)
	at com.baomidou.mybatisplus.core.override.MybatisMapperProxy.invoke(MybatisMapperProxy.java:89)
	at com.sun.proxy.$Proxy174.selectVoList(Unknown Source)
	at com.ruoyi.business.service.impl.BizProductServiceImpl.queryList(BizProductServiceImpl.java:59)
	at com.ruoyi.business.controller.BizProductController.queryProductList(BizProductController.java:52)
	at com.ruoyi.business.controller.BizProductController$$FastClassBySpringCGLIB$$262e2d3b.invoke(<generated>)
	at org.springframework.cglib.proxy.MethodProxy.invoke(MethodProxy.java:218)
	at org.springframework.aop.framework.CglibAopProxy$CglibMethodInvocation.invokeJoinpoint(CglibAopProxy.java:792)
	at org.springframework.aop.framework.ReflectiveMethodInvocation.proceed(ReflectiveMethodInvocation.java:163)
	at org.springframework.aop.framework.CglibAopProxy$CglibMethodInvocation.proceed(CglibAopProxy.java:762)
	at org.springframework.validation.beanvalidation.MethodValidationInterceptor.invoke(MethodValidationInterceptor.java:123)
	at org.springframework.aop.framework.ReflectiveMethodInvocation.proceed(ReflectiveMethodInvocation.java:186)
	at org.springframework.aop.framework.CglibAopProxy$CglibMethodInvocation.proceed(CglibAopProxy.java:762)
	at org.springframework.aop.interceptor.ExposeInvocationInterceptor.invoke(ExposeInvocationInterceptor.java:97)
	at org.springframework.aop.framework.ReflectiveMethodInvocation.proceed(ReflectiveMethodInvocation.java:186)
	at org.springframework.aop.framework.CglibAopProxy$CglibMethodInvocation.proceed(CglibAopProxy.java:762)
	at org.springframework.aop.framework.CglibAopProxy$DynamicAdvisedInterceptor.intercept(CglibAopProxy.java:707)
	at com.ruoyi.business.controller.BizProductController$$EnhancerBySpringCGLIB$$36d785c4.queryProductList(<generated>)
	at sun.reflect.NativeMethodAccessorImpl.invoke0(Native Method)
	at sun.reflect.NativeMethodAccessorImpl.invoke(NativeMethodAccessorImpl.java:62)
	at sun.reflect.DelegatingMethodAccessorImpl.invoke(DelegatingMethodAccessorImpl.java:43)
	at java.lang.reflect.Method.invoke(Method.java:498)
	at org.springframework.web.method.support.InvocableHandlerMethod.doInvoke(InvocableHandlerMethod.java:205)
	at org.springframework.web.method.support.InvocableHandlerMethod.invokeForRequest(InvocableHandlerMethod.java:150)
	at org.springframework.web.servlet.mvc.method.annotation.ServletInvocableHandlerMethod.invokeAndHandle(ServletInvocableHandlerMethod.java:117)
	at org.springframework.web.servlet.mvc.method.annotation.RequestMappingHandlerAdapter.invokeHandlerMethod(RequestMappingHandlerAdapter.java:895)
	at org.springframework.web.servlet.mvc.method.annotation.RequestMappingHandlerAdapter.handleInternal(RequestMappingHandlerAdapter.java:808)
	at org.springframework.web.servlet.mvc.method.AbstractHandlerMethodAdapter.handle(AbstractHandlerMethodAdapter.java:87)
	at org.springframework.web.servlet.DispatcherServlet.doDispatch(DispatcherServlet.java:1072)
	at org.springframework.web.servlet.DispatcherServlet.doService(DispatcherServlet.java:965)
	at org.springframework.web.servlet.FrameworkServlet.processRequest(FrameworkServlet.java:1006)
	at org.springframework.web.servlet.FrameworkServlet.doGet(FrameworkServlet.java:898)
	at javax.servlet.http.HttpServlet.service(HttpServlet.java:497)
	at org.springframework.web.servlet.FrameworkServlet.service(FrameworkServlet.java:883)
	at javax.servlet.http.HttpServlet.service(HttpServlet.java:584)
	at io.undertow.servlet.handlers.ServletHandler.handleRequest(ServletHandler.java:74)
	at io.undertow.servlet.handlers.FilterHandler$FilterChainImpl.doFilter(FilterHandler.java:129)
	at org.springframework.web.filter.CorsFilter.doFilterInternal(CorsFilter.java:91)
	at org.springframework.web.filter.OncePerRequestFilter.doFilter(OncePerRequestFilter.java:117)
	at io.undertow.servlet.core.ManagedFilter.doFilter(ManagedFilter.java:67)
	at io.undertow.servlet.handlers.FilterHandler$FilterChainImpl.doFilter(FilterHandler.java:131)
	at com.ruoyi.common.filter.RepeatableFilter.doFilter(RepeatableFilter.java:30)
	at io.undertow.servlet.core.ManagedFilter.doFilter(ManagedFilter.java:67)
	at io.undertow.servlet.handlers.FilterHandler$FilterChainImpl.doFilter(FilterHandler.java:131)
	at org.springframework.web.filter.RequestContextFilter.doFilterInternal(RequestContextFilter.java:100)
	at org.springframework.web.filter.OncePerRequestFilter.doFilter(OncePerRequestFilter.java:117)
	at io.undertow.servlet.core.ManagedFilter.doFilter(ManagedFilter.java:67)
	at io.undertow.servlet.handlers.FilterHandler$FilterChainImpl.doFilter(FilterHandler.java:131)
	at cn.dev33.satoken.filter.SaPathCheckFilterForServlet.doFilter(SaPathCheckFilterForServlet.java:55)
	at io.undertow.servlet.core.ManagedFilter.doFilter(ManagedFilter.java:67)
	at io.undertow.servlet.handlers.FilterHandler$FilterChainImpl.doFilter(FilterHandler.java:131)
	at org.springframework.web.filter.FormContentFilter.doFilterInternal(FormContentFilter.java:93)
	at org.springframework.web.filter.OncePerRequestFilter.doFilter(OncePerRequestFilter.java:117)
	at io.undertow.servlet.core.ManagedFilter.doFilter(ManagedFilter.java:67)
	at io.undertow.servlet.handlers.FilterHandler$FilterChainImpl.doFilter(FilterHandler.java:131)
	at org.springframework.boot.actuate.metrics.web.servlet.WebMvcMetricsFilter.doFilterInternal(WebMvcMetricsFilter.java:96)
	at org.springframework.web.filter.OncePerRequestFilter.doFilter(OncePerRequestFilter.java:117)
	at io.undertow.servlet.core.ManagedFilter.doFilter(ManagedFilter.java:67)
	at io.undertow.servlet.handlers.FilterHandler$FilterChainImpl.doFilter(FilterHandler.java:131)
	at org.springframework.web.filter.CharacterEncodingFilter.doFilterInternal(CharacterEncodingFilter.java:201)
	at org.springframework.web.filter.OncePerRequestFilter.doFilter(OncePerRequestFilter.java:117)
	at io.undertow.servlet.core.ManagedFilter.doFilter(ManagedFilter.java:67)
	at io.undertow.servlet.handlers.FilterHandler$FilterChainImpl.doFilter(FilterHandler.java:131)
	at io.undertow.servlet.handlers.FilterHandler.handleRequest(FilterHandler.java:84)
	at io.undertow.servlet.handlers.security.ServletSecurityRoleHandler.handleRequest(ServletSecurityRoleHandler.java:62)
	at io.undertow.servlet.handlers.ServletChain$1.handleRequest(ServletChain.java:68)
	at io.undertow.servlet.handlers.ServletDispatchingHandler.handleRequest(ServletDispatchingHandler.java:36)
	at io.undertow.servlet.handlers.RedirectDirHandler.handleRequest(RedirectDirHandler.java:68)
	at io.undertow.servlet.handlers.security.SSLInformationAssociationHandler.handleRequest(SSLInformationAssociationHandler.java:117)
	at io.undertow.servlet.handlers.security.ServletAuthenticationCallHandler.handleRequest(ServletAuthenticationCallHandler.java:57)
	at io.undertow.server.handlers.PredicateHandler.handleRequest(PredicateHandler.java:43)
	at io.undertow.security.handlers.AbstractConfidentialityHandler.handleRequest(AbstractConfidentialityHandler.java:46)
	at io.undertow.servlet.handlers.security.ServletConfidentialityConstraintHandler.handleRequest(ServletConfidentialityConstraintHandler.java:64)
	at io.undertow.security.handlers.AuthenticationMechanismsHandler.handleRequest(AuthenticationMechanismsHandler.java:60)
	at io.undertow.servlet.handlers.security.CachedAuthenticatedSessionHandler.handleRequest(CachedAuthenticatedSessionHandler.java:77)
	at io.undertow.security.handlers.AbstractSecurityContextAssociationHandler.handleRequest(AbstractSecurityContextAssociationHandler.java:43)
	at io.undertow.server.handlers.PredicateHandler.handleRequest(PredicateHandler.java:43)
	at io.undertow.servlet.handlers.SendErrorPageHandler.handleRequest(SendErrorPageHandler.java:52)
	at io.undertow.server.handlers.PredicateHandler.handleRequest(PredicateHandler.java:43)
	at io.undertow.servlet.handlers.ServletInitialHandler.handleFirstRequest(ServletInitialHandler.java:275)
	at io.undertow.servlet.handlers.ServletInitialHandler.access$100(ServletInitialHandler.java:79)
	at io.undertow.servlet.handlers.ServletInitialHandler$2.call(ServletInitialHandler.java:134)
	at io.undertow.servlet.handlers.ServletInitialHandler$2.call(ServletInitialHandler.java:131)
	at io.undertow.servlet.core.ServletRequestContextThreadSetupAction$1.call(ServletRequestContextThreadSetupAction.java:48)
	at io.undertow.servlet.core.ContextClassLoaderSetupAction$1.call(ContextClassLoaderSetupAction.java:43)
	at io.undertow.servlet.handlers.ServletInitialHandler.dispatchRequest(ServletInitialHandler.java:255)
	at io.undertow.servlet.handlers.ServletInitialHandler.access$000(ServletInitialHandler.java:79)
	at io.undertow.servlet.handlers.ServletInitialHandler$1.handleRequest(ServletInitialHandler.java:100)
	at io.undertow.server.Connectors.executeRootHandler(Connectors.java:393)
	at io.undertow.server.HttpServerExchange$1.run(HttpServerExchange.java:852)
	at org.jboss.threads.ContextClassLoaderSavingRunnable.run(ContextClassLoaderSavingRunnable.java:35)
	at org.jboss.threads.EnhancedQueueExecutor.safeRun(EnhancedQueueExecutor.java:2019)
	at org.jboss.threads.EnhancedQueueExecutor$ThreadBody.doRunTask(EnhancedQueueExecutor.java:1558)
	at org.jboss.threads.EnhancedQueueExecutor$ThreadBody.run(EnhancedQueueExecutor.java:1423)
	at org.xnio.XnioWorker$WorkerThreadFactory$1$1.run(XnioWorker.java:1282)
	at java.lang.Thread.run(Thread.java:750)
Caused by: org.apache.ibatis.exceptions.PersistenceException: 
### Error querying database.  Cause: org.springframework.jdbc.CannotGetJdbcConnectionException: Failed to obtain JDBC Connection; nested exception is java.sql.SQLTransientConnectionException: master - Connection is not available, request timed out after 30001ms.
### The error may exist in com/ruoyi/business/mapper/BizProductMapper.java (best guess)
### The error may involve com.ruoyi.business.mapper.BizProductMapper.selectList
### The error occurred while executing a query
### Cause: org.springframework.jdbc.CannotGetJdbcConnectionException: Failed to obtain JDBC Connection; nested exception is java.sql.SQLTransientConnectionException: master - Connection is not available, request timed out after 30001ms.
	at org.apache.ibatis.exceptions.ExceptionFactory.wrapException(ExceptionFactory.java:30)
	at org.apache.ibatis.session.defaults.DefaultSqlSession.selectList(DefaultSqlSession.java:156)
	at org.apache.ibatis.session.defaults.DefaultSqlSession.selectList(DefaultSqlSession.java:147)
	at org.apache.ibatis.session.defaults.DefaultSqlSession.selectList(DefaultSqlSession.java:142)
	at sun.reflect.NativeMethodAccessorImpl.invoke0(Native Method)
	at sun.reflect.NativeMethodAccessorImpl.invoke(NativeMethodAccessorImpl.java:62)
	at sun.reflect.DelegatingMethodAccessorImpl.invoke(DelegatingMethodAccessorImpl.java:43)
	at java.lang.reflect.Method.invoke(Method.java:498)
	at org.mybatis.spring.SqlSessionTemplate$SqlSessionInterceptor.invoke(SqlSessionTemplate.java:425)
	... 110 common frames omitted
Caused by: org.springframework.jdbc.CannotGetJdbcConnectionException: Failed to obtain JDBC Connection; nested exception is java.sql.SQLTransientConnectionException: master - Connection is not available, request timed out after 30001ms.
	at org.springframework.jdbc.datasource.DataSourceUtils.getConnection(DataSourceUtils.java:84)
	at org.mybatis.spring.transaction.SpringManagedTransaction.openConnection(SpringManagedTransaction.java:80)
	at org.mybatis.spring.transaction.SpringManagedTransaction.getConnection(SpringManagedTransaction.java:67)
	at org.apache.ibatis.executor.BaseExecutor.getConnection(BaseExecutor.java:345)
	at org.apache.ibatis.executor.SimpleExecutor.prepareStatement(SimpleExecutor.java:89)
	at org.apache.ibatis.executor.SimpleExecutor.doQuery(SimpleExecutor.java:64)
	at org.apache.ibatis.executor.BaseExecutor.queryFromDatabase(BaseExecutor.java:333)
	at org.apache.ibatis.executor.BaseExecutor.query(BaseExecutor.java:158)
	at org.apache.ibatis.executor.CachingExecutor.query(CachingExecutor.java:110)
	at com.baomidou.mybatisplus.extension.plugins.MybatisPlusInterceptor.intercept(MybatisPlusInterceptor.java:81)
	at org.apache.ibatis.plugin.Plugin.invoke(Plugin.java:59)
	at com.sun.proxy.$Proxy323.query(Unknown Source)
	at org.apache.ibatis.session.defaults.DefaultSqlSession.selectList(DefaultSqlSession.java:154)
	... 117 common frames omitted
Caused by: java.sql.SQLTransientConnectionException: master - Connection is not available, request timed out after 30001ms.
	at com.zaxxer.hikari.pool.HikariPool.createTimeoutException(HikariPool.java:696)
	at com.zaxxer.hikari.pool.HikariPool.getConnection(HikariPool.java:197)
	at com.zaxxer.hikari.pool.HikariPool.getConnection(HikariPool.java:162)
	at com.zaxxer.hikari.HikariDataSource.getConnection(HikariDataSource.java:100)
	at com.p6spy.engine.spy.P6DataSource.getConnection(P6DataSource.java:300)
	at com.baomidou.dynamic.datasource.ds.ItemDataSource.getConnection(ItemDataSource.java:56)
	at com.baomidou.dynamic.datasource.ds.AbstractRoutingDataSource.getConnection(AbstractRoutingDataSource.java:55)
	at org.springframework.jdbc.datasource.DataSourceUtils.fetchConnection(DataSourceUtils.java:160)
	at org.springframework.jdbc.datasource.DataSourceUtils.doGetConnection(DataSourceUtils.java:118)
	at org.springframework.jdbc.datasource.DataSourceUtils.getConnection(DataSourceUtils.java:81)
	... 129 common frames omitted
Caused by: java.sql.SQLNonTransientConnectionException: Could not create connection to database server. Attempted reconnect 3 times. Giving up.
	at com.mysql.cj.jdbc.exceptions.SQLError.createSQLException(SQLError.java:111)
	at com.mysql.cj.jdbc.exceptions.SQLError.createSQLException(SQLError.java:98)
	at com.mysql.cj.jdbc.exceptions.SQLError.createSQLException(SQLError.java:90)
	at com.mysql.cj.jdbc.exceptions.SQLError.createSQLException(SQLError.java:64)
	at com.mysql.cj.jdbc.exceptions.SQLError.createSQLException(SQLError.java:74)
	at com.mysql.cj.jdbc.ConnectionImpl.connectWithRetries(ConnectionImpl.java:895)
	at com.mysql.cj.jdbc.ConnectionImpl.createNewIO(ConnectionImpl.java:820)
	at com.mysql.cj.jdbc.ConnectionImpl.<init>(ConnectionImpl.java:446)
	at com.mysql.cj.jdbc.ConnectionImpl.getInstance(ConnectionImpl.java:239)
	at com.mysql.cj.jdbc.NonRegisteringDriver.connect(NonRegisteringDriver.java:188)
	at com.zaxxer.hikari.util.DriverDataSource.getConnection(DriverDataSource.java:138)
	at com.zaxxer.hikari.pool.PoolBase.newConnection(PoolBase.java:364)
	at com.zaxxer.hikari.pool.PoolBase.newPoolEntry(PoolBase.java:206)
	at com.zaxxer.hikari.pool.HikariPool.createPoolEntry(HikariPool.java:476)
	at com.zaxxer.hikari.pool.HikariPool.access$100(HikariPool.java:71)
	at com.zaxxer.hikari.pool.HikariPool$PoolEntryCreator.call(HikariPool.java:726)
	at com.zaxxer.hikari.pool.HikariPool$PoolEntryCreator.call(HikariPool.java:712)
	at java.util.concurrent.FutureTask.run(FutureTask.java:266)
	at java.util.concurrent.ThreadPoolExecutor.runWorker(ThreadPoolExecutor.java:1149)
	at java.util.concurrent.ThreadPoolExecutor$Worker.run(ThreadPoolExecutor.java:624)
	... 1 common frames omitted
Caused by: com.mysql.cj.exceptions.CJCommunicationsException: Communications link failure

The last packet sent successfully to the server was 0 milliseconds ago. The driver has not received any packets from the server.
	at sun.reflect.NativeConstructorAccessorImpl.newInstance0(Native Method)
	at sun.reflect.NativeConstructorAccessorImpl.newInstance(NativeConstructorAccessorImpl.java:62)
	at sun.reflect.DelegatingConstructorAccessorImpl.newInstance(DelegatingConstructorAccessorImpl.java:45)
	at java.lang.reflect.Constructor.newInstance(Constructor.java:423)
	at com.mysql.cj.exceptions.ExceptionFactory.createException(ExceptionFactory.java:62)
	at com.mysql.cj.exceptions.ExceptionFactory.createException(ExceptionFactory.java:105)
	at com.mysql.cj.exceptions.ExceptionFactory.createException(ExceptionFactory.java:150)
	at com.mysql.cj.exceptions.ExceptionFactory.createCommunicationsException(ExceptionFactory.java:166)
	at com.mysql.cj.protocol.a.NativeProtocol.readMessage(NativeProtocol.java:582)
	at com.mysql.cj.protocol.a.NativeProtocol.readServerCapabilities(NativeProtocol.java:537)
	at com.mysql.cj.protocol.a.NativeProtocol.beforeHandshake(NativeProtocol.java:424)
	at com.mysql.cj.protocol.a.NativeProtocol.connect(NativeProtocol.java:1428)
	at com.mysql.cj.NativeSession.connect(NativeSession.java:134)
	at com.mysql.cj.jdbc.ConnectionImpl.connectWithRetries(ConnectionImpl.java:839)
	... 15 common frames omitted
Caused by: java.io.EOFException: Can not read response from server. Expected to read 4 bytes, read 0 bytes before connection was unexpectedly lost.
	at com.mysql.cj.protocol.FullReadInputStream.readFully(FullReadInputStream.java:67)
	at com.mysql.cj.protocol.a.SimplePacketReader.readHeaderLocal(SimplePacketReader.java:81)
	at com.mysql.cj.protocol.a.SimplePacketReader.readHeader(SimplePacketReader.java:63)
	at com.mysql.cj.protocol.a.SimplePacketReader.readHeader(SimplePacketReader.java:45)
	at com.mysql.cj.protocol.a.NativeProtocol.readMessage(NativeProtocol.java:576)
	... 20 common frames omitted
2025-10-20 15:39:13 [XNIO-1 task-10] ERROR c.r.f.w.e.GlobalExceptionHandler - 请求地址'/business/arbiterMap/queryArbiterMapList', Mybatis系统异常
org.mybatis.spring.MyBatisSystemException: nested exception is org.apache.ibatis.exceptions.PersistenceException: 
### Error querying database.  Cause: org.springframework.jdbc.CannotGetJdbcConnectionException: Failed to obtain JDBC Connection; nested exception is java.sql.SQLTransientConnectionException: master - Connection is not available, request timed out after 30004ms.
### The error may exist in com/ruoyi/business/mapper/BizArbiterMapMapper.java (best guess)
### The error may involve com.ruoyi.business.mapper.BizArbiterMapMapper.selectList
### The error occurred while executing a query
### Cause: org.springframework.jdbc.CannotGetJdbcConnectionException: Failed to obtain JDBC Connection; nested exception is java.sql.SQLTransientConnectionException: master - Connection is not available, request timed out after 30004ms.
	at org.mybatis.spring.MyBatisExceptionTranslator.translateExceptionIfPossible(MyBatisExceptionTranslator.java:97)
	at org.mybatis.spring.SqlSessionTemplate$SqlSessionInterceptor.invoke(SqlSessionTemplate.java:439)
	at com.sun.proxy.$Proxy136.selectList(Unknown Source)
	at org.mybatis.spring.SqlSessionTemplate.selectList(SqlSessionTemplate.java:224)
	at com.baomidou.mybatisplus.core.override.MybatisMapperMethod.executeForMany(MybatisMapperMethod.java:166)
	at com.baomidou.mybatisplus.core.override.MybatisMapperMethod.execute(MybatisMapperMethod.java:77)
	at com.baomidou.mybatisplus.core.override.MybatisMapperProxy$PlainMethodInvoker.invoke(MybatisMapperProxy.java:152)
	at com.baomidou.mybatisplus.core.override.MybatisMapperProxy.invoke(MybatisMapperProxy.java:89)
	at com.sun.proxy.$Proxy197.selectList(Unknown Source)
	at com.ruoyi.common.core.mapper.BaseMapperPlus.selectVoList(BaseMapperPlus.java:168)
	at java.lang.invoke.MethodHandle.invokeWithArguments(MethodHandle.java:627)
	at com.baomidou.mybatisplus.core.override.MybatisMapperProxy$DefaultMethodInvoker.invoke(MybatisMapperProxy.java:166)
	at com.baomidou.mybatisplus.core.override.MybatisMapperProxy.invoke(MybatisMapperProxy.java:89)
	at com.sun.proxy.$Proxy197.selectVoList(Unknown Source)
	at com.ruoyi.common.core.mapper.BaseMapperPlus.selectVoList(BaseMapperPlus.java:161)
	at java.lang.invoke.MethodHandle.invokeWithArguments(MethodHandle.java:627)
	at com.baomidou.mybatisplus.core.override.MybatisMapperProxy$DefaultMethodInvoker.invoke(MybatisMapperProxy.java:166)
	at com.baomidou.mybatisplus.core.override.MybatisMapperProxy.invoke(MybatisMapperProxy.java:89)
	at com.sun.proxy.$Proxy197.selectVoList(Unknown Source)
	at com.ruoyi.business.service.impl.BizArbiterMapServiceImpl.queryList(BizArbiterMapServiceImpl.java:78)
	at com.ruoyi.business.controller.BizArbiterMapController.queryArbiterMapList(BizArbiterMapController.java:55)
	at com.ruoyi.business.controller.BizArbiterMapController$$FastClassBySpringCGLIB$$5e66e5f.invoke(<generated>)
	at org.springframework.cglib.proxy.MethodProxy.invoke(MethodProxy.java:218)
	at org.springframework.aop.framework.CglibAopProxy$CglibMethodInvocation.invokeJoinpoint(CglibAopProxy.java:792)
	at org.springframework.aop.framework.ReflectiveMethodInvocation.proceed(ReflectiveMethodInvocation.java:163)
	at org.springframework.aop.framework.CglibAopProxy$CglibMethodInvocation.proceed(CglibAopProxy.java:762)
	at org.springframework.validation.beanvalidation.MethodValidationInterceptor.invoke(MethodValidationInterceptor.java:123)
	at org.springframework.aop.framework.ReflectiveMethodInvocation.proceed(ReflectiveMethodInvocation.java:186)
	at org.springframework.aop.framework.CglibAopProxy$CglibMethodInvocation.proceed(CglibAopProxy.java:762)
	at org.springframework.aop.interceptor.ExposeInvocationInterceptor.invoke(ExposeInvocationInterceptor.java:97)
	at org.springframework.aop.framework.ReflectiveMethodInvocation.proceed(ReflectiveMethodInvocation.java:186)
	at org.springframework.aop.framework.CglibAopProxy$CglibMethodInvocation.proceed(CglibAopProxy.java:762)
	at org.springframework.aop.framework.CglibAopProxy$DynamicAdvisedInterceptor.intercept(CglibAopProxy.java:707)
	at com.ruoyi.business.controller.BizArbiterMapController$$EnhancerBySpringCGLIB$$a8901fb0.queryArbiterMapList(<generated>)
	at sun.reflect.NativeMethodAccessorImpl.invoke0(Native Method)
	at sun.reflect.NativeMethodAccessorImpl.invoke(NativeMethodAccessorImpl.java:62)
	at sun.reflect.DelegatingMethodAccessorImpl.invoke(DelegatingMethodAccessorImpl.java:43)
	at java.lang.reflect.Method.invoke(Method.java:498)
	at org.springframework.web.method.support.InvocableHandlerMethod.doInvoke(InvocableHandlerMethod.java:205)
	at org.springframework.web.method.support.InvocableHandlerMethod.invokeForRequest(InvocableHandlerMethod.java:150)
	at org.springframework.web.servlet.mvc.method.annotation.ServletInvocableHandlerMethod.invokeAndHandle(ServletInvocableHandlerMethod.java:117)
	at org.springframework.web.servlet.mvc.method.annotation.RequestMappingHandlerAdapter.invokeHandlerMethod(RequestMappingHandlerAdapter.java:895)
	at org.springframework.web.servlet.mvc.method.annotation.RequestMappingHandlerAdapter.handleInternal(RequestMappingHandlerAdapter.java:808)
	at org.springframework.web.servlet.mvc.method.AbstractHandlerMethodAdapter.handle(AbstractHandlerMethodAdapter.java:87)
	at org.springframework.web.servlet.DispatcherServlet.doDispatch(DispatcherServlet.java:1072)
	at org.springframework.web.servlet.DispatcherServlet.doService(DispatcherServlet.java:965)
	at org.springframework.web.servlet.FrameworkServlet.processRequest(FrameworkServlet.java:1006)
	at org.springframework.web.servlet.FrameworkServlet.doGet(FrameworkServlet.java:898)
	at javax.servlet.http.HttpServlet.service(HttpServlet.java:497)
	at org.springframework.web.servlet.FrameworkServlet.service(FrameworkServlet.java:883)
	at javax.servlet.http.HttpServlet.service(HttpServlet.java:584)
	at io.undertow.servlet.handlers.ServletHandler.handleRequest(ServletHandler.java:74)
	at io.undertow.servlet.handlers.FilterHandler$FilterChainImpl.doFilter(FilterHandler.java:129)
	at org.springframework.web.filter.CorsFilter.doFilterInternal(CorsFilter.java:91)
	at org.springframework.web.filter.OncePerRequestFilter.doFilter(OncePerRequestFilter.java:117)
	at io.undertow.servlet.core.ManagedFilter.doFilter(ManagedFilter.java:67)
	at io.undertow.servlet.handlers.FilterHandler$FilterChainImpl.doFilter(FilterHandler.java:131)
	at com.ruoyi.common.filter.RepeatableFilter.doFilter(RepeatableFilter.java:30)
	at io.undertow.servlet.core.ManagedFilter.doFilter(ManagedFilter.java:67)
	at io.undertow.servlet.handlers.FilterHandler$FilterChainImpl.doFilter(FilterHandler.java:131)
	at org.springframework.web.filter.RequestContextFilter.doFilterInternal(RequestContextFilter.java:100)
	at org.springframework.web.filter.OncePerRequestFilter.doFilter(OncePerRequestFilter.java:117)
	at io.undertow.servlet.core.ManagedFilter.doFilter(ManagedFilter.java:67)
	at io.undertow.servlet.handlers.FilterHandler$FilterChainImpl.doFilter(FilterHandler.java:131)
	at cn.dev33.satoken.filter.SaPathCheckFilterForServlet.doFilter(SaPathCheckFilterForServlet.java:55)
	at io.undertow.servlet.core.ManagedFilter.doFilter(ManagedFilter.java:67)
	at io.undertow.servlet.handlers.FilterHandler$FilterChainImpl.doFilter(FilterHandler.java:131)
	at org.springframework.web.filter.FormContentFilter.doFilterInternal(FormContentFilter.java:93)
	at org.springframework.web.filter.OncePerRequestFilter.doFilter(OncePerRequestFilter.java:117)
	at io.undertow.servlet.core.ManagedFilter.doFilter(ManagedFilter.java:67)
	at io.undertow.servlet.handlers.FilterHandler$FilterChainImpl.doFilter(FilterHandler.java:131)
	at org.springframework.boot.actuate.metrics.web.servlet.WebMvcMetricsFilter.doFilterInternal(WebMvcMetricsFilter.java:96)
	at org.springframework.web.filter.OncePerRequestFilter.doFilter(OncePerRequestFilter.java:117)
	at io.undertow.servlet.core.ManagedFilter.doFilter(ManagedFilter.java:67)
	at io.undertow.servlet.handlers.FilterHandler$FilterChainImpl.doFilter(FilterHandler.java:131)
	at org.springframework.web.filter.CharacterEncodingFilter.doFilterInternal(CharacterEncodingFilter.java:201)
	at org.springframework.web.filter.OncePerRequestFilter.doFilter(OncePerRequestFilter.java:117)
	at io.undertow.servlet.core.ManagedFilter.doFilter(ManagedFilter.java:67)
	at io.undertow.servlet.handlers.FilterHandler$FilterChainImpl.doFilter(FilterHandler.java:131)
	at io.undertow.servlet.handlers.FilterHandler.handleRequest(FilterHandler.java:84)
	at io.undertow.servlet.handlers.security.ServletSecurityRoleHandler.handleRequest(ServletSecurityRoleHandler.java:62)
	at io.undertow.servlet.handlers.ServletChain$1.handleRequest(ServletChain.java:68)
	at io.undertow.servlet.handlers.ServletDispatchingHandler.handleRequest(ServletDispatchingHandler.java:36)
	at io.undertow.servlet.handlers.RedirectDirHandler.handleRequest(RedirectDirHandler.java:68)
	at io.undertow.servlet.handlers.security.SSLInformationAssociationHandler.handleRequest(SSLInformationAssociationHandler.java:117)
	at io.undertow.servlet.handlers.security.ServletAuthenticationCallHandler.handleRequest(ServletAuthenticationCallHandler.java:57)
	at io.undertow.server.handlers.PredicateHandler.handleRequest(PredicateHandler.java:43)
	at io.undertow.security.handlers.AbstractConfidentialityHandler.handleRequest(AbstractConfidentialityHandler.java:46)
	at io.undertow.servlet.handlers.security.ServletConfidentialityConstraintHandler.handleRequest(ServletConfidentialityConstraintHandler.java:64)
	at io.undertow.security.handlers.AuthenticationMechanismsHandler.handleRequest(AuthenticationMechanismsHandler.java:60)
	at io.undertow.servlet.handlers.security.CachedAuthenticatedSessionHandler.handleRequest(CachedAuthenticatedSessionHandler.java:77)
	at io.undertow.security.handlers.AbstractSecurityContextAssociationHandler.handleRequest(AbstractSecurityContextAssociationHandler.java:43)
	at io.undertow.server.handlers.PredicateHandler.handleRequest(PredicateHandler.java:43)
	at io.undertow.servlet.handlers.SendErrorPageHandler.handleRequest(SendErrorPageHandler.java:52)
	at io.undertow.server.handlers.PredicateHandler.handleRequest(PredicateHandler.java:43)
	at io.undertow.servlet.handlers.ServletInitialHandler.handleFirstRequest(ServletInitialHandler.java:275)
	at io.undertow.servlet.handlers.ServletInitialHandler.access$100(ServletInitialHandler.java:79)
	at io.undertow.servlet.handlers.ServletInitialHandler$2.call(ServletInitialHandler.java:134)
	at io.undertow.servlet.handlers.ServletInitialHandler$2.call(ServletInitialHandler.java:131)
	at io.undertow.servlet.core.ServletRequestContextThreadSetupAction$1.call(ServletRequestContextThreadSetupAction.java:48)
	at io.undertow.servlet.core.ContextClassLoaderSetupAction$1.call(ContextClassLoaderSetupAction.java:43)
	at io.undertow.servlet.handlers.ServletInitialHandler.dispatchRequest(ServletInitialHandler.java:255)
	at io.undertow.servlet.handlers.ServletInitialHandler.access$000(ServletInitialHandler.java:79)
	at io.undertow.servlet.handlers.ServletInitialHandler$1.handleRequest(ServletInitialHandler.java:100)
	at io.undertow.server.Connectors.executeRootHandler(Connectors.java:393)
	at io.undertow.server.HttpServerExchange$1.run(HttpServerExchange.java:852)
	at org.jboss.threads.ContextClassLoaderSavingRunnable.run(ContextClassLoaderSavingRunnable.java:35)
	at org.jboss.threads.EnhancedQueueExecutor.safeRun(EnhancedQueueExecutor.java:2019)
	at org.jboss.threads.EnhancedQueueExecutor$ThreadBody.doRunTask(EnhancedQueueExecutor.java:1558)
	at org.jboss.threads.EnhancedQueueExecutor$ThreadBody.run(EnhancedQueueExecutor.java:1423)
	at org.xnio.XnioWorker$WorkerThreadFactory$1$1.run(XnioWorker.java:1282)
	at java.lang.Thread.run(Thread.java:750)
Caused by: org.apache.ibatis.exceptions.PersistenceException: 
### Error querying database.  Cause: org.springframework.jdbc.CannotGetJdbcConnectionException: Failed to obtain JDBC Connection; nested exception is java.sql.SQLTransientConnectionException: master - Connection is not available, request timed out after 30004ms.
### The error may exist in com/ruoyi/business/mapper/BizArbiterMapMapper.java (best guess)
### The error may involve com.ruoyi.business.mapper.BizArbiterMapMapper.selectList
### The error occurred while executing a query
### Cause: org.springframework.jdbc.CannotGetJdbcConnectionException: Failed to obtain JDBC Connection; nested exception is java.sql.SQLTransientConnectionException: master - Connection is not available, request timed out after 30004ms.
	at org.apache.ibatis.exceptions.ExceptionFactory.wrapException(ExceptionFactory.java:30)
	at org.apache.ibatis.session.defaults.DefaultSqlSession.selectList(DefaultSqlSession.java:156)
	at org.apache.ibatis.session.defaults.DefaultSqlSession.selectList(DefaultSqlSession.java:147)
	at org.apache.ibatis.session.defaults.DefaultSqlSession.selectList(DefaultSqlSession.java:142)
	at sun.reflect.NativeMethodAccessorImpl.invoke0(Native Method)
	at sun.reflect.NativeMethodAccessorImpl.invoke(NativeMethodAccessorImpl.java:62)
	at sun.reflect.DelegatingMethodAccessorImpl.invoke(DelegatingMethodAccessorImpl.java:43)
	at java.lang.reflect.Method.invoke(Method.java:498)
	at org.mybatis.spring.SqlSessionTemplate$SqlSessionInterceptor.invoke(SqlSessionTemplate.java:425)
	... 110 common frames omitted
Caused by: org.springframework.jdbc.CannotGetJdbcConnectionException: Failed to obtain JDBC Connection; nested exception is java.sql.SQLTransientConnectionException: master - Connection is not available, request timed out after 30004ms.
	at org.springframework.jdbc.datasource.DataSourceUtils.getConnection(DataSourceUtils.java:84)
	at org.mybatis.spring.transaction.SpringManagedTransaction.openConnection(SpringManagedTransaction.java:80)
	at org.mybatis.spring.transaction.SpringManagedTransaction.getConnection(SpringManagedTransaction.java:67)
	at org.apache.ibatis.executor.BaseExecutor.getConnection(BaseExecutor.java:345)
	at org.apache.ibatis.executor.SimpleExecutor.prepareStatement(SimpleExecutor.java:89)
	at org.apache.ibatis.executor.SimpleExecutor.doQuery(SimpleExecutor.java:64)
	at org.apache.ibatis.executor.BaseExecutor.queryFromDatabase(BaseExecutor.java:333)
	at org.apache.ibatis.executor.BaseExecutor.query(BaseExecutor.java:158)
	at org.apache.ibatis.executor.CachingExecutor.query(CachingExecutor.java:110)
	at com.baomidou.mybatisplus.extension.plugins.MybatisPlusInterceptor.intercept(MybatisPlusInterceptor.java:81)
	at org.apache.ibatis.plugin.Plugin.invoke(Plugin.java:59)
	at com.sun.proxy.$Proxy323.query(Unknown Source)
	at org.apache.ibatis.session.defaults.DefaultSqlSession.selectList(DefaultSqlSession.java:154)
	... 117 common frames omitted
Caused by: java.sql.SQLTransientConnectionException: master - Connection is not available, request timed out after 30004ms.
	at com.zaxxer.hikari.pool.HikariPool.createTimeoutException(HikariPool.java:696)
	at com.zaxxer.hikari.pool.HikariPool.getConnection(HikariPool.java:197)
	at com.zaxxer.hikari.pool.HikariPool.getConnection(HikariPool.java:162)
	at com.zaxxer.hikari.HikariDataSource.getConnection(HikariDataSource.java:100)
	at com.p6spy.engine.spy.P6DataSource.getConnection(P6DataSource.java:300)
	at com.baomidou.dynamic.datasource.ds.ItemDataSource.getConnection(ItemDataSource.java:56)
	at com.baomidou.dynamic.datasource.ds.AbstractRoutingDataSource.getConnection(AbstractRoutingDataSource.java:55)
	at org.springframework.jdbc.datasource.DataSourceUtils.fetchConnection(DataSourceUtils.java:160)
	at org.springframework.jdbc.datasource.DataSourceUtils.doGetConnection(DataSourceUtils.java:118)
	at org.springframework.jdbc.datasource.DataSourceUtils.getConnection(DataSourceUtils.java:81)
	... 129 common frames omitted
Caused by: java.sql.SQLNonTransientConnectionException: Could not create connection to database server. Attempted reconnect 3 times. Giving up.
	at com.mysql.cj.jdbc.exceptions.SQLError.createSQLException(SQLError.java:111)
	at com.mysql.cj.jdbc.exceptions.SQLError.createSQLException(SQLError.java:98)
	at com.mysql.cj.jdbc.exceptions.SQLError.createSQLException(SQLError.java:90)
	at com.mysql.cj.jdbc.exceptions.SQLError.createSQLException(SQLError.java:64)
	at com.mysql.cj.jdbc.exceptions.SQLError.createSQLException(SQLError.java:74)
	at com.mysql.cj.jdbc.ConnectionImpl.connectWithRetries(ConnectionImpl.java:895)
	at com.mysql.cj.jdbc.ConnectionImpl.createNewIO(ConnectionImpl.java:820)
	at com.mysql.cj.jdbc.ConnectionImpl.<init>(ConnectionImpl.java:446)
	at com.mysql.cj.jdbc.ConnectionImpl.getInstance(ConnectionImpl.java:239)
	at com.mysql.cj.jdbc.NonRegisteringDriver.connect(NonRegisteringDriver.java:188)
	at com.zaxxer.hikari.util.DriverDataSource.getConnection(DriverDataSource.java:138)
	at com.zaxxer.hikari.pool.PoolBase.newConnection(PoolBase.java:364)
	at com.zaxxer.hikari.pool.PoolBase.newPoolEntry(PoolBase.java:206)
	at com.zaxxer.hikari.pool.HikariPool.createPoolEntry(HikariPool.java:476)
	at com.zaxxer.hikari.pool.HikariPool.access$100(HikariPool.java:71)
	at com.zaxxer.hikari.pool.HikariPool$PoolEntryCreator.call(HikariPool.java:726)
	at com.zaxxer.hikari.pool.HikariPool$PoolEntryCreator.call(HikariPool.java:712)
	at java.util.concurrent.FutureTask.run(FutureTask.java:266)
	at java.util.concurrent.ThreadPoolExecutor.runWorker(ThreadPoolExecutor.java:1149)
	at java.util.concurrent.ThreadPoolExecutor$Worker.run(ThreadPoolExecutor.java:624)
	... 1 common frames omitted
Caused by: com.mysql.cj.exceptions.CJCommunicationsException: Communications link failure

The last packet sent successfully to the server was 0 milliseconds ago. The driver has not received any packets from the server.
	at sun.reflect.NativeConstructorAccessorImpl.newInstance0(Native Method)
	at sun.reflect.NativeConstructorAccessorImpl.newInstance(NativeConstructorAccessorImpl.java:62)
	at sun.reflect.DelegatingConstructorAccessorImpl.newInstance(DelegatingConstructorAccessorImpl.java:45)
	at java.lang.reflect.Constructor.newInstance(Constructor.java:423)
	at com.mysql.cj.exceptions.ExceptionFactory.createException(ExceptionFactory.java:62)
	at com.mysql.cj.exceptions.ExceptionFactory.createException(ExceptionFactory.java:105)
	at com.mysql.cj.exceptions.ExceptionFactory.createException(ExceptionFactory.java:150)
	at com.mysql.cj.exceptions.ExceptionFactory.createCommunicationsException(ExceptionFactory.java:166)
	at com.mysql.cj.protocol.a.NativeProtocol.readMessage(NativeProtocol.java:582)
	at com.mysql.cj.protocol.a.NativeProtocol.readServerCapabilities(NativeProtocol.java:537)
	at com.mysql.cj.protocol.a.NativeProtocol.beforeHandshake(NativeProtocol.java:424)
	at com.mysql.cj.protocol.a.NativeProtocol.connect(NativeProtocol.java:1428)
	at com.mysql.cj.NativeSession.connect(NativeSession.java:134)
	at com.mysql.cj.jdbc.ConnectionImpl.connectWithRetries(ConnectionImpl.java:839)
	... 15 common frames omitted
Caused by: java.io.EOFException: Can not read response from server. Expected to read 4 bytes, read 0 bytes before connection was unexpectedly lost.
	at com.mysql.cj.protocol.FullReadInputStream.readFully(FullReadInputStream.java:67)
	at com.mysql.cj.protocol.a.SimplePacketReader.readHeaderLocal(SimplePacketReader.java:81)
	at com.mysql.cj.protocol.a.SimplePacketReader.readHeader(SimplePacketReader.java:63)
	at com.mysql.cj.protocol.a.SimplePacketReader.readHeader(SimplePacketReader.java:45)
	at com.mysql.cj.protocol.a.NativeProtocol.readMessage(NativeProtocol.java:576)
	... 20 common frames omitted
2025-10-20 15:39:15 [XNIO-1 task-12] ERROR c.r.f.w.e.GlobalExceptionHandler - 请求地址'/business/user/list', Mybatis系统异常
org.mybatis.spring.MyBatisSystemException: nested exception is org.apache.ibatis.exceptions.PersistenceException: 
### Error querying database.  Cause: org.springframework.jdbc.CannotGetJdbcConnectionException: Failed to obtain JDBC Connection; nested exception is java.sql.SQLTransientConnectionException: master - Connection is not available, request timed out after 30006ms.
### The error may exist in com/ruoyi/business/mapper/BizUserMapper.java (best guess)
### The error may involve com.ruoyi.business.mapper.BizUserMapper.selectList_mpCount
### The error occurred while executing a query
### Cause: org.springframework.jdbc.CannotGetJdbcConnectionException: Failed to obtain JDBC Connection; nested exception is java.sql.SQLTransientConnectionException: master - Connection is not available, request timed out after 30006ms.
	at org.mybatis.spring.MyBatisExceptionTranslator.translateExceptionIfPossible(MyBatisExceptionTranslator.java:97)
	at org.mybatis.spring.SqlSessionTemplate$SqlSessionInterceptor.invoke(SqlSessionTemplate.java:439)
	at com.sun.proxy.$Proxy136.selectList(Unknown Source)
	at org.mybatis.spring.SqlSessionTemplate.selectList(SqlSessionTemplate.java:224)
	at com.baomidou.mybatisplus.core.override.MybatisMapperMethod.executeForMany(MybatisMapperMethod.java:166)
	at com.baomidou.mybatisplus.core.override.MybatisMapperMethod.execute(MybatisMapperMethod.java:77)
	at com.baomidou.mybatisplus.core.override.MybatisMapperProxy$PlainMethodInvoker.invoke(MybatisMapperProxy.java:152)
	at com.baomidou.mybatisplus.core.override.MybatisMapperProxy.invoke(MybatisMapperProxy.java:89)
	at com.sun.proxy.$Proxy180.selectList(Unknown Source)
	at com.ruoyi.common.core.mapper.BaseMapperPlus.selectVoPage(BaseMapperPlus.java:183)
	at java.lang.invoke.MethodHandle.invokeWithArguments(MethodHandle.java:627)
	at com.baomidou.mybatisplus.core.override.MybatisMapperProxy$DefaultMethodInvoker.invoke(MybatisMapperProxy.java:166)
	at com.baomidou.mybatisplus.core.override.MybatisMapperProxy.invoke(MybatisMapperProxy.java:89)
	at com.sun.proxy.$Proxy180.selectVoPage(Unknown Source)
	at com.ruoyi.common.core.mapper.BaseMapperPlus.selectVoPage(BaseMapperPlus.java:176)
	at java.lang.invoke.MethodHandle.invokeWithArguments(MethodHandle.java:627)
	at com.baomidou.mybatisplus.core.override.MybatisMapperProxy$DefaultMethodInvoker.invoke(MybatisMapperProxy.java:166)
	at com.baomidou.mybatisplus.core.override.MybatisMapperProxy.invoke(MybatisMapperProxy.java:89)
	at com.sun.proxy.$Proxy180.selectVoPage(Unknown Source)
	at com.ruoyi.business.service.impl.BizUserServiceImpl.queryPageList(BizUserServiceImpl.java:65)
	at com.ruoyi.business.controller.BizUserController.list(BizUserController.java:48)
	at com.ruoyi.business.controller.BizUserController$$FastClassBySpringCGLIB$$c2c3ac77.invoke(<generated>)
	at org.springframework.cglib.proxy.MethodProxy.invoke(MethodProxy.java:218)
	at org.springframework.aop.framework.CglibAopProxy$CglibMethodInvocation.invokeJoinpoint(CglibAopProxy.java:792)
	at org.springframework.aop.framework.ReflectiveMethodInvocation.proceed(ReflectiveMethodInvocation.java:163)
	at org.springframework.aop.framework.CglibAopProxy$CglibMethodInvocation.proceed(CglibAopProxy.java:762)
	at org.springframework.validation.beanvalidation.MethodValidationInterceptor.invoke(MethodValidationInterceptor.java:123)
	at org.springframework.aop.framework.ReflectiveMethodInvocation.proceed(ReflectiveMethodInvocation.java:186)
	at org.springframework.aop.framework.CglibAopProxy$CglibMethodInvocation.proceed(CglibAopProxy.java:762)
	at org.springframework.aop.interceptor.ExposeInvocationInterceptor.invoke(ExposeInvocationInterceptor.java:97)
	at org.springframework.aop.framework.ReflectiveMethodInvocation.proceed(ReflectiveMethodInvocation.java:186)
	at org.springframework.aop.framework.CglibAopProxy$CglibMethodInvocation.proceed(CglibAopProxy.java:762)
	at org.springframework.aop.framework.CglibAopProxy$DynamicAdvisedInterceptor.intercept(CglibAopProxy.java:707)
	at com.ruoyi.business.controller.BizUserController$$EnhancerBySpringCGLIB$$d2f368f8.list(<generated>)
	at sun.reflect.NativeMethodAccessorImpl.invoke0(Native Method)
	at sun.reflect.NativeMethodAccessorImpl.invoke(NativeMethodAccessorImpl.java:62)
	at sun.reflect.DelegatingMethodAccessorImpl.invoke(DelegatingMethodAccessorImpl.java:43)
	at java.lang.reflect.Method.invoke(Method.java:498)
	at org.springframework.web.method.support.InvocableHandlerMethod.doInvoke(InvocableHandlerMethod.java:205)
	at org.springframework.web.method.support.InvocableHandlerMethod.invokeForRequest(InvocableHandlerMethod.java:150)
	at org.springframework.web.servlet.mvc.method.annotation.ServletInvocableHandlerMethod.invokeAndHandle(ServletInvocableHandlerMethod.java:117)
	at org.springframework.web.servlet.mvc.method.annotation.RequestMappingHandlerAdapter.invokeHandlerMethod(RequestMappingHandlerAdapter.java:895)
	at org.springframework.web.servlet.mvc.method.annotation.RequestMappingHandlerAdapter.handleInternal(RequestMappingHandlerAdapter.java:808)
	at org.springframework.web.servlet.mvc.method.AbstractHandlerMethodAdapter.handle(AbstractHandlerMethodAdapter.java:87)
	at org.springframework.web.servlet.DispatcherServlet.doDispatch(DispatcherServlet.java:1072)
	at org.springframework.web.servlet.DispatcherServlet.doService(DispatcherServlet.java:965)
	at org.springframework.web.servlet.FrameworkServlet.processRequest(FrameworkServlet.java:1006)
	at org.springframework.web.servlet.FrameworkServlet.doGet(FrameworkServlet.java:898)
	at javax.servlet.http.HttpServlet.service(HttpServlet.java:497)
	at org.springframework.web.servlet.FrameworkServlet.service(FrameworkServlet.java:883)
	at javax.servlet.http.HttpServlet.service(HttpServlet.java:584)
	at io.undertow.servlet.handlers.ServletHandler.handleRequest(ServletHandler.java:74)
	at io.undertow.servlet.handlers.FilterHandler$FilterChainImpl.doFilter(FilterHandler.java:129)
	at org.springframework.web.filter.CorsFilter.doFilterInternal(CorsFilter.java:91)
	at org.springframework.web.filter.OncePerRequestFilter.doFilter(OncePerRequestFilter.java:117)
	at io.undertow.servlet.core.ManagedFilter.doFilter(ManagedFilter.java:67)
	at io.undertow.servlet.handlers.FilterHandler$FilterChainImpl.doFilter(FilterHandler.java:131)
	at com.ruoyi.common.filter.RepeatableFilter.doFilter(RepeatableFilter.java:30)
	at io.undertow.servlet.core.ManagedFilter.doFilter(ManagedFilter.java:67)
	at io.undertow.servlet.handlers.FilterHandler$FilterChainImpl.doFilter(FilterHandler.java:131)
	at org.springframework.web.filter.RequestContextFilter.doFilterInternal(RequestContextFilter.java:100)
	at org.springframework.web.filter.OncePerRequestFilter.doFilter(OncePerRequestFilter.java:117)
	at io.undertow.servlet.core.ManagedFilter.doFilter(ManagedFilter.java:67)
	at io.undertow.servlet.handlers.FilterHandler$FilterChainImpl.doFilter(FilterHandler.java:131)
	at cn.dev33.satoken.filter.SaPathCheckFilterForServlet.doFilter(SaPathCheckFilterForServlet.java:55)
	at io.undertow.servlet.core.ManagedFilter.doFilter(ManagedFilter.java:67)
	at io.undertow.servlet.handlers.FilterHandler$FilterChainImpl.doFilter(FilterHandler.java:131)
	at org.springframework.web.filter.FormContentFilter.doFilterInternal(FormContentFilter.java:93)
	at org.springframework.web.filter.OncePerRequestFilter.doFilter(OncePerRequestFilter.java:117)
	at io.undertow.servlet.core.ManagedFilter.doFilter(ManagedFilter.java:67)
	at io.undertow.servlet.handlers.FilterHandler$FilterChainImpl.doFilter(FilterHandler.java:131)
	at org.springframework.boot.actuate.metrics.web.servlet.WebMvcMetricsFilter.doFilterInternal(WebMvcMetricsFilter.java:96)
	at org.springframework.web.filter.OncePerRequestFilter.doFilter(OncePerRequestFilter.java:117)
	at io.undertow.servlet.core.ManagedFilter.doFilter(ManagedFilter.java:67)
	at io.undertow.servlet.handlers.FilterHandler$FilterChainImpl.doFilter(FilterHandler.java:131)
	at org.springframework.web.filter.CharacterEncodingFilter.doFilterInternal(CharacterEncodingFilter.java:201)
	at org.springframework.web.filter.OncePerRequestFilter.doFilter(OncePerRequestFilter.java:117)
	at io.undertow.servlet.core.ManagedFilter.doFilter(ManagedFilter.java:67)
	at io.undertow.servlet.handlers.FilterHandler$FilterChainImpl.doFilter(FilterHandler.java:131)
	at io.undertow.servlet.handlers.FilterHandler.handleRequest(FilterHandler.java:84)
	at io.undertow.servlet.handlers.security.ServletSecurityRoleHandler.handleRequest(ServletSecurityRoleHandler.java:62)
	at io.undertow.servlet.handlers.ServletChain$1.handleRequest(ServletChain.java:68)
	at io.undertow.servlet.handlers.ServletDispatchingHandler.handleRequest(ServletDispatchingHandler.java:36)
	at io.undertow.servlet.handlers.RedirectDirHandler.handleRequest(RedirectDirHandler.java:68)
	at io.undertow.servlet.handlers.security.SSLInformationAssociationHandler.handleRequest(SSLInformationAssociationHandler.java:117)
	at io.undertow.servlet.handlers.security.ServletAuthenticationCallHandler.handleRequest(ServletAuthenticationCallHandler.java:57)
	at io.undertow.server.handlers.PredicateHandler.handleRequest(PredicateHandler.java:43)
	at io.undertow.security.handlers.AbstractConfidentialityHandler.handleRequest(AbstractConfidentialityHandler.java:46)
	at io.undertow.servlet.handlers.security.ServletConfidentialityConstraintHandler.handleRequest(ServletConfidentialityConstraintHandler.java:64)
	at io.undertow.security.handlers.AuthenticationMechanismsHandler.handleRequest(AuthenticationMechanismsHandler.java:60)
	at io.undertow.servlet.handlers.security.CachedAuthenticatedSessionHandler.handleRequest(CachedAuthenticatedSessionHandler.java:77)
	at io.undertow.security.handlers.AbstractSecurityContextAssociationHandler.handleRequest(AbstractSecurityContextAssociationHandler.java:43)
	at io.undertow.server.handlers.PredicateHandler.handleRequest(PredicateHandler.java:43)
	at io.undertow.servlet.handlers.SendErrorPageHandler.handleRequest(SendErrorPageHandler.java:52)
	at io.undertow.server.handlers.PredicateHandler.handleRequest(PredicateHandler.java:43)
	at io.undertow.servlet.handlers.ServletInitialHandler.handleFirstRequest(ServletInitialHandler.java:275)
	at io.undertow.servlet.handlers.ServletInitialHandler.access$100(ServletInitialHandler.java:79)
	at io.undertow.servlet.handlers.ServletInitialHandler$2.call(ServletInitialHandler.java:134)
	at io.undertow.servlet.handlers.ServletInitialHandler$2.call(ServletInitialHandler.java:131)
	at io.undertow.servlet.core.ServletRequestContextThreadSetupAction$1.call(ServletRequestContextThreadSetupAction.java:48)
	at io.undertow.servlet.core.ContextClassLoaderSetupAction$1.call(ContextClassLoaderSetupAction.java:43)
	at io.undertow.servlet.handlers.ServletInitialHandler.dispatchRequest(ServletInitialHandler.java:255)
	at io.undertow.servlet.handlers.ServletInitialHandler.access$000(ServletInitialHandler.java:79)
	at io.undertow.servlet.handlers.ServletInitialHandler$1.handleRequest(ServletInitialHandler.java:100)
	at io.undertow.server.Connectors.executeRootHandler(Connectors.java:393)
	at io.undertow.server.HttpServerExchange$1.run(HttpServerExchange.java:852)
	at org.jboss.threads.ContextClassLoaderSavingRunnable.run(ContextClassLoaderSavingRunnable.java:35)
	at org.jboss.threads.EnhancedQueueExecutor.safeRun(EnhancedQueueExecutor.java:2019)
	at org.jboss.threads.EnhancedQueueExecutor$ThreadBody.doRunTask(EnhancedQueueExecutor.java:1558)
	at org.jboss.threads.EnhancedQueueExecutor$ThreadBody.run(EnhancedQueueExecutor.java:1423)
	at org.xnio.XnioWorker$WorkerThreadFactory$1$1.run(XnioWorker.java:1282)
	at java.lang.Thread.run(Thread.java:750)
Caused by: org.apache.ibatis.exceptions.PersistenceException: 
### Error querying database.  Cause: org.springframework.jdbc.CannotGetJdbcConnectionException: Failed to obtain JDBC Connection; nested exception is java.sql.SQLTransientConnectionException: master - Connection is not available, request timed out after 30006ms.
### The error may exist in com/ruoyi/business/mapper/BizUserMapper.java (best guess)
### The error may involve com.ruoyi.business.mapper.BizUserMapper.selectList_mpCount
### The error occurred while executing a query
### Cause: org.springframework.jdbc.CannotGetJdbcConnectionException: Failed to obtain JDBC Connection; nested exception is java.sql.SQLTransientConnectionException: master - Connection is not available, request timed out after 30006ms.
	at org.apache.ibatis.exceptions.ExceptionFactory.wrapException(ExceptionFactory.java:30)
	at org.apache.ibatis.session.defaults.DefaultSqlSession.selectList(DefaultSqlSession.java:156)
	at org.apache.ibatis.session.defaults.DefaultSqlSession.selectList(DefaultSqlSession.java:147)
	at org.apache.ibatis.session.defaults.DefaultSqlSession.selectList(DefaultSqlSession.java:142)
	at sun.reflect.GeneratedMethodAccessor116.invoke(Unknown Source)
	at sun.reflect.DelegatingMethodAccessorImpl.invoke(DelegatingMethodAccessorImpl.java:43)
	at java.lang.reflect.Method.invoke(Method.java:498)
	at org.mybatis.spring.SqlSessionTemplate$SqlSessionInterceptor.invoke(SqlSessionTemplate.java:425)
	... 110 common frames omitted
Caused by: org.springframework.jdbc.CannotGetJdbcConnectionException: Failed to obtain JDBC Connection; nested exception is java.sql.SQLTransientConnectionException: master - Connection is not available, request timed out after 30006ms.
	at org.springframework.jdbc.datasource.DataSourceUtils.getConnection(DataSourceUtils.java:84)
	at org.mybatis.spring.transaction.SpringManagedTransaction.openConnection(SpringManagedTransaction.java:80)
	at org.mybatis.spring.transaction.SpringManagedTransaction.getConnection(SpringManagedTransaction.java:67)
	at org.apache.ibatis.executor.BaseExecutor.getConnection(BaseExecutor.java:345)
	at org.apache.ibatis.executor.SimpleExecutor.prepareStatement(SimpleExecutor.java:89)
	at org.apache.ibatis.executor.SimpleExecutor.doQuery(SimpleExecutor.java:64)
	at org.apache.ibatis.executor.BaseExecutor.queryFromDatabase(BaseExecutor.java:333)
	at org.apache.ibatis.executor.BaseExecutor.query(BaseExecutor.java:158)
	at org.apache.ibatis.executor.CachingExecutor.query(CachingExecutor.java:110)
	at com.baomidou.mybatisplus.extension.plugins.inner.PaginationInnerInterceptor.willDoQuery(PaginationInnerInterceptor.java:135)
	at com.baomidou.mybatisplus.extension.plugins.MybatisPlusInterceptor.intercept(MybatisPlusInterceptor.java:75)
	at org.apache.ibatis.plugin.Plugin.invoke(Plugin.java:59)
	at com.sun.proxy.$Proxy323.query(Unknown Source)
	at org.apache.ibatis.session.defaults.DefaultSqlSession.selectList(DefaultSqlSession.java:154)
	... 116 common frames omitted
Caused by: java.sql.SQLTransientConnectionException: master - Connection is not available, request timed out after 30006ms.
	at com.zaxxer.hikari.pool.HikariPool.createTimeoutException(HikariPool.java:696)
	at com.zaxxer.hikari.pool.HikariPool.getConnection(HikariPool.java:197)
	at com.zaxxer.hikari.pool.HikariPool.getConnection(HikariPool.java:162)
	at com.zaxxer.hikari.HikariDataSource.getConnection(HikariDataSource.java:100)
	at com.p6spy.engine.spy.P6DataSource.getConnection(P6DataSource.java:300)
	at com.baomidou.dynamic.datasource.ds.ItemDataSource.getConnection(ItemDataSource.java:56)
	at com.baomidou.dynamic.datasource.ds.AbstractRoutingDataSource.getConnection(AbstractRoutingDataSource.java:55)
	at org.springframework.jdbc.datasource.DataSourceUtils.fetchConnection(DataSourceUtils.java:160)
	at org.springframework.jdbc.datasource.DataSourceUtils.doGetConnection(DataSourceUtils.java:118)
	at org.springframework.jdbc.datasource.DataSourceUtils.getConnection(DataSourceUtils.java:81)
	... 129 common frames omitted
Caused by: java.sql.SQLNonTransientConnectionException: Could not create connection to database server. Attempted reconnect 3 times. Giving up.
	at com.mysql.cj.jdbc.exceptions.SQLError.createSQLException(SQLError.java:111)
	at com.mysql.cj.jdbc.exceptions.SQLError.createSQLException(SQLError.java:98)
	at com.mysql.cj.jdbc.exceptions.SQLError.createSQLException(SQLError.java:90)
	at com.mysql.cj.jdbc.exceptions.SQLError.createSQLException(SQLError.java:64)
	at com.mysql.cj.jdbc.exceptions.SQLError.createSQLException(SQLError.java:74)
	at com.mysql.cj.jdbc.ConnectionImpl.connectWithRetries(ConnectionImpl.java:895)
	at com.mysql.cj.jdbc.ConnectionImpl.createNewIO(ConnectionImpl.java:820)
	at com.mysql.cj.jdbc.ConnectionImpl.<init>(ConnectionImpl.java:446)
	at com.mysql.cj.jdbc.ConnectionImpl.getInstance(ConnectionImpl.java:239)
	at com.mysql.cj.jdbc.NonRegisteringDriver.connect(NonRegisteringDriver.java:188)
	at com.zaxxer.hikari.util.DriverDataSource.getConnection(DriverDataSource.java:138)
	at com.zaxxer.hikari.pool.PoolBase.newConnection(PoolBase.java:364)
	at com.zaxxer.hikari.pool.PoolBase.newPoolEntry(PoolBase.java:206)
	at com.zaxxer.hikari.pool.HikariPool.createPoolEntry(HikariPool.java:476)
	at com.zaxxer.hikari.pool.HikariPool.access$100(HikariPool.java:71)
	at com.zaxxer.hikari.pool.HikariPool$PoolEntryCreator.call(HikariPool.java:726)
	at com.zaxxer.hikari.pool.HikariPool$PoolEntryCreator.call(HikariPool.java:712)
	at java.util.concurrent.FutureTask.run(FutureTask.java:266)
	at java.util.concurrent.ThreadPoolExecutor.runWorker(ThreadPoolExecutor.java:1149)
	at java.util.concurrent.ThreadPoolExecutor$Worker.run(ThreadPoolExecutor.java:624)
	... 1 common frames omitted
Caused by: com.mysql.cj.exceptions.CJCommunicationsException: Communications link failure

The last packet sent successfully to the server was 0 milliseconds ago. The driver has not received any packets from the server.
	at sun.reflect.NativeConstructorAccessorImpl.newInstance0(Native Method)
	at sun.reflect.NativeConstructorAccessorImpl.newInstance(NativeConstructorAccessorImpl.java:62)
	at sun.reflect.DelegatingConstructorAccessorImpl.newInstance(DelegatingConstructorAccessorImpl.java:45)
	at java.lang.reflect.Constructor.newInstance(Constructor.java:423)
	at com.mysql.cj.exceptions.ExceptionFactory.createException(ExceptionFactory.java:62)
	at com.mysql.cj.exceptions.ExceptionFactory.createException(ExceptionFactory.java:105)
	at com.mysql.cj.exceptions.ExceptionFactory.createException(ExceptionFactory.java:150)
	at com.mysql.cj.exceptions.ExceptionFactory.createCommunicationsException(ExceptionFactory.java:166)
	at com.mysql.cj.protocol.a.NativeProtocol.readMessage(NativeProtocol.java:582)
	at com.mysql.cj.protocol.a.NativeProtocol.readServerCapabilities(NativeProtocol.java:537)
	at com.mysql.cj.protocol.a.NativeProtocol.beforeHandshake(NativeProtocol.java:424)
	at com.mysql.cj.protocol.a.NativeProtocol.connect(NativeProtocol.java:1428)
	at com.mysql.cj.NativeSession.connect(NativeSession.java:134)
	at com.mysql.cj.jdbc.ConnectionImpl.connectWithRetries(ConnectionImpl.java:839)
	... 15 common frames omitted
Caused by: java.io.EOFException: Can not read response from server. Expected to read 4 bytes, read 0 bytes before connection was unexpectedly lost.
	at com.mysql.cj.protocol.FullReadInputStream.readFully(FullReadInputStream.java:67)
	at com.mysql.cj.protocol.a.SimplePacketReader.readHeaderLocal(SimplePacketReader.java:81)
	at com.mysql.cj.protocol.a.SimplePacketReader.readHeader(SimplePacketReader.java:63)
	at com.mysql.cj.protocol.a.SimplePacketReader.readHeader(SimplePacketReader.java:45)
	at com.mysql.cj.protocol.a.NativeProtocol.readMessage(NativeProtocol.java:576)
	... 20 common frames omitted
2025-10-20 15:39:27 [XNIO-1 task-13] ERROR c.r.f.w.e.GlobalExceptionHandler - 请求地址'/system/user/deptTree', Mybatis系统异常
org.mybatis.spring.MyBatisSystemException: nested exception is org.apache.ibatis.exceptions.PersistenceException: 
### Error querying database.  Cause: org.springframework.jdbc.CannotGetJdbcConnectionException: Failed to obtain JDBC Connection; nested exception is java.sql.SQLTransientConnectionException: master - Connection is not available, request timed out after 30009ms.
### The error may exist in file [/Users/w/Documents/项目/chess/chess_code_2/ruoyi/target/classes/mapper/system/SysDeptMapper.xml]
### The error may involve com.ruoyi.system.mapper.SysDeptMapper.selectDeptList
### The error occurred while executing a query
### Cause: org.springframework.jdbc.CannotGetJdbcConnectionException: Failed to obtain JDBC Connection; nested exception is java.sql.SQLTransientConnectionException: master - Connection is not available, request timed out after 30009ms.
	at org.mybatis.spring.MyBatisExceptionTranslator.translateExceptionIfPossible(MyBatisExceptionTranslator.java:97)
	at org.mybatis.spring.SqlSessionTemplate$SqlSessionInterceptor.invoke(SqlSessionTemplate.java:439)
	at com.sun.proxy.$Proxy136.selectList(Unknown Source)
	at org.mybatis.spring.SqlSessionTemplate.selectList(SqlSessionTemplate.java:224)
	at com.baomidou.mybatisplus.core.override.MybatisMapperMethod.executeForMany(MybatisMapperMethod.java:166)
	at com.baomidou.mybatisplus.core.override.MybatisMapperMethod.execute(MybatisMapperMethod.java:77)
	at com.baomidou.mybatisplus.core.override.MybatisMapperProxy$PlainMethodInvoker.invoke(MybatisMapperProxy.java:152)
	at com.baomidou.mybatisplus.core.override.MybatisMapperProxy.invoke(MybatisMapperProxy.java:89)
	at com.sun.proxy.$Proxy234.selectDeptList(Unknown Source)
	at com.ruoyi.system.service.impl.SysDeptServiceImpl.selectDeptList(SysDeptServiceImpl.java:64)
	at com.ruoyi.system.service.impl.SysDeptServiceImpl.selectDeptTreeList(SysDeptServiceImpl.java:77)
	at com.ruoyi.system.service.impl.SysDeptServiceImpl$$FastClassBySpringCGLIB$$b1f4f5f8.invoke(<generated>)
	at org.springframework.cglib.proxy.MethodProxy.invoke(MethodProxy.java:218)
	at org.springframework.aop.framework.CglibAopProxy.invokeMethod(CglibAopProxy.java:386)
	at org.springframework.aop.framework.CglibAopProxy.access$000(CglibAopProxy.java:85)
	at org.springframework.aop.framework.CglibAopProxy$DynamicAdvisedInterceptor.intercept(CglibAopProxy.java:703)
	at com.ruoyi.system.service.impl.SysDeptServiceImpl$$EnhancerBySpringCGLIB$$a8be067d.selectDeptTreeList(<generated>)
	at com.ruoyi.web.controller.system.SysUserController.deptTree(SysUserController.java:253)
	at com.ruoyi.web.controller.system.SysUserController$$FastClassBySpringCGLIB$$6f1aa94e.invoke(<generated>)
	at org.springframework.cglib.proxy.MethodProxy.invoke(MethodProxy.java:218)
	at org.springframework.aop.framework.CglibAopProxy$CglibMethodInvocation.invokeJoinpoint(CglibAopProxy.java:792)
	at org.springframework.aop.framework.ReflectiveMethodInvocation.proceed(ReflectiveMethodInvocation.java:163)
	at org.springframework.aop.framework.CglibAopProxy$CglibMethodInvocation.proceed(CglibAopProxy.java:762)
	at org.springframework.validation.beanvalidation.MethodValidationInterceptor.invoke(MethodValidationInterceptor.java:123)
	at org.springframework.aop.framework.ReflectiveMethodInvocation.proceed(ReflectiveMethodInvocation.java:186)
	at org.springframework.aop.framework.CglibAopProxy$CglibMethodInvocation.proceed(CglibAopProxy.java:762)
	at org.springframework.aop.interceptor.ExposeInvocationInterceptor.invoke(ExposeInvocationInterceptor.java:97)
	at org.springframework.aop.framework.ReflectiveMethodInvocation.proceed(ReflectiveMethodInvocation.java:186)
	at org.springframework.aop.framework.CglibAopProxy$CglibMethodInvocation.proceed(CglibAopProxy.java:762)
	at org.springframework.aop.framework.CglibAopProxy$DynamicAdvisedInterceptor.intercept(CglibAopProxy.java:707)
	at com.ruoyi.web.controller.system.SysUserController$$EnhancerBySpringCGLIB$$443c8098.deptTree(<generated>)
	at sun.reflect.NativeMethodAccessorImpl.invoke0(Native Method)
	at sun.reflect.NativeMethodAccessorImpl.invoke(NativeMethodAccessorImpl.java:62)
	at sun.reflect.DelegatingMethodAccessorImpl.invoke(DelegatingMethodAccessorImpl.java:43)
	at java.lang.reflect.Method.invoke(Method.java:498)
	at org.springframework.web.method.support.InvocableHandlerMethod.doInvoke(InvocableHandlerMethod.java:205)
	at org.springframework.web.method.support.InvocableHandlerMethod.invokeForRequest(InvocableHandlerMethod.java:150)
	at org.springframework.web.servlet.mvc.method.annotation.ServletInvocableHandlerMethod.invokeAndHandle(ServletInvocableHandlerMethod.java:117)
	at org.springframework.web.servlet.mvc.method.annotation.RequestMappingHandlerAdapter.invokeHandlerMethod(RequestMappingHandlerAdapter.java:895)
	at org.springframework.web.servlet.mvc.method.annotation.RequestMappingHandlerAdapter.handleInternal(RequestMappingHandlerAdapter.java:808)
	at org.springframework.web.servlet.mvc.method.AbstractHandlerMethodAdapter.handle(AbstractHandlerMethodAdapter.java:87)
	at org.springframework.web.servlet.DispatcherServlet.doDispatch(DispatcherServlet.java:1072)
	at org.springframework.web.servlet.DispatcherServlet.doService(DispatcherServlet.java:965)
	at org.springframework.web.servlet.FrameworkServlet.processRequest(FrameworkServlet.java:1006)
	at org.springframework.web.servlet.FrameworkServlet.doGet(FrameworkServlet.java:898)
	at javax.servlet.http.HttpServlet.service(HttpServlet.java:497)
	at org.springframework.web.servlet.FrameworkServlet.service(FrameworkServlet.java:883)
	at javax.servlet.http.HttpServlet.service(HttpServlet.java:584)
	at io.undertow.servlet.handlers.ServletHandler.handleRequest(ServletHandler.java:74)
	at io.undertow.servlet.handlers.FilterHandler$FilterChainImpl.doFilter(FilterHandler.java:129)
	at org.springframework.web.filter.CorsFilter.doFilterInternal(CorsFilter.java:91)
	at org.springframework.web.filter.OncePerRequestFilter.doFilter(OncePerRequestFilter.java:117)
	at io.undertow.servlet.core.ManagedFilter.doFilter(ManagedFilter.java:67)
	at io.undertow.servlet.handlers.FilterHandler$FilterChainImpl.doFilter(FilterHandler.java:131)
	at com.ruoyi.common.filter.RepeatableFilter.doFilter(RepeatableFilter.java:30)
	at io.undertow.servlet.core.ManagedFilter.doFilter(ManagedFilter.java:67)
	at io.undertow.servlet.handlers.FilterHandler$FilterChainImpl.doFilter(FilterHandler.java:131)
	at org.springframework.web.filter.RequestContextFilter.doFilterInternal(RequestContextFilter.java:100)
	at org.springframework.web.filter.OncePerRequestFilter.doFilter(OncePerRequestFilter.java:117)
	at io.undertow.servlet.core.ManagedFilter.doFilter(ManagedFilter.java:67)
	at io.undertow.servlet.handlers.FilterHandler$FilterChainImpl.doFilter(FilterHandler.java:131)
	at cn.dev33.satoken.filter.SaPathCheckFilterForServlet.doFilter(SaPathCheckFilterForServlet.java:55)
	at io.undertow.servlet.core.ManagedFilter.doFilter(ManagedFilter.java:67)
	at io.undertow.servlet.handlers.FilterHandler$FilterChainImpl.doFilter(FilterHandler.java:131)
	at org.springframework.web.filter.FormContentFilter.doFilterInternal(FormContentFilter.java:93)
	at org.springframework.web.filter.OncePerRequestFilter.doFilter(OncePerRequestFilter.java:117)
	at io.undertow.servlet.core.ManagedFilter.doFilter(ManagedFilter.java:67)
	at io.undertow.servlet.handlers.FilterHandler$FilterChainImpl.doFilter(FilterHandler.java:131)
	at org.springframework.boot.actuate.metrics.web.servlet.WebMvcMetricsFilter.doFilterInternal(WebMvcMetricsFilter.java:96)
	at org.springframework.web.filter.OncePerRequestFilter.doFilter(OncePerRequestFilter.java:117)
	at io.undertow.servlet.core.ManagedFilter.doFilter(ManagedFilter.java:67)
	at io.undertow.servlet.handlers.FilterHandler$FilterChainImpl.doFilter(FilterHandler.java:131)
	at org.springframework.web.filter.CharacterEncodingFilter.doFilterInternal(CharacterEncodingFilter.java:201)
	at org.springframework.web.filter.OncePerRequestFilter.doFilter(OncePerRequestFilter.java:117)
	at io.undertow.servlet.core.ManagedFilter.doFilter(ManagedFilter.java:67)
	at io.undertow.servlet.handlers.FilterHandler$FilterChainImpl.doFilter(FilterHandler.java:131)
	at com.ruoyi.common.filter.XssFilter.doFilter(XssFilter.java:41)
	at io.undertow.servlet.core.ManagedFilter.doFilter(ManagedFilter.java:67)
	at io.undertow.servlet.handlers.FilterHandler$FilterChainImpl.doFilter(FilterHandler.java:131)
	at io.undertow.servlet.handlers.FilterHandler.handleRequest(FilterHandler.java:84)
	at io.undertow.servlet.handlers.security.ServletSecurityRoleHandler.handleRequest(ServletSecurityRoleHandler.java:62)
	at io.undertow.servlet.handlers.ServletChain$1.handleRequest(ServletChain.java:68)
	at io.undertow.servlet.handlers.ServletDispatchingHandler.handleRequest(ServletDispatchingHandler.java:36)
	at io.undertow.servlet.handlers.RedirectDirHandler.handleRequest(RedirectDirHandler.java:68)
	at io.undertow.servlet.handlers.security.SSLInformationAssociationHandler.handleRequest(SSLInformationAssociationHandler.java:117)
	at io.undertow.servlet.handlers.security.ServletAuthenticationCallHandler.handleRequest(ServletAuthenticationCallHandler.java:57)
	at io.undertow.server.handlers.PredicateHandler.handleRequest(PredicateHandler.java:43)
	at io.undertow.security.handlers.AbstractConfidentialityHandler.handleRequest(AbstractConfidentialityHandler.java:46)
	at io.undertow.servlet.handlers.security.ServletConfidentialityConstraintHandler.handleRequest(ServletConfidentialityConstraintHandler.java:64)
	at io.undertow.security.handlers.AuthenticationMechanismsHandler.handleRequest(AuthenticationMechanismsHandler.java:60)
	at io.undertow.servlet.handlers.security.CachedAuthenticatedSessionHandler.handleRequest(CachedAuthenticatedSessionHandler.java:77)
	at io.undertow.security.handlers.AbstractSecurityContextAssociationHandler.handleRequest(AbstractSecurityContextAssociationHandler.java:43)
	at io.undertow.server.handlers.PredicateHandler.handleRequest(PredicateHandler.java:43)
	at io.undertow.servlet.handlers.SendErrorPageHandler.handleRequest(SendErrorPageHandler.java:52)
	at io.undertow.server.handlers.PredicateHandler.handleRequest(PredicateHandler.java:43)
	at io.undertow.servlet.handlers.ServletInitialHandler.handleFirstRequest(ServletInitialHandler.java:275)
	at io.undertow.servlet.handlers.ServletInitialHandler.access$100(ServletInitialHandler.java:79)
	at io.undertow.servlet.handlers.ServletInitialHandler$2.call(ServletInitialHandler.java:134)
	at io.undertow.servlet.handlers.ServletInitialHandler$2.call(ServletInitialHandler.java:131)
	at io.undertow.servlet.core.ServletRequestContextThreadSetupAction$1.call(ServletRequestContextThreadSetupAction.java:48)
	at io.undertow.servlet.core.ContextClassLoaderSetupAction$1.call(ContextClassLoaderSetupAction.java:43)
	at io.undertow.servlet.handlers.ServletInitialHandler.dispatchRequest(ServletInitialHandler.java:255)
	at io.undertow.servlet.handlers.ServletInitialHandler.access$000(ServletInitialHandler.java:79)
	at io.undertow.servlet.handlers.ServletInitialHandler$1.handleRequest(ServletInitialHandler.java:100)
	at io.undertow.server.Connectors.executeRootHandler(Connectors.java:393)
	at io.undertow.server.HttpServerExchange$1.run(HttpServerExchange.java:852)
	at org.jboss.threads.ContextClassLoaderSavingRunnable.run(ContextClassLoaderSavingRunnable.java:35)
	at org.jboss.threads.EnhancedQueueExecutor.safeRun(EnhancedQueueExecutor.java:2019)
	at org.jboss.threads.EnhancedQueueExecutor$ThreadBody.doRunTask(EnhancedQueueExecutor.java:1558)
	at org.jboss.threads.EnhancedQueueExecutor$ThreadBody.run(EnhancedQueueExecutor.java:1423)
	at org.xnio.XnioWorker$WorkerThreadFactory$1$1.run(XnioWorker.java:1282)
	at java.lang.Thread.run(Thread.java:750)
Caused by: org.apache.ibatis.exceptions.PersistenceException: 
### Error querying database.  Cause: org.springframework.jdbc.CannotGetJdbcConnectionException: Failed to obtain JDBC Connection; nested exception is java.sql.SQLTransientConnectionException: master - Connection is not available, request timed out after 30009ms.
### The error may exist in file [/Users/w/Documents/项目/chess/chess_code_2/ruoyi/target/classes/mapper/system/SysDeptMapper.xml]
### The error may involve com.ruoyi.system.mapper.SysDeptMapper.selectDeptList
### The error occurred while executing a query
### Cause: org.springframework.jdbc.CannotGetJdbcConnectionException: Failed to obtain JDBC Connection; nested exception is java.sql.SQLTransientConnectionException: master - Connection is not available, request timed out after 30009ms.
	at org.apache.ibatis.exceptions.ExceptionFactory.wrapException(ExceptionFactory.java:30)
	at org.apache.ibatis.session.defaults.DefaultSqlSession.selectList(DefaultSqlSession.java:156)
	at org.apache.ibatis.session.defaults.DefaultSqlSession.selectList(DefaultSqlSession.java:147)
	at org.apache.ibatis.session.defaults.DefaultSqlSession.selectList(DefaultSqlSession.java:142)
	at sun.reflect.GeneratedMethodAccessor116.invoke(Unknown Source)
	at sun.reflect.DelegatingMethodAccessorImpl.invoke(DelegatingMethodAccessorImpl.java:43)
	at java.lang.reflect.Method.invoke(Method.java:498)
	at org.mybatis.spring.SqlSessionTemplate$SqlSessionInterceptor.invoke(SqlSessionTemplate.java:425)
	... 110 common frames omitted
Caused by: org.springframework.jdbc.CannotGetJdbcConnectionException: Failed to obtain JDBC Connection; nested exception is java.sql.SQLTransientConnectionException: master - Connection is not available, request timed out after 30009ms.
	at org.springframework.jdbc.datasource.DataSourceUtils.getConnection(DataSourceUtils.java:84)
	at org.mybatis.spring.transaction.SpringManagedTransaction.openConnection(SpringManagedTransaction.java:80)
	at org.mybatis.spring.transaction.SpringManagedTransaction.getConnection(SpringManagedTransaction.java:67)
	at org.apache.ibatis.executor.BaseExecutor.getConnection(BaseExecutor.java:345)
	at org.apache.ibatis.executor.SimpleExecutor.prepareStatement(SimpleExecutor.java:89)
	at org.apache.ibatis.executor.SimpleExecutor.doQuery(SimpleExecutor.java:64)
	at org.apache.ibatis.executor.BaseExecutor.queryFromDatabase(BaseExecutor.java:333)
	at org.apache.ibatis.executor.BaseExecutor.query(BaseExecutor.java:158)
	at org.apache.ibatis.executor.CachingExecutor.query(CachingExecutor.java:110)
	at com.baomidou.mybatisplus.extension.plugins.MybatisPlusInterceptor.intercept(MybatisPlusInterceptor.java:81)
	at org.apache.ibatis.plugin.Plugin.invoke(Plugin.java:59)
	at com.sun.proxy.$Proxy323.query(Unknown Source)
	at org.apache.ibatis.session.defaults.DefaultSqlSession.selectList(DefaultSqlSession.java:154)
	... 116 common frames omitted
Caused by: java.sql.SQLTransientConnectionException: master - Connection is not available, request timed out after 30009ms.
	at com.zaxxer.hikari.pool.HikariPool.createTimeoutException(HikariPool.java:696)
	at com.zaxxer.hikari.pool.HikariPool.getConnection(HikariPool.java:197)
	at com.zaxxer.hikari.pool.HikariPool.getConnection(HikariPool.java:162)
	at com.zaxxer.hikari.HikariDataSource.getConnection(HikariDataSource.java:100)
	at com.p6spy.engine.spy.P6DataSource.getConnection(P6DataSource.java:300)
	at com.baomidou.dynamic.datasource.ds.ItemDataSource.getConnection(ItemDataSource.java:56)
	at com.baomidou.dynamic.datasource.ds.AbstractRoutingDataSource.getConnection(AbstractRoutingDataSource.java:55)
	at org.springframework.jdbc.datasource.DataSourceUtils.fetchConnection(DataSourceUtils.java:160)
	at org.springframework.jdbc.datasource.DataSourceUtils.doGetConnection(DataSourceUtils.java:118)
	at org.springframework.jdbc.datasource.DataSourceUtils.getConnection(DataSourceUtils.java:81)
	... 128 common frames omitted
Caused by: java.sql.SQLNonTransientConnectionException: Could not create connection to database server. Attempted reconnect 3 times. Giving up.
	at com.mysql.cj.jdbc.exceptions.SQLError.createSQLException(SQLError.java:111)
	at com.mysql.cj.jdbc.exceptions.SQLError.createSQLException(SQLError.java:98)
	at com.mysql.cj.jdbc.exceptions.SQLError.createSQLException(SQLError.java:90)
	at com.mysql.cj.jdbc.exceptions.SQLError.createSQLException(SQLError.java:64)
	at com.mysql.cj.jdbc.exceptions.SQLError.createSQLException(SQLError.java:74)
	at com.mysql.cj.jdbc.ConnectionImpl.connectWithRetries(ConnectionImpl.java:895)
	at com.mysql.cj.jdbc.ConnectionImpl.createNewIO(ConnectionImpl.java:820)
	at com.mysql.cj.jdbc.ConnectionImpl.<init>(ConnectionImpl.java:446)
	at com.mysql.cj.jdbc.ConnectionImpl.getInstance(ConnectionImpl.java:239)
	at com.mysql.cj.jdbc.NonRegisteringDriver.connect(NonRegisteringDriver.java:188)
	at com.zaxxer.hikari.util.DriverDataSource.getConnection(DriverDataSource.java:138)
	at com.zaxxer.hikari.pool.PoolBase.newConnection(PoolBase.java:364)
	at com.zaxxer.hikari.pool.PoolBase.newPoolEntry(PoolBase.java:206)
	at com.zaxxer.hikari.pool.HikariPool.createPoolEntry(HikariPool.java:476)
	at com.zaxxer.hikari.pool.HikariPool.access$100(HikariPool.java:71)
	at com.zaxxer.hikari.pool.HikariPool$PoolEntryCreator.call(HikariPool.java:726)
	at com.zaxxer.hikari.pool.HikariPool$PoolEntryCreator.call(HikariPool.java:712)
	at java.util.concurrent.FutureTask.run(FutureTask.java:266)
	at java.util.concurrent.ThreadPoolExecutor.runWorker(ThreadPoolExecutor.java:1149)
	at java.util.concurrent.ThreadPoolExecutor$Worker.run(ThreadPoolExecutor.java:624)
	... 1 common frames omitted
Caused by: com.mysql.cj.exceptions.CJCommunicationsException: Communications link failure

The last packet sent successfully to the server was 0 milliseconds ago. The driver has not received any packets from the server.
	at sun.reflect.NativeConstructorAccessorImpl.newInstance0(Native Method)
	at sun.reflect.NativeConstructorAccessorImpl.newInstance(NativeConstructorAccessorImpl.java:62)
	at sun.reflect.DelegatingConstructorAccessorImpl.newInstance(DelegatingConstructorAccessorImpl.java:45)
	at java.lang.reflect.Constructor.newInstance(Constructor.java:423)
	at com.mysql.cj.exceptions.ExceptionFactory.createException(ExceptionFactory.java:62)
	at com.mysql.cj.exceptions.ExceptionFactory.createException(ExceptionFactory.java:105)
	at com.mysql.cj.exceptions.ExceptionFactory.createException(ExceptionFactory.java:150)
	at com.mysql.cj.exceptions.ExceptionFactory.createCommunicationsException(ExceptionFactory.java:166)
	at com.mysql.cj.protocol.a.NativeProtocol.readMessage(NativeProtocol.java:582)
	at com.mysql.cj.protocol.a.NativeProtocol.readServerCapabilities(NativeProtocol.java:537)
	at com.mysql.cj.protocol.a.NativeProtocol.beforeHandshake(NativeProtocol.java:424)
	at com.mysql.cj.protocol.a.NativeProtocol.connect(NativeProtocol.java:1428)
	at com.mysql.cj.NativeSession.connect(NativeSession.java:134)
	at com.mysql.cj.jdbc.ConnectionImpl.connectWithRetries(ConnectionImpl.java:839)
	... 15 common frames omitted
Caused by: java.io.EOFException: Can not read response from server. Expected to read 4 bytes, read 0 bytes before connection was unexpectedly lost.
	at com.mysql.cj.protocol.FullReadInputStream.readFully(FullReadInputStream.java:67)
	at com.mysql.cj.protocol.a.SimplePacketReader.readHeaderLocal(SimplePacketReader.java:81)
	at com.mysql.cj.protocol.a.SimplePacketReader.readHeader(SimplePacketReader.java:63)
	at com.mysql.cj.protocol.a.SimplePacketReader.readHeader(SimplePacketReader.java:45)
	at com.mysql.cj.protocol.a.NativeProtocol.readMessage(NativeProtocol.java:576)
	... 20 common frames omitted
2025-10-20 15:39:27 [XNIO-1 task-11] ERROR c.r.f.w.e.GlobalExceptionHandler - 请求地址'/system/user/list', Mybatis系统异常
org.mybatis.spring.MyBatisSystemException: nested exception is org.apache.ibatis.exceptions.PersistenceException: 
### Error querying database.  Cause: org.springframework.jdbc.CannotGetJdbcConnectionException: Failed to obtain JDBC Connection; nested exception is java.sql.SQLTransientConnectionException: master - Connection is not available, request timed out after 30005ms.
### The error may exist in file [/Users/w/Documents/项目/chess/chess_code_2/ruoyi/target/classes/mapper/system/SysUserMapper.xml]
### The error may involve com.ruoyi.system.mapper.SysUserMapper.selectPageUserList_mpCount
### The error occurred while executing a query
### Cause: org.springframework.jdbc.CannotGetJdbcConnectionException: Failed to obtain JDBC Connection; nested exception is java.sql.SQLTransientConnectionException: master - Connection is not available, request timed out after 30005ms.
	at org.mybatis.spring.MyBatisExceptionTranslator.translateExceptionIfPossible(MyBatisExceptionTranslator.java:97)
	at org.mybatis.spring.SqlSessionTemplate$SqlSessionInterceptor.invoke(SqlSessionTemplate.java:439)
	at com.sun.proxy.$Proxy136.selectList(Unknown Source)
	at org.mybatis.spring.SqlSessionTemplate.selectList(SqlSessionTemplate.java:224)
	at com.baomidou.mybatisplus.core.override.MybatisMapperMethod.executeForIPage(MybatisMapperMethod.java:121)
	at com.baomidou.mybatisplus.core.override.MybatisMapperMethod.execute(MybatisMapperMethod.java:85)
	at com.baomidou.mybatisplus.core.override.MybatisMapperProxy$PlainMethodInvoker.invoke(MybatisMapperProxy.java:152)
	at com.baomidou.mybatisplus.core.override.MybatisMapperProxy.invoke(MybatisMapperProxy.java:89)
	at com.sun.proxy.$Proxy238.selectPageUserList(Unknown Source)
	at com.ruoyi.system.service.impl.SysUserServiceImpl.selectPageUserList(SysUserServiceImpl.java:59)
	at com.ruoyi.system.service.impl.SysUserServiceImpl$$FastClassBySpringCGLIB$$b4a378b2.invoke(<generated>)
	at org.springframework.cglib.proxy.MethodProxy.invoke(MethodProxy.java:218)
	at org.springframework.aop.framework.CglibAopProxy.invokeMethod(CglibAopProxy.java:386)
	at org.springframework.aop.framework.CglibAopProxy.access$000(CglibAopProxy.java:85)
	at org.springframework.aop.framework.CglibAopProxy$DynamicAdvisedInterceptor.intercept(CglibAopProxy.java:703)
	at com.ruoyi.system.service.impl.SysUserServiceImpl$$EnhancerBySpringCGLIB$$523eaea3.selectPageUserList(<generated>)
	at com.ruoyi.web.controller.system.SysUserController.list(SysUserController.java:66)
	at com.ruoyi.web.controller.system.SysUserController$$FastClassBySpringCGLIB$$6f1aa94e.invoke(<generated>)
	at org.springframework.cglib.proxy.MethodProxy.invoke(MethodProxy.java:218)
	at org.springframework.aop.framework.CglibAopProxy$CglibMethodInvocation.invokeJoinpoint(CglibAopProxy.java:792)
	at org.springframework.aop.framework.ReflectiveMethodInvocation.proceed(ReflectiveMethodInvocation.java:163)
	at org.springframework.aop.framework.CglibAopProxy$CglibMethodInvocation.proceed(CglibAopProxy.java:762)
	at org.springframework.validation.beanvalidation.MethodValidationInterceptor.invoke(MethodValidationInterceptor.java:123)
	at org.springframework.aop.framework.ReflectiveMethodInvocation.proceed(ReflectiveMethodInvocation.java:186)
	at org.springframework.aop.framework.CglibAopProxy$CglibMethodInvocation.proceed(CglibAopProxy.java:762)
	at org.springframework.aop.interceptor.ExposeInvocationInterceptor.invoke(ExposeInvocationInterceptor.java:97)
	at org.springframework.aop.framework.ReflectiveMethodInvocation.proceed(ReflectiveMethodInvocation.java:186)
	at org.springframework.aop.framework.CglibAopProxy$CglibMethodInvocation.proceed(CglibAopProxy.java:762)
	at org.springframework.aop.framework.CglibAopProxy$DynamicAdvisedInterceptor.intercept(CglibAopProxy.java:707)
	at com.ruoyi.web.controller.system.SysUserController$$EnhancerBySpringCGLIB$$443c8098.list(<generated>)
	at sun.reflect.NativeMethodAccessorImpl.invoke0(Native Method)
	at sun.reflect.NativeMethodAccessorImpl.invoke(NativeMethodAccessorImpl.java:62)
	at sun.reflect.DelegatingMethodAccessorImpl.invoke(DelegatingMethodAccessorImpl.java:43)
	at java.lang.reflect.Method.invoke(Method.java:498)
	at org.springframework.web.method.support.InvocableHandlerMethod.doInvoke(InvocableHandlerMethod.java:205)
	at org.springframework.web.method.support.InvocableHandlerMethod.invokeForRequest(InvocableHandlerMethod.java:150)
	at org.springframework.web.servlet.mvc.method.annotation.ServletInvocableHandlerMethod.invokeAndHandle(ServletInvocableHandlerMethod.java:117)
	at org.springframework.web.servlet.mvc.method.annotation.RequestMappingHandlerAdapter.invokeHandlerMethod(RequestMappingHandlerAdapter.java:895)
	at org.springframework.web.servlet.mvc.method.annotation.RequestMappingHandlerAdapter.handleInternal(RequestMappingHandlerAdapter.java:808)
	at org.springframework.web.servlet.mvc.method.AbstractHandlerMethodAdapter.handle(AbstractHandlerMethodAdapter.java:87)
	at org.springframework.web.servlet.DispatcherServlet.doDispatch(DispatcherServlet.java:1072)
	at org.springframework.web.servlet.DispatcherServlet.doService(DispatcherServlet.java:965)
	at org.springframework.web.servlet.FrameworkServlet.processRequest(FrameworkServlet.java:1006)
	at org.springframework.web.servlet.FrameworkServlet.doGet(FrameworkServlet.java:898)
	at javax.servlet.http.HttpServlet.service(HttpServlet.java:497)
	at org.springframework.web.servlet.FrameworkServlet.service(FrameworkServlet.java:883)
	at javax.servlet.http.HttpServlet.service(HttpServlet.java:584)
	at io.undertow.servlet.handlers.ServletHandler.handleRequest(ServletHandler.java:74)
	at io.undertow.servlet.handlers.FilterHandler$FilterChainImpl.doFilter(FilterHandler.java:129)
	at org.springframework.web.filter.CorsFilter.doFilterInternal(CorsFilter.java:91)
	at org.springframework.web.filter.OncePerRequestFilter.doFilter(OncePerRequestFilter.java:117)
	at io.undertow.servlet.core.ManagedFilter.doFilter(ManagedFilter.java:67)
	at io.undertow.servlet.handlers.FilterHandler$FilterChainImpl.doFilter(FilterHandler.java:131)
	at com.ruoyi.common.filter.RepeatableFilter.doFilter(RepeatableFilter.java:30)
	at io.undertow.servlet.core.ManagedFilter.doFilter(ManagedFilter.java:67)
	at io.undertow.servlet.handlers.FilterHandler$FilterChainImpl.doFilter(FilterHandler.java:131)
	at org.springframework.web.filter.RequestContextFilter.doFilterInternal(RequestContextFilter.java:100)
	at org.springframework.web.filter.OncePerRequestFilter.doFilter(OncePerRequestFilter.java:117)
	at io.undertow.servlet.core.ManagedFilter.doFilter(ManagedFilter.java:67)
	at io.undertow.servlet.handlers.FilterHandler$FilterChainImpl.doFilter(FilterHandler.java:131)
	at cn.dev33.satoken.filter.SaPathCheckFilterForServlet.doFilter(SaPathCheckFilterForServlet.java:55)
	at io.undertow.servlet.core.ManagedFilter.doFilter(ManagedFilter.java:67)
	at io.undertow.servlet.handlers.FilterHandler$FilterChainImpl.doFilter(FilterHandler.java:131)
	at org.springframework.web.filter.FormContentFilter.doFilterInternal(FormContentFilter.java:93)
	at org.springframework.web.filter.OncePerRequestFilter.doFilter(OncePerRequestFilter.java:117)
	at io.undertow.servlet.core.ManagedFilter.doFilter(ManagedFilter.java:67)
	at io.undertow.servlet.handlers.FilterHandler$FilterChainImpl.doFilter(FilterHandler.java:131)
	at org.springframework.boot.actuate.metrics.web.servlet.WebMvcMetricsFilter.doFilterInternal(WebMvcMetricsFilter.java:96)
	at org.springframework.web.filter.OncePerRequestFilter.doFilter(OncePerRequestFilter.java:117)
	at io.undertow.servlet.core.ManagedFilter.doFilter(ManagedFilter.java:67)
	at io.undertow.servlet.handlers.FilterHandler$FilterChainImpl.doFilter(FilterHandler.java:131)
	at org.springframework.web.filter.CharacterEncodingFilter.doFilterInternal(CharacterEncodingFilter.java:201)
	at org.springframework.web.filter.OncePerRequestFilter.doFilter(OncePerRequestFilter.java:117)
	at io.undertow.servlet.core.ManagedFilter.doFilter(ManagedFilter.java:67)
	at io.undertow.servlet.handlers.FilterHandler$FilterChainImpl.doFilter(FilterHandler.java:131)
	at com.ruoyi.common.filter.XssFilter.doFilter(XssFilter.java:41)
	at io.undertow.servlet.core.ManagedFilter.doFilter(ManagedFilter.java:67)
	at io.undertow.servlet.handlers.FilterHandler$FilterChainImpl.doFilter(FilterHandler.java:131)
	at io.undertow.servlet.handlers.FilterHandler.handleRequest(FilterHandler.java:84)
	at io.undertow.servlet.handlers.security.ServletSecurityRoleHandler.handleRequest(ServletSecurityRoleHandler.java:62)
	at io.undertow.servlet.handlers.ServletChain$1.handleRequest(ServletChain.java:68)
	at io.undertow.servlet.handlers.ServletDispatchingHandler.handleRequest(ServletDispatchingHandler.java:36)
	at io.undertow.servlet.handlers.RedirectDirHandler.handleRequest(RedirectDirHandler.java:68)
	at io.undertow.servlet.handlers.security.SSLInformationAssociationHandler.handleRequest(SSLInformationAssociationHandler.java:117)
	at io.undertow.servlet.handlers.security.ServletAuthenticationCallHandler.handleRequest(ServletAuthenticationCallHandler.java:57)
	at io.undertow.server.handlers.PredicateHandler.handleRequest(PredicateHandler.java:43)
	at io.undertow.security.handlers.AbstractConfidentialityHandler.handleRequest(AbstractConfidentialityHandler.java:46)
	at io.undertow.servlet.handlers.security.ServletConfidentialityConstraintHandler.handleRequest(ServletConfidentialityConstraintHandler.java:64)
	at io.undertow.security.handlers.AuthenticationMechanismsHandler.handleRequest(AuthenticationMechanismsHandler.java:60)
	at io.undertow.servlet.handlers.security.CachedAuthenticatedSessionHandler.handleRequest(CachedAuthenticatedSessionHandler.java:77)
	at io.undertow.security.handlers.AbstractSecurityContextAssociationHandler.handleRequest(AbstractSecurityContextAssociationHandler.java:43)
	at io.undertow.server.handlers.PredicateHandler.handleRequest(PredicateHandler.java:43)
	at io.undertow.servlet.handlers.SendErrorPageHandler.handleRequest(SendErrorPageHandler.java:52)
	at io.undertow.server.handlers.PredicateHandler.handleRequest(PredicateHandler.java:43)
	at io.undertow.servlet.handlers.ServletInitialHandler.handleFirstRequest(ServletInitialHandler.java:275)
	at io.undertow.servlet.handlers.ServletInitialHandler.access$100(ServletInitialHandler.java:79)
	at io.undertow.servlet.handlers.ServletInitialHandler$2.call(ServletInitialHandler.java:134)
	at io.undertow.servlet.handlers.ServletInitialHandler$2.call(ServletInitialHandler.java:131)
	at io.undertow.servlet.core.ServletRequestContextThreadSetupAction$1.call(ServletRequestContextThreadSetupAction.java:48)
	at io.undertow.servlet.core.ContextClassLoaderSetupAction$1.call(ContextClassLoaderSetupAction.java:43)
	at io.undertow.servlet.handlers.ServletInitialHandler.dispatchRequest(ServletInitialHandler.java:255)
	at io.undertow.servlet.handlers.ServletInitialHandler.access$000(ServletInitialHandler.java:79)
	at io.undertow.servlet.handlers.ServletInitialHandler$1.handleRequest(ServletInitialHandler.java:100)
	at io.undertow.server.Connectors.executeRootHandler(Connectors.java:393)
	at io.undertow.server.HttpServerExchange$1.run(HttpServerExchange.java:852)
	at org.jboss.threads.ContextClassLoaderSavingRunnable.run(ContextClassLoaderSavingRunnable.java:35)
	at org.jboss.threads.EnhancedQueueExecutor.safeRun(EnhancedQueueExecutor.java:2019)
	at org.jboss.threads.EnhancedQueueExecutor$ThreadBody.doRunTask(EnhancedQueueExecutor.java:1558)
	at org.jboss.threads.EnhancedQueueExecutor$ThreadBody.run(EnhancedQueueExecutor.java:1449)
	at org.xnio.XnioWorker$WorkerThreadFactory$1$1.run(XnioWorker.java:1282)
	at java.lang.Thread.run(Thread.java:750)
Caused by: org.apache.ibatis.exceptions.PersistenceException: 
### Error querying database.  Cause: org.springframework.jdbc.CannotGetJdbcConnectionException: Failed to obtain JDBC Connection; nested exception is java.sql.SQLTransientConnectionException: master - Connection is not available, request timed out after 30005ms.
### The error may exist in file [/Users/w/Documents/项目/chess/chess_code_2/ruoyi/target/classes/mapper/system/SysUserMapper.xml]
### The error may involve com.ruoyi.system.mapper.SysUserMapper.selectPageUserList_mpCount
### The error occurred while executing a query
### Cause: org.springframework.jdbc.CannotGetJdbcConnectionException: Failed to obtain JDBC Connection; nested exception is java.sql.SQLTransientConnectionException: master - Connection is not available, request timed out after 30005ms.
	at org.apache.ibatis.exceptions.ExceptionFactory.wrapException(ExceptionFactory.java:30)
	at org.apache.ibatis.session.defaults.DefaultSqlSession.selectList(DefaultSqlSession.java:156)
	at org.apache.ibatis.session.defaults.DefaultSqlSession.selectList(DefaultSqlSession.java:147)
	at org.apache.ibatis.session.defaults.DefaultSqlSession.selectList(DefaultSqlSession.java:142)
	at sun.reflect.GeneratedMethodAccessor116.invoke(Unknown Source)
	at sun.reflect.DelegatingMethodAccessorImpl.invoke(DelegatingMethodAccessorImpl.java:43)
	at java.lang.reflect.Method.invoke(Method.java:498)
	at org.mybatis.spring.SqlSessionTemplate$SqlSessionInterceptor.invoke(SqlSessionTemplate.java:425)
	... 109 common frames omitted
Caused by: org.springframework.jdbc.CannotGetJdbcConnectionException: Failed to obtain JDBC Connection; nested exception is java.sql.SQLTransientConnectionException: master - Connection is not available, request timed out after 30005ms.
	at org.springframework.jdbc.datasource.DataSourceUtils.getConnection(DataSourceUtils.java:84)
	at org.mybatis.spring.transaction.SpringManagedTransaction.openConnection(SpringManagedTransaction.java:80)
	at org.mybatis.spring.transaction.SpringManagedTransaction.getConnection(SpringManagedTransaction.java:67)
	at org.apache.ibatis.executor.BaseExecutor.getConnection(BaseExecutor.java:345)
	at org.apache.ibatis.executor.SimpleExecutor.prepareStatement(SimpleExecutor.java:89)
	at org.apache.ibatis.executor.SimpleExecutor.doQuery(SimpleExecutor.java:64)
	at org.apache.ibatis.executor.BaseExecutor.queryFromDatabase(BaseExecutor.java:333)
	at org.apache.ibatis.executor.BaseExecutor.query(BaseExecutor.java:158)
	at org.apache.ibatis.executor.CachingExecutor.query(CachingExecutor.java:110)
	at com.baomidou.mybatisplus.extension.plugins.inner.PaginationInnerInterceptor.willDoQuery(PaginationInnerInterceptor.java:135)
	at com.baomidou.mybatisplus.extension.plugins.MybatisPlusInterceptor.intercept(MybatisPlusInterceptor.java:75)
	at org.apache.ibatis.plugin.Plugin.invoke(Plugin.java:59)
	at com.sun.proxy.$Proxy323.query(Unknown Source)
	at org.apache.ibatis.session.defaults.DefaultSqlSession.selectList(DefaultSqlSession.java:154)
	... 115 common frames omitted
Caused by: java.sql.SQLTransientConnectionException: master - Connection is not available, request timed out after 30005ms.
	at com.zaxxer.hikari.pool.HikariPool.createTimeoutException(HikariPool.java:696)
	at com.zaxxer.hikari.pool.HikariPool.getConnection(HikariPool.java:197)
	at com.zaxxer.hikari.pool.HikariPool.getConnection(HikariPool.java:162)
	at com.zaxxer.hikari.HikariDataSource.getConnection(HikariDataSource.java:100)
	at com.p6spy.engine.spy.P6DataSource.getConnection(P6DataSource.java:300)
	at com.baomidou.dynamic.datasource.ds.ItemDataSource.getConnection(ItemDataSource.java:56)
	at com.baomidou.dynamic.datasource.ds.AbstractRoutingDataSource.getConnection(AbstractRoutingDataSource.java:55)
	at org.springframework.jdbc.datasource.DataSourceUtils.fetchConnection(DataSourceUtils.java:160)
	at org.springframework.jdbc.datasource.DataSourceUtils.doGetConnection(DataSourceUtils.java:118)
	at org.springframework.jdbc.datasource.DataSourceUtils.getConnection(DataSourceUtils.java:81)
	... 128 common frames omitted
Caused by: java.sql.SQLNonTransientConnectionException: Could not create connection to database server. Attempted reconnect 3 times. Giving up.
	at com.mysql.cj.jdbc.exceptions.SQLError.createSQLException(SQLError.java:111)
	at com.mysql.cj.jdbc.exceptions.SQLError.createSQLException(SQLError.java:98)
	at com.mysql.cj.jdbc.exceptions.SQLError.createSQLException(SQLError.java:90)
	at com.mysql.cj.jdbc.exceptions.SQLError.createSQLException(SQLError.java:64)
	at com.mysql.cj.jdbc.exceptions.SQLError.createSQLException(SQLError.java:74)
	at com.mysql.cj.jdbc.ConnectionImpl.connectWithRetries(ConnectionImpl.java:895)
	at com.mysql.cj.jdbc.ConnectionImpl.createNewIO(ConnectionImpl.java:820)
	at com.mysql.cj.jdbc.ConnectionImpl.<init>(ConnectionImpl.java:446)
	at com.mysql.cj.jdbc.ConnectionImpl.getInstance(ConnectionImpl.java:239)
	at com.mysql.cj.jdbc.NonRegisteringDriver.connect(NonRegisteringDriver.java:188)
	at com.zaxxer.hikari.util.DriverDataSource.getConnection(DriverDataSource.java:138)
	at com.zaxxer.hikari.pool.PoolBase.newConnection(PoolBase.java:364)
	at com.zaxxer.hikari.pool.PoolBase.newPoolEntry(PoolBase.java:206)
	at com.zaxxer.hikari.pool.HikariPool.createPoolEntry(HikariPool.java:476)
	at com.zaxxer.hikari.pool.HikariPool.access$100(HikariPool.java:71)
	at com.zaxxer.hikari.pool.HikariPool$PoolEntryCreator.call(HikariPool.java:726)
	at com.zaxxer.hikari.pool.HikariPool$PoolEntryCreator.call(HikariPool.java:712)
	at java.util.concurrent.FutureTask.run(FutureTask.java:266)
	at java.util.concurrent.ThreadPoolExecutor.runWorker(ThreadPoolExecutor.java:1149)
	at java.util.concurrent.ThreadPoolExecutor$Worker.run(ThreadPoolExecutor.java:624)
	... 1 common frames omitted
Caused by: com.mysql.cj.exceptions.CJCommunicationsException: Communications link failure

The last packet sent successfully to the server was 0 milliseconds ago. The driver has not received any packets from the server.
	at sun.reflect.NativeConstructorAccessorImpl.newInstance0(Native Method)
	at sun.reflect.NativeConstructorAccessorImpl.newInstance(NativeConstructorAccessorImpl.java:62)
	at sun.reflect.DelegatingConstructorAccessorImpl.newInstance(DelegatingConstructorAccessorImpl.java:45)
	at java.lang.reflect.Constructor.newInstance(Constructor.java:423)
	at com.mysql.cj.exceptions.ExceptionFactory.createException(ExceptionFactory.java:62)
	at com.mysql.cj.exceptions.ExceptionFactory.createException(ExceptionFactory.java:105)
	at com.mysql.cj.exceptions.ExceptionFactory.createException(ExceptionFactory.java:150)
	at com.mysql.cj.exceptions.ExceptionFactory.createCommunicationsException(ExceptionFactory.java:166)
	at com.mysql.cj.protocol.a.NativeProtocol.readMessage(NativeProtocol.java:582)
	at com.mysql.cj.protocol.a.NativeProtocol.readServerCapabilities(NativeProtocol.java:537)
	at com.mysql.cj.protocol.a.NativeProtocol.beforeHandshake(NativeProtocol.java:424)
	at com.mysql.cj.protocol.a.NativeProtocol.connect(NativeProtocol.java:1428)
	at com.mysql.cj.NativeSession.connect(NativeSession.java:134)
	at com.mysql.cj.jdbc.ConnectionImpl.connectWithRetries(ConnectionImpl.java:839)
	... 15 common frames omitted
Caused by: java.io.EOFException: Can not read response from server. Expected to read 4 bytes, read 0 bytes before connection was unexpectedly lost.
	at com.mysql.cj.protocol.FullReadInputStream.readFully(FullReadInputStream.java:67)
	at com.mysql.cj.protocol.a.SimplePacketReader.readHeaderLocal(SimplePacketReader.java:81)
	at com.mysql.cj.protocol.a.SimplePacketReader.readHeader(SimplePacketReader.java:63)
	at com.mysql.cj.protocol.a.SimplePacketReader.readHeader(SimplePacketReader.java:45)
	at com.mysql.cj.protocol.a.NativeProtocol.readMessage(NativeProtocol.java:576)
	... 20 common frames omitted
2025-10-20 15:39:35 [XNIO-1 task-6] ERROR c.r.f.w.e.GlobalExceptionHandler - 请求地址'/system/role/list', Mybatis系统异常
org.mybatis.spring.MyBatisSystemException: nested exception is org.apache.ibatis.exceptions.PersistenceException: 
### Error querying database.  Cause: org.springframework.jdbc.CannotGetJdbcConnectionException: Failed to obtain JDBC Connection; nested exception is java.sql.SQLTransientConnectionException: master - Connection is not available, request timed out after 30005ms.
### The error may exist in file [/Users/w/Documents/项目/chess/chess_code_2/ruoyi/target/classes/mapper/system/SysRoleMapper.xml]
### The error may involve com.ruoyi.system.mapper.SysRoleMapper.selectPageRoleList_mpCount
### The error occurred while executing a query
### Cause: org.springframework.jdbc.CannotGetJdbcConnectionException: Failed to obtain JDBC Connection; nested exception is java.sql.SQLTransientConnectionException: master - Connection is not available, request timed out after 30005ms.
	at org.mybatis.spring.MyBatisExceptionTranslator.translateExceptionIfPossible(MyBatisExceptionTranslator.java:97)
	at org.mybatis.spring.SqlSessionTemplate$SqlSessionInterceptor.invoke(SqlSessionTemplate.java:439)
	at com.sun.proxy.$Proxy136.selectList(Unknown Source)
	at org.mybatis.spring.SqlSessionTemplate.selectList(SqlSessionTemplate.java:224)
	at com.baomidou.mybatisplus.core.override.MybatisMapperMethod.executeForIPage(MybatisMapperMethod.java:121)
	at com.baomidou.mybatisplus.core.override.MybatisMapperMethod.execute(MybatisMapperMethod.java:85)
	at com.baomidou.mybatisplus.core.override.MybatisMapperProxy$PlainMethodInvoker.invoke(MybatisMapperProxy.java:152)
	at com.baomidou.mybatisplus.core.override.MybatisMapperProxy.invoke(MybatisMapperProxy.java:89)
	at com.sun.proxy.$Proxy236.selectPageRoleList(Unknown Source)
	at com.ruoyi.system.service.impl.SysRoleServiceImpl.selectPageRoleList(SysRoleServiceImpl.java:51)
	at com.ruoyi.system.service.impl.SysRoleServiceImpl$$FastClassBySpringCGLIB$$4129db27.invoke(<generated>)
	at org.springframework.cglib.proxy.MethodProxy.invoke(MethodProxy.java:218)
	at org.springframework.aop.framework.CglibAopProxy.invokeMethod(CglibAopProxy.java:386)
	at org.springframework.aop.framework.CglibAopProxy.access$000(CglibAopProxy.java:85)
	at org.springframework.aop.framework.CglibAopProxy$DynamicAdvisedInterceptor.intercept(CglibAopProxy.java:703)
	at com.ruoyi.system.service.impl.SysRoleServiceImpl$$EnhancerBySpringCGLIB$$a4683091.selectPageRoleList(<generated>)
	at com.ruoyi.web.controller.system.SysRoleController.list(SysRoleController.java:50)
	at com.ruoyi.web.controller.system.SysRoleController$$FastClassBySpringCGLIB$$b5b3a439.invoke(<generated>)
	at org.springframework.cglib.proxy.MethodProxy.invoke(MethodProxy.java:218)
	at org.springframework.aop.framework.CglibAopProxy$CglibMethodInvocation.invokeJoinpoint(CglibAopProxy.java:792)
	at org.springframework.aop.framework.ReflectiveMethodInvocation.proceed(ReflectiveMethodInvocation.java:163)
	at org.springframework.aop.framework.CglibAopProxy$CglibMethodInvocation.proceed(CglibAopProxy.java:762)
	at org.springframework.validation.beanvalidation.MethodValidationInterceptor.invoke(MethodValidationInterceptor.java:123)
	at org.springframework.aop.framework.ReflectiveMethodInvocation.proceed(ReflectiveMethodInvocation.java:186)
	at org.springframework.aop.framework.CglibAopProxy$CglibMethodInvocation.proceed(CglibAopProxy.java:762)
	at org.springframework.aop.interceptor.ExposeInvocationInterceptor.invoke(ExposeInvocationInterceptor.java:97)
	at org.springframework.aop.framework.ReflectiveMethodInvocation.proceed(ReflectiveMethodInvocation.java:186)
	at org.springframework.aop.framework.CglibAopProxy$CglibMethodInvocation.proceed(CglibAopProxy.java:762)
	at org.springframework.aop.framework.CglibAopProxy$DynamicAdvisedInterceptor.intercept(CglibAopProxy.java:707)
	at com.ruoyi.web.controller.system.SysRoleController$$EnhancerBySpringCGLIB$$da3a1c39.list(<generated>)
	at sun.reflect.NativeMethodAccessorImpl.invoke0(Native Method)
	at sun.reflect.NativeMethodAccessorImpl.invoke(NativeMethodAccessorImpl.java:62)
	at sun.reflect.DelegatingMethodAccessorImpl.invoke(DelegatingMethodAccessorImpl.java:43)
	at java.lang.reflect.Method.invoke(Method.java:498)
	at org.springframework.web.method.support.InvocableHandlerMethod.doInvoke(InvocableHandlerMethod.java:205)
	at org.springframework.web.method.support.InvocableHandlerMethod.invokeForRequest(InvocableHandlerMethod.java:150)
	at org.springframework.web.servlet.mvc.method.annotation.ServletInvocableHandlerMethod.invokeAndHandle(ServletInvocableHandlerMethod.java:117)
	at org.springframework.web.servlet.mvc.method.annotation.RequestMappingHandlerAdapter.invokeHandlerMethod(RequestMappingHandlerAdapter.java:895)
	at org.springframework.web.servlet.mvc.method.annotation.RequestMappingHandlerAdapter.handleInternal(RequestMappingHandlerAdapter.java:808)
	at org.springframework.web.servlet.mvc.method.AbstractHandlerMethodAdapter.handle(AbstractHandlerMethodAdapter.java:87)
	at org.springframework.web.servlet.DispatcherServlet.doDispatch(DispatcherServlet.java:1072)
	at org.springframework.web.servlet.DispatcherServlet.doService(DispatcherServlet.java:965)
	at org.springframework.web.servlet.FrameworkServlet.processRequest(FrameworkServlet.java:1006)
	at org.springframework.web.servlet.FrameworkServlet.doGet(FrameworkServlet.java:898)
	at javax.servlet.http.HttpServlet.service(HttpServlet.java:497)
	at org.springframework.web.servlet.FrameworkServlet.service(FrameworkServlet.java:883)
	at javax.servlet.http.HttpServlet.service(HttpServlet.java:584)
	at io.undertow.servlet.handlers.ServletHandler.handleRequest(ServletHandler.java:74)
	at io.undertow.servlet.handlers.FilterHandler$FilterChainImpl.doFilter(FilterHandler.java:129)
	at org.springframework.web.filter.CorsFilter.doFilterInternal(CorsFilter.java:91)
	at org.springframework.web.filter.OncePerRequestFilter.doFilter(OncePerRequestFilter.java:117)
	at io.undertow.servlet.core.ManagedFilter.doFilter(ManagedFilter.java:67)
	at io.undertow.servlet.handlers.FilterHandler$FilterChainImpl.doFilter(FilterHandler.java:131)
	at com.ruoyi.common.filter.RepeatableFilter.doFilter(RepeatableFilter.java:30)
	at io.undertow.servlet.core.ManagedFilter.doFilter(ManagedFilter.java:67)
	at io.undertow.servlet.handlers.FilterHandler$FilterChainImpl.doFilter(FilterHandler.java:131)
	at org.springframework.web.filter.RequestContextFilter.doFilterInternal(RequestContextFilter.java:100)
	at org.springframework.web.filter.OncePerRequestFilter.doFilter(OncePerRequestFilter.java:117)
	at io.undertow.servlet.core.ManagedFilter.doFilter(ManagedFilter.java:67)
	at io.undertow.servlet.handlers.FilterHandler$FilterChainImpl.doFilter(FilterHandler.java:131)
	at cn.dev33.satoken.filter.SaPathCheckFilterForServlet.doFilter(SaPathCheckFilterForServlet.java:55)
	at io.undertow.servlet.core.ManagedFilter.doFilter(ManagedFilter.java:67)
	at io.undertow.servlet.handlers.FilterHandler$FilterChainImpl.doFilter(FilterHandler.java:131)
	at org.springframework.web.filter.FormContentFilter.doFilterInternal(FormContentFilter.java:93)
	at org.springframework.web.filter.OncePerRequestFilter.doFilter(OncePerRequestFilter.java:117)
	at io.undertow.servlet.core.ManagedFilter.doFilter(ManagedFilter.java:67)
	at io.undertow.servlet.handlers.FilterHandler$FilterChainImpl.doFilter(FilterHandler.java:131)
	at org.springframework.boot.actuate.metrics.web.servlet.WebMvcMetricsFilter.doFilterInternal(WebMvcMetricsFilter.java:96)
	at org.springframework.web.filter.OncePerRequestFilter.doFilter(OncePerRequestFilter.java:117)
	at io.undertow.servlet.core.ManagedFilter.doFilter(ManagedFilter.java:67)
	at io.undertow.servlet.handlers.FilterHandler$FilterChainImpl.doFilter(FilterHandler.java:131)
	at org.springframework.web.filter.CharacterEncodingFilter.doFilterInternal(CharacterEncodingFilter.java:201)
	at org.springframework.web.filter.OncePerRequestFilter.doFilter(OncePerRequestFilter.java:117)
	at io.undertow.servlet.core.ManagedFilter.doFilter(ManagedFilter.java:67)
	at io.undertow.servlet.handlers.FilterHandler$FilterChainImpl.doFilter(FilterHandler.java:131)
	at com.ruoyi.common.filter.XssFilter.doFilter(XssFilter.java:41)
	at io.undertow.servlet.core.ManagedFilter.doFilter(ManagedFilter.java:67)
	at io.undertow.servlet.handlers.FilterHandler$FilterChainImpl.doFilter(FilterHandler.java:131)
	at io.undertow.servlet.handlers.FilterHandler.handleRequest(FilterHandler.java:84)
	at io.undertow.servlet.handlers.security.ServletSecurityRoleHandler.handleRequest(ServletSecurityRoleHandler.java:62)
	at io.undertow.servlet.handlers.ServletChain$1.handleRequest(ServletChain.java:68)
	at io.undertow.servlet.handlers.ServletDispatchingHandler.handleRequest(ServletDispatchingHandler.java:36)
	at io.undertow.servlet.handlers.RedirectDirHandler.handleRequest(RedirectDirHandler.java:68)
	at io.undertow.servlet.handlers.security.SSLInformationAssociationHandler.handleRequest(SSLInformationAssociationHandler.java:117)
	at io.undertow.servlet.handlers.security.ServletAuthenticationCallHandler.handleRequest(ServletAuthenticationCallHandler.java:57)
	at io.undertow.server.handlers.PredicateHandler.handleRequest(PredicateHandler.java:43)
	at io.undertow.security.handlers.AbstractConfidentialityHandler.handleRequest(AbstractConfidentialityHandler.java:46)
	at io.undertow.servlet.handlers.security.ServletConfidentialityConstraintHandler.handleRequest(ServletConfidentialityConstraintHandler.java:64)
	at io.undertow.security.handlers.AuthenticationMechanismsHandler.handleRequest(AuthenticationMechanismsHandler.java:60)
	at io.undertow.servlet.handlers.security.CachedAuthenticatedSessionHandler.handleRequest(CachedAuthenticatedSessionHandler.java:77)
	at io.undertow.security.handlers.AbstractSecurityContextAssociationHandler.handleRequest(AbstractSecurityContextAssociationHandler.java:43)
	at io.undertow.server.handlers.PredicateHandler.handleRequest(PredicateHandler.java:43)
	at io.undertow.servlet.handlers.SendErrorPageHandler.handleRequest(SendErrorPageHandler.java:52)
	at io.undertow.server.handlers.PredicateHandler.handleRequest(PredicateHandler.java:43)
	at io.undertow.servlet.handlers.ServletInitialHandler.handleFirstRequest(ServletInitialHandler.java:275)
	at io.undertow.servlet.handlers.ServletInitialHandler.access$100(ServletInitialHandler.java:79)
	at io.undertow.servlet.handlers.ServletInitialHandler$2.call(ServletInitialHandler.java:134)
	at io.undertow.servlet.handlers.ServletInitialHandler$2.call(ServletInitialHandler.java:131)
	at io.undertow.servlet.core.ServletRequestContextThreadSetupAction$1.call(ServletRequestContextThreadSetupAction.java:48)
	at io.undertow.servlet.core.ContextClassLoaderSetupAction$1.call(ContextClassLoaderSetupAction.java:43)
	at io.undertow.servlet.handlers.ServletInitialHandler.dispatchRequest(ServletInitialHandler.java:255)
	at io.undertow.servlet.handlers.ServletInitialHandler.access$000(ServletInitialHandler.java:79)
	at io.undertow.servlet.handlers.ServletInitialHandler$1.handleRequest(ServletInitialHandler.java:100)
	at io.undertow.server.Connectors.executeRootHandler(Connectors.java:393)
	at io.undertow.server.HttpServerExchange$1.run(HttpServerExchange.java:852)
	at org.jboss.threads.ContextClassLoaderSavingRunnable.run(ContextClassLoaderSavingRunnable.java:35)
	at org.jboss.threads.EnhancedQueueExecutor.safeRun(EnhancedQueueExecutor.java:2019)
	at org.jboss.threads.EnhancedQueueExecutor$ThreadBody.doRunTask(EnhancedQueueExecutor.java:1558)
	at org.jboss.threads.EnhancedQueueExecutor$ThreadBody.run(EnhancedQueueExecutor.java:1449)
	at org.xnio.XnioWorker$WorkerThreadFactory$1$1.run(XnioWorker.java:1282)
	at java.lang.Thread.run(Thread.java:750)
Caused by: org.apache.ibatis.exceptions.PersistenceException: 
### Error querying database.  Cause: org.springframework.jdbc.CannotGetJdbcConnectionException: Failed to obtain JDBC Connection; nested exception is java.sql.SQLTransientConnectionException: master - Connection is not available, request timed out after 30005ms.
### The error may exist in file [/Users/w/Documents/项目/chess/chess_code_2/ruoyi/target/classes/mapper/system/SysRoleMapper.xml]
### The error may involve com.ruoyi.system.mapper.SysRoleMapper.selectPageRoleList_mpCount
### The error occurred while executing a query
### Cause: org.springframework.jdbc.CannotGetJdbcConnectionException: Failed to obtain JDBC Connection; nested exception is java.sql.SQLTransientConnectionException: master - Connection is not available, request timed out after 30005ms.
	at org.apache.ibatis.exceptions.ExceptionFactory.wrapException(ExceptionFactory.java:30)
	at org.apache.ibatis.session.defaults.DefaultSqlSession.selectList(DefaultSqlSession.java:156)
	at org.apache.ibatis.session.defaults.DefaultSqlSession.selectList(DefaultSqlSession.java:147)
	at org.apache.ibatis.session.defaults.DefaultSqlSession.selectList(DefaultSqlSession.java:142)
	at sun.reflect.GeneratedMethodAccessor116.invoke(Unknown Source)
	at sun.reflect.DelegatingMethodAccessorImpl.invoke(DelegatingMethodAccessorImpl.java:43)
	at java.lang.reflect.Method.invoke(Method.java:498)
	at org.mybatis.spring.SqlSessionTemplate$SqlSessionInterceptor.invoke(SqlSessionTemplate.java:425)
	... 109 common frames omitted
Caused by: org.springframework.jdbc.CannotGetJdbcConnectionException: Failed to obtain JDBC Connection; nested exception is java.sql.SQLTransientConnectionException: master - Connection is not available, request timed out after 30005ms.
	at org.springframework.jdbc.datasource.DataSourceUtils.getConnection(DataSourceUtils.java:84)
	at org.mybatis.spring.transaction.SpringManagedTransaction.openConnection(SpringManagedTransaction.java:80)
	at org.mybatis.spring.transaction.SpringManagedTransaction.getConnection(SpringManagedTransaction.java:67)
	at org.apache.ibatis.executor.BaseExecutor.getConnection(BaseExecutor.java:345)
	at org.apache.ibatis.executor.SimpleExecutor.prepareStatement(SimpleExecutor.java:89)
	at org.apache.ibatis.executor.SimpleExecutor.doQuery(SimpleExecutor.java:64)
	at org.apache.ibatis.executor.BaseExecutor.queryFromDatabase(BaseExecutor.java:333)
	at org.apache.ibatis.executor.BaseExecutor.query(BaseExecutor.java:158)
	at org.apache.ibatis.executor.CachingExecutor.query(CachingExecutor.java:110)
	at com.baomidou.mybatisplus.extension.plugins.inner.PaginationInnerInterceptor.willDoQuery(PaginationInnerInterceptor.java:135)
	at com.baomidou.mybatisplus.extension.plugins.MybatisPlusInterceptor.intercept(MybatisPlusInterceptor.java:75)
	at org.apache.ibatis.plugin.Plugin.invoke(Plugin.java:59)
	at com.sun.proxy.$Proxy323.query(Unknown Source)
	at org.apache.ibatis.session.defaults.DefaultSqlSession.selectList(DefaultSqlSession.java:154)
	... 115 common frames omitted
Caused by: java.sql.SQLTransientConnectionException: master - Connection is not available, request timed out after 30005ms.
	at com.zaxxer.hikari.pool.HikariPool.createTimeoutException(HikariPool.java:696)
	at com.zaxxer.hikari.pool.HikariPool.getConnection(HikariPool.java:197)
	at com.zaxxer.hikari.pool.HikariPool.getConnection(HikariPool.java:162)
	at com.zaxxer.hikari.HikariDataSource.getConnection(HikariDataSource.java:100)
	at com.p6spy.engine.spy.P6DataSource.getConnection(P6DataSource.java:300)
	at com.baomidou.dynamic.datasource.ds.ItemDataSource.getConnection(ItemDataSource.java:56)
	at com.baomidou.dynamic.datasource.ds.AbstractRoutingDataSource.getConnection(AbstractRoutingDataSource.java:55)
	at org.springframework.jdbc.datasource.DataSourceUtils.fetchConnection(DataSourceUtils.java:160)
	at org.springframework.jdbc.datasource.DataSourceUtils.doGetConnection(DataSourceUtils.java:118)
	at org.springframework.jdbc.datasource.DataSourceUtils.getConnection(DataSourceUtils.java:81)
	... 128 common frames omitted
Caused by: java.sql.SQLNonTransientConnectionException: Could not create connection to database server. Attempted reconnect 3 times. Giving up.
	at com.mysql.cj.jdbc.exceptions.SQLError.createSQLException(SQLError.java:111)
	at com.mysql.cj.jdbc.exceptions.SQLError.createSQLException(SQLError.java:98)
	at com.mysql.cj.jdbc.exceptions.SQLError.createSQLException(SQLError.java:90)
	at com.mysql.cj.jdbc.exceptions.SQLError.createSQLException(SQLError.java:64)
	at com.mysql.cj.jdbc.exceptions.SQLError.createSQLException(SQLError.java:74)
	at com.mysql.cj.jdbc.ConnectionImpl.connectWithRetries(ConnectionImpl.java:895)
	at com.mysql.cj.jdbc.ConnectionImpl.createNewIO(ConnectionImpl.java:820)
	at com.mysql.cj.jdbc.ConnectionImpl.<init>(ConnectionImpl.java:446)
	at com.mysql.cj.jdbc.ConnectionImpl.getInstance(ConnectionImpl.java:239)
	at com.mysql.cj.jdbc.NonRegisteringDriver.connect(NonRegisteringDriver.java:188)
	at com.zaxxer.hikari.util.DriverDataSource.getConnection(DriverDataSource.java:138)
	at com.zaxxer.hikari.pool.PoolBase.newConnection(PoolBase.java:364)
	at com.zaxxer.hikari.pool.PoolBase.newPoolEntry(PoolBase.java:206)
	at com.zaxxer.hikari.pool.HikariPool.createPoolEntry(HikariPool.java:476)
	at com.zaxxer.hikari.pool.HikariPool.access$100(HikariPool.java:71)
	at com.zaxxer.hikari.pool.HikariPool$PoolEntryCreator.call(HikariPool.java:726)
	at com.zaxxer.hikari.pool.HikariPool$PoolEntryCreator.call(HikariPool.java:712)
	at java.util.concurrent.FutureTask.run(FutureTask.java:266)
	at java.util.concurrent.ThreadPoolExecutor.runWorker(ThreadPoolExecutor.java:1149)
	at java.util.concurrent.ThreadPoolExecutor$Worker.run(ThreadPoolExecutor.java:624)
	... 1 common frames omitted
Caused by: com.mysql.cj.exceptions.CJCommunicationsException: Communications link failure

The last packet sent successfully to the server was 0 milliseconds ago. The driver has not received any packets from the server.
	at sun.reflect.NativeConstructorAccessorImpl.newInstance0(Native Method)
	at sun.reflect.NativeConstructorAccessorImpl.newInstance(NativeConstructorAccessorImpl.java:62)
	at sun.reflect.DelegatingConstructorAccessorImpl.newInstance(DelegatingConstructorAccessorImpl.java:45)
	at java.lang.reflect.Constructor.newInstance(Constructor.java:423)
	at com.mysql.cj.exceptions.ExceptionFactory.createException(ExceptionFactory.java:62)
	at com.mysql.cj.exceptions.ExceptionFactory.createException(ExceptionFactory.java:105)
	at com.mysql.cj.exceptions.ExceptionFactory.createException(ExceptionFactory.java:150)
	at com.mysql.cj.exceptions.ExceptionFactory.createCommunicationsException(ExceptionFactory.java:166)
	at com.mysql.cj.protocol.a.NativeProtocol.readMessage(NativeProtocol.java:582)
	at com.mysql.cj.protocol.a.NativeProtocol.readServerCapabilities(NativeProtocol.java:537)
	at com.mysql.cj.protocol.a.NativeProtocol.beforeHandshake(NativeProtocol.java:424)
	at com.mysql.cj.protocol.a.NativeProtocol.connect(NativeProtocol.java:1428)
	at com.mysql.cj.NativeSession.connect(NativeSession.java:134)
	at com.mysql.cj.jdbc.ConnectionImpl.connectWithRetries(ConnectionImpl.java:839)
	... 15 common frames omitted
Caused by: java.io.EOFException: Can not read response from server. Expected to read 4 bytes, read 0 bytes before connection was unexpectedly lost.
	at com.mysql.cj.protocol.FullReadInputStream.readFully(FullReadInputStream.java:67)
	at com.mysql.cj.protocol.a.SimplePacketReader.readHeaderLocal(SimplePacketReader.java:81)
	at com.mysql.cj.protocol.a.SimplePacketReader.readHeader(SimplePacketReader.java:63)
	at com.mysql.cj.protocol.a.SimplePacketReader.readHeader(SimplePacketReader.java:45)
	at com.mysql.cj.protocol.a.NativeProtocol.readMessage(NativeProtocol.java:576)
	... 20 common frames omitted
2025-10-20 15:39:37 [XNIO-1 task-5] ERROR c.r.f.w.e.GlobalExceptionHandler - 请求地址'/system/dept/list', Mybatis系统异常
org.mybatis.spring.MyBatisSystemException: nested exception is org.apache.ibatis.exceptions.PersistenceException: 
### Error querying database.  Cause: org.springframework.jdbc.CannotGetJdbcConnectionException: Failed to obtain JDBC Connection; nested exception is java.sql.SQLTransientConnectionException: master - Connection is not available, request timed out after 30003ms.
### The error may exist in file [/Users/w/Documents/项目/chess/chess_code_2/ruoyi/target/classes/mapper/system/SysDeptMapper.xml]
### The error may involve com.ruoyi.system.mapper.SysDeptMapper.selectDeptList
### The error occurred while executing a query
### Cause: org.springframework.jdbc.CannotGetJdbcConnectionException: Failed to obtain JDBC Connection; nested exception is java.sql.SQLTransientConnectionException: master - Connection is not available, request timed out after 30003ms.
	at org.mybatis.spring.MyBatisExceptionTranslator.translateExceptionIfPossible(MyBatisExceptionTranslator.java:97)
	at org.mybatis.spring.SqlSessionTemplate$SqlSessionInterceptor.invoke(SqlSessionTemplate.java:439)
	at com.sun.proxy.$Proxy136.selectList(Unknown Source)
	at org.mybatis.spring.SqlSessionTemplate.selectList(SqlSessionTemplate.java:224)
	at com.baomidou.mybatisplus.core.override.MybatisMapperMethod.executeForMany(MybatisMapperMethod.java:166)
	at com.baomidou.mybatisplus.core.override.MybatisMapperMethod.execute(MybatisMapperMethod.java:77)
	at com.baomidou.mybatisplus.core.override.MybatisMapperProxy$PlainMethodInvoker.invoke(MybatisMapperProxy.java:152)
	at com.baomidou.mybatisplus.core.override.MybatisMapperProxy.invoke(MybatisMapperProxy.java:89)
	at com.sun.proxy.$Proxy234.selectDeptList(Unknown Source)
	at com.ruoyi.system.service.impl.SysDeptServiceImpl.selectDeptList(SysDeptServiceImpl.java:64)
	at com.ruoyi.system.service.impl.SysDeptServiceImpl$$FastClassBySpringCGLIB$$b1f4f5f8.invoke(<generated>)
	at org.springframework.cglib.proxy.MethodProxy.invoke(MethodProxy.java:218)
	at org.springframework.aop.framework.CglibAopProxy.invokeMethod(CglibAopProxy.java:386)
	at org.springframework.aop.framework.CglibAopProxy.access$000(CglibAopProxy.java:85)
	at org.springframework.aop.framework.CglibAopProxy$DynamicAdvisedInterceptor.intercept(CglibAopProxy.java:703)
	at com.ruoyi.system.service.impl.SysDeptServiceImpl$$EnhancerBySpringCGLIB$$a8be067d.selectDeptList(<generated>)
	at com.ruoyi.web.controller.system.SysDeptController.list(SysDeptController.java:38)
	at com.ruoyi.web.controller.system.SysDeptController$$FastClassBySpringCGLIB$$e2a16b48.invoke(<generated>)
	at org.springframework.cglib.proxy.MethodProxy.invoke(MethodProxy.java:218)
	at org.springframework.aop.framework.CglibAopProxy$CglibMethodInvocation.invokeJoinpoint(CglibAopProxy.java:792)
	at org.springframework.aop.framework.ReflectiveMethodInvocation.proceed(ReflectiveMethodInvocation.java:163)
	at org.springframework.aop.framework.CglibAopProxy$CglibMethodInvocation.proceed(CglibAopProxy.java:762)
	at org.springframework.validation.beanvalidation.MethodValidationInterceptor.invoke(MethodValidationInterceptor.java:123)
	at org.springframework.aop.framework.ReflectiveMethodInvocation.proceed(ReflectiveMethodInvocation.java:186)
	at org.springframework.aop.framework.CglibAopProxy$CglibMethodInvocation.proceed(CglibAopProxy.java:762)
	at org.springframework.aop.interceptor.ExposeInvocationInterceptor.invoke(ExposeInvocationInterceptor.java:97)
	at org.springframework.aop.framework.ReflectiveMethodInvocation.proceed(ReflectiveMethodInvocation.java:186)
	at org.springframework.aop.framework.CglibAopProxy$CglibMethodInvocation.proceed(CglibAopProxy.java:762)
	at org.springframework.aop.framework.CglibAopProxy$DynamicAdvisedInterceptor.intercept(CglibAopProxy.java:707)
	at com.ruoyi.web.controller.system.SysDeptController$$EnhancerBySpringCGLIB$$6a74d2c6.list(<generated>)
	at sun.reflect.NativeMethodAccessorImpl.invoke0(Native Method)
	at sun.reflect.NativeMethodAccessorImpl.invoke(NativeMethodAccessorImpl.java:62)
	at sun.reflect.DelegatingMethodAccessorImpl.invoke(DelegatingMethodAccessorImpl.java:43)
	at java.lang.reflect.Method.invoke(Method.java:498)
	at org.springframework.web.method.support.InvocableHandlerMethod.doInvoke(InvocableHandlerMethod.java:205)
	at org.springframework.web.method.support.InvocableHandlerMethod.invokeForRequest(InvocableHandlerMethod.java:150)
	at org.springframework.web.servlet.mvc.method.annotation.ServletInvocableHandlerMethod.invokeAndHandle(ServletInvocableHandlerMethod.java:117)
	at org.springframework.web.servlet.mvc.method.annotation.RequestMappingHandlerAdapter.invokeHandlerMethod(RequestMappingHandlerAdapter.java:895)
	at org.springframework.web.servlet.mvc.method.annotation.RequestMappingHandlerAdapter.handleInternal(RequestMappingHandlerAdapter.java:808)
	at org.springframework.web.servlet.mvc.method.AbstractHandlerMethodAdapter.handle(AbstractHandlerMethodAdapter.java:87)
	at org.springframework.web.servlet.DispatcherServlet.doDispatch(DispatcherServlet.java:1072)
	at org.springframework.web.servlet.DispatcherServlet.doService(DispatcherServlet.java:965)
	at org.springframework.web.servlet.FrameworkServlet.processRequest(FrameworkServlet.java:1006)
	at org.springframework.web.servlet.FrameworkServlet.doGet(FrameworkServlet.java:898)
	at javax.servlet.http.HttpServlet.service(HttpServlet.java:497)
	at org.springframework.web.servlet.FrameworkServlet.service(FrameworkServlet.java:883)
	at javax.servlet.http.HttpServlet.service(HttpServlet.java:584)
	at io.undertow.servlet.handlers.ServletHandler.handleRequest(ServletHandler.java:74)
	at io.undertow.servlet.handlers.FilterHandler$FilterChainImpl.doFilter(FilterHandler.java:129)
	at org.springframework.web.filter.CorsFilter.doFilterInternal(CorsFilter.java:91)
	at org.springframework.web.filter.OncePerRequestFilter.doFilter(OncePerRequestFilter.java:117)
	at io.undertow.servlet.core.ManagedFilter.doFilter(ManagedFilter.java:67)
	at io.undertow.servlet.handlers.FilterHandler$FilterChainImpl.doFilter(FilterHandler.java:131)
	at com.ruoyi.common.filter.RepeatableFilter.doFilter(RepeatableFilter.java:30)
	at io.undertow.servlet.core.ManagedFilter.doFilter(ManagedFilter.java:67)
	at io.undertow.servlet.handlers.FilterHandler$FilterChainImpl.doFilter(FilterHandler.java:131)
	at org.springframework.web.filter.RequestContextFilter.doFilterInternal(RequestContextFilter.java:100)
	at org.springframework.web.filter.OncePerRequestFilter.doFilter(OncePerRequestFilter.java:117)
	at io.undertow.servlet.core.ManagedFilter.doFilter(ManagedFilter.java:67)
	at io.undertow.servlet.handlers.FilterHandler$FilterChainImpl.doFilter(FilterHandler.java:131)
	at cn.dev33.satoken.filter.SaPathCheckFilterForServlet.doFilter(SaPathCheckFilterForServlet.java:55)
	at io.undertow.servlet.core.ManagedFilter.doFilter(ManagedFilter.java:67)
	at io.undertow.servlet.handlers.FilterHandler$FilterChainImpl.doFilter(FilterHandler.java:131)
	at org.springframework.web.filter.FormContentFilter.doFilterInternal(FormContentFilter.java:93)
	at org.springframework.web.filter.OncePerRequestFilter.doFilter(OncePerRequestFilter.java:117)
	at io.undertow.servlet.core.ManagedFilter.doFilter(ManagedFilter.java:67)
	at io.undertow.servlet.handlers.FilterHandler$FilterChainImpl.doFilter(FilterHandler.java:131)
	at org.springframework.boot.actuate.metrics.web.servlet.WebMvcMetricsFilter.doFilterInternal(WebMvcMetricsFilter.java:96)
	at org.springframework.web.filter.OncePerRequestFilter.doFilter(OncePerRequestFilter.java:117)
	at io.undertow.servlet.core.ManagedFilter.doFilter(ManagedFilter.java:67)
	at io.undertow.servlet.handlers.FilterHandler$FilterChainImpl.doFilter(FilterHandler.java:131)
	at org.springframework.web.filter.CharacterEncodingFilter.doFilterInternal(CharacterEncodingFilter.java:201)
	at org.springframework.web.filter.OncePerRequestFilter.doFilter(OncePerRequestFilter.java:117)
	at io.undertow.servlet.core.ManagedFilter.doFilter(ManagedFilter.java:67)
	at io.undertow.servlet.handlers.FilterHandler$FilterChainImpl.doFilter(FilterHandler.java:131)
	at com.ruoyi.common.filter.XssFilter.doFilter(XssFilter.java:41)
	at io.undertow.servlet.core.ManagedFilter.doFilter(ManagedFilter.java:67)
	at io.undertow.servlet.handlers.FilterHandler$FilterChainImpl.doFilter(FilterHandler.java:131)
	at io.undertow.servlet.handlers.FilterHandler.handleRequest(FilterHandler.java:84)
	at io.undertow.servlet.handlers.security.ServletSecurityRoleHandler.handleRequest(ServletSecurityRoleHandler.java:62)
	at io.undertow.servlet.handlers.ServletChain$1.handleRequest(ServletChain.java:68)
	at io.undertow.servlet.handlers.ServletDispatchingHandler.handleRequest(ServletDispatchingHandler.java:36)
	at io.undertow.servlet.handlers.RedirectDirHandler.handleRequest(RedirectDirHandler.java:68)
	at io.undertow.servlet.handlers.security.SSLInformationAssociationHandler.handleRequest(SSLInformationAssociationHandler.java:117)
	at io.undertow.servlet.handlers.security.ServletAuthenticationCallHandler.handleRequest(ServletAuthenticationCallHandler.java:57)
	at io.undertow.server.handlers.PredicateHandler.handleRequest(PredicateHandler.java:43)
	at io.undertow.security.handlers.AbstractConfidentialityHandler.handleRequest(AbstractConfidentialityHandler.java:46)
	at io.undertow.servlet.handlers.security.ServletConfidentialityConstraintHandler.handleRequest(ServletConfidentialityConstraintHandler.java:64)
	at io.undertow.security.handlers.AuthenticationMechanismsHandler.handleRequest(AuthenticationMechanismsHandler.java:60)
	at io.undertow.servlet.handlers.security.CachedAuthenticatedSessionHandler.handleRequest(CachedAuthenticatedSessionHandler.java:77)
	at io.undertow.security.handlers.AbstractSecurityContextAssociationHandler.handleRequest(AbstractSecurityContextAssociationHandler.java:43)
	at io.undertow.server.handlers.PredicateHandler.handleRequest(PredicateHandler.java:43)
	at io.undertow.servlet.handlers.SendErrorPageHandler.handleRequest(SendErrorPageHandler.java:52)
	at io.undertow.server.handlers.PredicateHandler.handleRequest(PredicateHandler.java:43)
	at io.undertow.servlet.handlers.ServletInitialHandler.handleFirstRequest(ServletInitialHandler.java:275)
	at io.undertow.servlet.handlers.ServletInitialHandler.access$100(ServletInitialHandler.java:79)
	at io.undertow.servlet.handlers.ServletInitialHandler$2.call(ServletInitialHandler.java:134)
	at io.undertow.servlet.handlers.ServletInitialHandler$2.call(ServletInitialHandler.java:131)
	at io.undertow.servlet.core.ServletRequestContextThreadSetupAction$1.call(ServletRequestContextThreadSetupAction.java:48)
	at io.undertow.servlet.core.ContextClassLoaderSetupAction$1.call(ContextClassLoaderSetupAction.java:43)
	at io.undertow.servlet.handlers.ServletInitialHandler.dispatchRequest(ServletInitialHandler.java:255)
	at io.undertow.servlet.handlers.ServletInitialHandler.access$000(ServletInitialHandler.java:79)
	at io.undertow.servlet.handlers.ServletInitialHandler$1.handleRequest(ServletInitialHandler.java:100)
	at io.undertow.server.Connectors.executeRootHandler(Connectors.java:393)
	at io.undertow.server.HttpServerExchange$1.run(HttpServerExchange.java:852)
	at org.jboss.threads.ContextClassLoaderSavingRunnable.run(ContextClassLoaderSavingRunnable.java:35)
	at org.jboss.threads.EnhancedQueueExecutor.safeRun(EnhancedQueueExecutor.java:2019)
	at org.jboss.threads.EnhancedQueueExecutor$ThreadBody.doRunTask(EnhancedQueueExecutor.java:1558)
	at org.jboss.threads.EnhancedQueueExecutor$ThreadBody.run(EnhancedQueueExecutor.java:1449)
	at org.xnio.XnioWorker$WorkerThreadFactory$1$1.run(XnioWorker.java:1282)
	at java.lang.Thread.run(Thread.java:750)
Caused by: org.apache.ibatis.exceptions.PersistenceException: 
### Error querying database.  Cause: org.springframework.jdbc.CannotGetJdbcConnectionException: Failed to obtain JDBC Connection; nested exception is java.sql.SQLTransientConnectionException: master - Connection is not available, request timed out after 30003ms.
### The error may exist in file [/Users/w/Documents/项目/chess/chess_code_2/ruoyi/target/classes/mapper/system/SysDeptMapper.xml]
### The error may involve com.ruoyi.system.mapper.SysDeptMapper.selectDeptList
### The error occurred while executing a query
### Cause: org.springframework.jdbc.CannotGetJdbcConnectionException: Failed to obtain JDBC Connection; nested exception is java.sql.SQLTransientConnectionException: master - Connection is not available, request timed out after 30003ms.
	at org.apache.ibatis.exceptions.ExceptionFactory.wrapException(ExceptionFactory.java:30)
	at org.apache.ibatis.session.defaults.DefaultSqlSession.selectList(DefaultSqlSession.java:156)
	at org.apache.ibatis.session.defaults.DefaultSqlSession.selectList(DefaultSqlSession.java:147)
	at org.apache.ibatis.session.defaults.DefaultSqlSession.selectList(DefaultSqlSession.java:142)
	at sun.reflect.GeneratedMethodAccessor116.invoke(Unknown Source)
	at sun.reflect.DelegatingMethodAccessorImpl.invoke(DelegatingMethodAccessorImpl.java:43)
	at java.lang.reflect.Method.invoke(Method.java:498)
	at org.mybatis.spring.SqlSessionTemplate$SqlSessionInterceptor.invoke(SqlSessionTemplate.java:425)
	... 109 common frames omitted
Caused by: org.springframework.jdbc.CannotGetJdbcConnectionException: Failed to obtain JDBC Connection; nested exception is java.sql.SQLTransientConnectionException: master - Connection is not available, request timed out after 30003ms.
	at org.springframework.jdbc.datasource.DataSourceUtils.getConnection(DataSourceUtils.java:84)
	at org.mybatis.spring.transaction.SpringManagedTransaction.openConnection(SpringManagedTransaction.java:80)
	at org.mybatis.spring.transaction.SpringManagedTransaction.getConnection(SpringManagedTransaction.java:67)
	at org.apache.ibatis.executor.BaseExecutor.getConnection(BaseExecutor.java:345)
	at org.apache.ibatis.executor.SimpleExecutor.prepareStatement(SimpleExecutor.java:89)
	at org.apache.ibatis.executor.SimpleExecutor.doQuery(SimpleExecutor.java:64)
	at org.apache.ibatis.executor.BaseExecutor.queryFromDatabase(BaseExecutor.java:333)
	at org.apache.ibatis.executor.BaseExecutor.query(BaseExecutor.java:158)
	at org.apache.ibatis.executor.CachingExecutor.query(CachingExecutor.java:110)
	at com.baomidou.mybatisplus.extension.plugins.MybatisPlusInterceptor.intercept(MybatisPlusInterceptor.java:81)
	at org.apache.ibatis.plugin.Plugin.invoke(Plugin.java:59)
	at com.sun.proxy.$Proxy323.query(Unknown Source)
	at org.apache.ibatis.session.defaults.DefaultSqlSession.selectList(DefaultSqlSession.java:154)
	... 115 common frames omitted
Caused by: java.sql.SQLTransientConnectionException: master - Connection is not available, request timed out after 30003ms.
	at com.zaxxer.hikari.pool.HikariPool.createTimeoutException(HikariPool.java:696)
	at com.zaxxer.hikari.pool.HikariPool.getConnection(HikariPool.java:197)
	at com.zaxxer.hikari.pool.HikariPool.getConnection(HikariPool.java:162)
	at com.zaxxer.hikari.HikariDataSource.getConnection(HikariDataSource.java:100)
	at com.p6spy.engine.spy.P6DataSource.getConnection(P6DataSource.java:300)
	at com.baomidou.dynamic.datasource.ds.ItemDataSource.getConnection(ItemDataSource.java:56)
	at com.baomidou.dynamic.datasource.ds.AbstractRoutingDataSource.getConnection(AbstractRoutingDataSource.java:55)
	at org.springframework.jdbc.datasource.DataSourceUtils.fetchConnection(DataSourceUtils.java:160)
	at org.springframework.jdbc.datasource.DataSourceUtils.doGetConnection(DataSourceUtils.java:118)
	at org.springframework.jdbc.datasource.DataSourceUtils.getConnection(DataSourceUtils.java:81)
	... 127 common frames omitted
Caused by: java.sql.SQLNonTransientConnectionException: Could not create connection to database server. Attempted reconnect 3 times. Giving up.
	at com.mysql.cj.jdbc.exceptions.SQLError.createSQLException(SQLError.java:111)
	at com.mysql.cj.jdbc.exceptions.SQLError.createSQLException(SQLError.java:98)
	at com.mysql.cj.jdbc.exceptions.SQLError.createSQLException(SQLError.java:90)
	at com.mysql.cj.jdbc.exceptions.SQLError.createSQLException(SQLError.java:64)
	at com.mysql.cj.jdbc.exceptions.SQLError.createSQLException(SQLError.java:74)
	at com.mysql.cj.jdbc.ConnectionImpl.connectWithRetries(ConnectionImpl.java:895)
	at com.mysql.cj.jdbc.ConnectionImpl.createNewIO(ConnectionImpl.java:820)
	at com.mysql.cj.jdbc.ConnectionImpl.<init>(ConnectionImpl.java:446)
	at com.mysql.cj.jdbc.ConnectionImpl.getInstance(ConnectionImpl.java:239)
	at com.mysql.cj.jdbc.NonRegisteringDriver.connect(NonRegisteringDriver.java:188)
	at com.zaxxer.hikari.util.DriverDataSource.getConnection(DriverDataSource.java:138)
	at com.zaxxer.hikari.pool.PoolBase.newConnection(PoolBase.java:364)
	at com.zaxxer.hikari.pool.PoolBase.newPoolEntry(PoolBase.java:206)
	at com.zaxxer.hikari.pool.HikariPool.createPoolEntry(HikariPool.java:476)
	at com.zaxxer.hikari.pool.HikariPool.access$100(HikariPool.java:71)
	at com.zaxxer.hikari.pool.HikariPool$PoolEntryCreator.call(HikariPool.java:726)
	at com.zaxxer.hikari.pool.HikariPool$PoolEntryCreator.call(HikariPool.java:712)
	at java.util.concurrent.FutureTask.run(FutureTask.java:266)
	at java.util.concurrent.ThreadPoolExecutor.runWorker(ThreadPoolExecutor.java:1149)
	at java.util.concurrent.ThreadPoolExecutor$Worker.run(ThreadPoolExecutor.java:624)
	... 1 common frames omitted
Caused by: com.mysql.cj.exceptions.CJCommunicationsException: Communications link failure

The last packet sent successfully to the server was 0 milliseconds ago. The driver has not received any packets from the server.
	at sun.reflect.NativeConstructorAccessorImpl.newInstance0(Native Method)
	at sun.reflect.NativeConstructorAccessorImpl.newInstance(NativeConstructorAccessorImpl.java:62)
	at sun.reflect.DelegatingConstructorAccessorImpl.newInstance(DelegatingConstructorAccessorImpl.java:45)
	at java.lang.reflect.Constructor.newInstance(Constructor.java:423)
	at com.mysql.cj.exceptions.ExceptionFactory.createException(ExceptionFactory.java:62)
	at com.mysql.cj.exceptions.ExceptionFactory.createException(ExceptionFactory.java:105)
	at com.mysql.cj.exceptions.ExceptionFactory.createException(ExceptionFactory.java:150)
	at com.mysql.cj.exceptions.ExceptionFactory.createCommunicationsException(ExceptionFactory.java:166)
	at com.mysql.cj.protocol.a.NativeProtocol.readMessage(NativeProtocol.java:582)
	at com.mysql.cj.protocol.a.NativeProtocol.readServerCapabilities(NativeProtocol.java:537)
	at com.mysql.cj.protocol.a.NativeProtocol.beforeHandshake(NativeProtocol.java:424)
	at com.mysql.cj.protocol.a.NativeProtocol.connect(NativeProtocol.java:1428)
	at com.mysql.cj.NativeSession.connect(NativeSession.java:134)
	at com.mysql.cj.jdbc.ConnectionImpl.connectWithRetries(ConnectionImpl.java:839)
	... 15 common frames omitted
Caused by: java.io.EOFException: Can not read response from server. Expected to read 4 bytes, read 0 bytes before connection was unexpectedly lost.
	at com.mysql.cj.protocol.FullReadInputStream.readFully(FullReadInputStream.java:67)
	at com.mysql.cj.protocol.a.SimplePacketReader.readHeaderLocal(SimplePacketReader.java:81)
	at com.mysql.cj.protocol.a.SimplePacketReader.readHeader(SimplePacketReader.java:63)
	at com.mysql.cj.protocol.a.SimplePacketReader.readHeader(SimplePacketReader.java:45)
	at com.mysql.cj.protocol.a.NativeProtocol.readMessage(NativeProtocol.java:576)
	... 20 common frames omitted
2025-10-20 15:39:38 [XNIO-1 task-7] ERROR c.r.f.w.e.GlobalExceptionHandler - 请求地址'/system/menu/list', Mybatis系统异常
org.mybatis.spring.MyBatisSystemException: nested exception is org.apache.ibatis.exceptions.PersistenceException: 
### Error querying database.  Cause: org.springframework.jdbc.CannotGetJdbcConnectionException: Failed to obtain JDBC Connection; nested exception is java.sql.SQLTransientConnectionException: master - Connection is not available, request timed out after 30000ms.
### The error may exist in com/ruoyi/system/mapper/SysMenuMapper.java (best guess)
### The error may involve com.ruoyi.system.mapper.SysMenuMapper.selectList
### The error occurred while executing a query
### Cause: org.springframework.jdbc.CannotGetJdbcConnectionException: Failed to obtain JDBC Connection; nested exception is java.sql.SQLTransientConnectionException: master - Connection is not available, request timed out after 30000ms.
	at org.mybatis.spring.MyBatisExceptionTranslator.translateExceptionIfPossible(MyBatisExceptionTranslator.java:97)
	at org.mybatis.spring.SqlSessionTemplate$SqlSessionInterceptor.invoke(SqlSessionTemplate.java:439)
	at com.sun.proxy.$Proxy136.selectList(Unknown Source)
	at org.mybatis.spring.SqlSessionTemplate.selectList(SqlSessionTemplate.java:224)
	at com.baomidou.mybatisplus.core.override.MybatisMapperMethod.executeForMany(MybatisMapperMethod.java:166)
	at com.baomidou.mybatisplus.core.override.MybatisMapperMethod.execute(MybatisMapperMethod.java:77)
	at com.baomidou.mybatisplus.core.override.MybatisMapperProxy$PlainMethodInvoker.invoke(MybatisMapperProxy.java:152)
	at com.baomidou.mybatisplus.core.override.MybatisMapperProxy.invoke(MybatisMapperProxy.java:89)
	at com.sun.proxy.$Proxy287.selectList(Unknown Source)
	at com.ruoyi.system.service.impl.SysMenuServiceImpl.selectMenuList(SysMenuServiceImpl.java:64)
	at com.ruoyi.web.controller.system.SysMenuController.list(SysMenuController.java:40)
	at com.ruoyi.web.controller.system.SysMenuController$$FastClassBySpringCGLIB$$58eee9e2.invoke(<generated>)
	at org.springframework.cglib.proxy.MethodProxy.invoke(MethodProxy.java:218)
	at org.springframework.aop.framework.CglibAopProxy$CglibMethodInvocation.invokeJoinpoint(CglibAopProxy.java:792)
	at org.springframework.aop.framework.ReflectiveMethodInvocation.proceed(ReflectiveMethodInvocation.java:163)
	at org.springframework.aop.framework.CglibAopProxy$CglibMethodInvocation.proceed(CglibAopProxy.java:762)
	at org.springframework.validation.beanvalidation.MethodValidationInterceptor.invoke(MethodValidationInterceptor.java:123)
	at org.springframework.aop.framework.ReflectiveMethodInvocation.proceed(ReflectiveMethodInvocation.java:186)
	at org.springframework.aop.framework.CglibAopProxy$CglibMethodInvocation.proceed(CglibAopProxy.java:762)
	at org.springframework.aop.interceptor.ExposeInvocationInterceptor.invoke(ExposeInvocationInterceptor.java:97)
	at org.springframework.aop.framework.ReflectiveMethodInvocation.proceed(ReflectiveMethodInvocation.java:186)
	at org.springframework.aop.framework.CglibAopProxy$CglibMethodInvocation.proceed(CglibAopProxy.java:762)
	at org.springframework.aop.framework.CglibAopProxy$DynamicAdvisedInterceptor.intercept(CglibAopProxy.java:707)
	at com.ruoyi.web.controller.system.SysMenuController$$EnhancerBySpringCGLIB$$fe4c3ed4.list(<generated>)
	at sun.reflect.NativeMethodAccessorImpl.invoke0(Native Method)
	at sun.reflect.NativeMethodAccessorImpl.invoke(NativeMethodAccessorImpl.java:62)
	at sun.reflect.DelegatingMethodAccessorImpl.invoke(DelegatingMethodAccessorImpl.java:43)
	at java.lang.reflect.Method.invoke(Method.java:498)
	at org.springframework.web.method.support.InvocableHandlerMethod.doInvoke(InvocableHandlerMethod.java:205)
	at org.springframework.web.method.support.InvocableHandlerMethod.invokeForRequest(InvocableHandlerMethod.java:150)
	at org.springframework.web.servlet.mvc.method.annotation.ServletInvocableHandlerMethod.invokeAndHandle(ServletInvocableHandlerMethod.java:117)
	at org.springframework.web.servlet.mvc.method.annotation.RequestMappingHandlerAdapter.invokeHandlerMethod(RequestMappingHandlerAdapter.java:895)
	at org.springframework.web.servlet.mvc.method.annotation.RequestMappingHandlerAdapter.handleInternal(RequestMappingHandlerAdapter.java:808)
	at org.springframework.web.servlet.mvc.method.AbstractHandlerMethodAdapter.handle(AbstractHandlerMethodAdapter.java:87)
	at org.springframework.web.servlet.DispatcherServlet.doDispatch(DispatcherServlet.java:1072)
	at org.springframework.web.servlet.DispatcherServlet.doService(DispatcherServlet.java:965)
	at org.springframework.web.servlet.FrameworkServlet.processRequest(FrameworkServlet.java:1006)
	at org.springframework.web.servlet.FrameworkServlet.doGet(FrameworkServlet.java:898)
	at javax.servlet.http.HttpServlet.service(HttpServlet.java:497)
	at org.springframework.web.servlet.FrameworkServlet.service(FrameworkServlet.java:883)
	at javax.servlet.http.HttpServlet.service(HttpServlet.java:584)
	at io.undertow.servlet.handlers.ServletHandler.handleRequest(ServletHandler.java:74)
	at io.undertow.servlet.handlers.FilterHandler$FilterChainImpl.doFilter(FilterHandler.java:129)
	at org.springframework.web.filter.CorsFilter.doFilterInternal(CorsFilter.java:91)
	at org.springframework.web.filter.OncePerRequestFilter.doFilter(OncePerRequestFilter.java:117)
	at io.undertow.servlet.core.ManagedFilter.doFilter(ManagedFilter.java:67)
	at io.undertow.servlet.handlers.FilterHandler$FilterChainImpl.doFilter(FilterHandler.java:131)
	at com.ruoyi.common.filter.RepeatableFilter.doFilter(RepeatableFilter.java:30)
	at io.undertow.servlet.core.ManagedFilter.doFilter(ManagedFilter.java:67)
	at io.undertow.servlet.handlers.FilterHandler$FilterChainImpl.doFilter(FilterHandler.java:131)
	at org.springframework.web.filter.RequestContextFilter.doFilterInternal(RequestContextFilter.java:100)
	at org.springframework.web.filter.OncePerRequestFilter.doFilter(OncePerRequestFilter.java:117)
	at io.undertow.servlet.core.ManagedFilter.doFilter(ManagedFilter.java:67)
	at io.undertow.servlet.handlers.FilterHandler$FilterChainImpl.doFilter(FilterHandler.java:131)
	at cn.dev33.satoken.filter.SaPathCheckFilterForServlet.doFilter(SaPathCheckFilterForServlet.java:55)
	at io.undertow.servlet.core.ManagedFilter.doFilter(ManagedFilter.java:67)
	at io.undertow.servlet.handlers.FilterHandler$FilterChainImpl.doFilter(FilterHandler.java:131)
	at org.springframework.web.filter.FormContentFilter.doFilterInternal(FormContentFilter.java:93)
	at org.springframework.web.filter.OncePerRequestFilter.doFilter(OncePerRequestFilter.java:117)
	at io.undertow.servlet.core.ManagedFilter.doFilter(ManagedFilter.java:67)
	at io.undertow.servlet.handlers.FilterHandler$FilterChainImpl.doFilter(FilterHandler.java:131)
	at org.springframework.boot.actuate.metrics.web.servlet.WebMvcMetricsFilter.doFilterInternal(WebMvcMetricsFilter.java:96)
	at org.springframework.web.filter.OncePerRequestFilter.doFilter(OncePerRequestFilter.java:117)
	at io.undertow.servlet.core.ManagedFilter.doFilter(ManagedFilter.java:67)
	at io.undertow.servlet.handlers.FilterHandler$FilterChainImpl.doFilter(FilterHandler.java:131)
	at org.springframework.web.filter.CharacterEncodingFilter.doFilterInternal(CharacterEncodingFilter.java:201)
	at org.springframework.web.filter.OncePerRequestFilter.doFilter(OncePerRequestFilter.java:117)
	at io.undertow.servlet.core.ManagedFilter.doFilter(ManagedFilter.java:67)
	at io.undertow.servlet.handlers.FilterHandler$FilterChainImpl.doFilter(FilterHandler.java:131)
	at com.ruoyi.common.filter.XssFilter.doFilter(XssFilter.java:41)
	at io.undertow.servlet.core.ManagedFilter.doFilter(ManagedFilter.java:67)
	at io.undertow.servlet.handlers.FilterHandler$FilterChainImpl.doFilter(FilterHandler.java:131)
	at io.undertow.servlet.handlers.FilterHandler.handleRequest(FilterHandler.java:84)
	at io.undertow.servlet.handlers.security.ServletSecurityRoleHandler.handleRequest(ServletSecurityRoleHandler.java:62)
	at io.undertow.servlet.handlers.ServletChain$1.handleRequest(ServletChain.java:68)
	at io.undertow.servlet.handlers.ServletDispatchingHandler.handleRequest(ServletDispatchingHandler.java:36)
	at io.undertow.servlet.handlers.RedirectDirHandler.handleRequest(RedirectDirHandler.java:68)
	at io.undertow.servlet.handlers.security.SSLInformationAssociationHandler.handleRequest(SSLInformationAssociationHandler.java:117)
	at io.undertow.servlet.handlers.security.ServletAuthenticationCallHandler.handleRequest(ServletAuthenticationCallHandler.java:57)
	at io.undertow.server.handlers.PredicateHandler.handleRequest(PredicateHandler.java:43)
	at io.undertow.security.handlers.AbstractConfidentialityHandler.handleRequest(AbstractConfidentialityHandler.java:46)
	at io.undertow.servlet.handlers.security.ServletConfidentialityConstraintHandler.handleRequest(ServletConfidentialityConstraintHandler.java:64)
	at io.undertow.security.handlers.AuthenticationMechanismsHandler.handleRequest(AuthenticationMechanismsHandler.java:60)
	at io.undertow.servlet.handlers.security.CachedAuthenticatedSessionHandler.handleRequest(CachedAuthenticatedSessionHandler.java:77)
	at io.undertow.security.handlers.AbstractSecurityContextAssociationHandler.handleRequest(AbstractSecurityContextAssociationHandler.java:43)
	at io.undertow.server.handlers.PredicateHandler.handleRequest(PredicateHandler.java:43)
	at io.undertow.servlet.handlers.SendErrorPageHandler.handleRequest(SendErrorPageHandler.java:52)
	at io.undertow.server.handlers.PredicateHandler.handleRequest(PredicateHandler.java:43)
	at io.undertow.servlet.handlers.ServletInitialHandler.handleFirstRequest(ServletInitialHandler.java:275)
	at io.undertow.servlet.handlers.ServletInitialHandler.access$100(ServletInitialHandler.java:79)
	at io.undertow.servlet.handlers.ServletInitialHandler$2.call(ServletInitialHandler.java:134)
	at io.undertow.servlet.handlers.ServletInitialHandler$2.call(ServletInitialHandler.java:131)
	at io.undertow.servlet.core.ServletRequestContextThreadSetupAction$1.call(ServletRequestContextThreadSetupAction.java:48)
	at io.undertow.servlet.core.ContextClassLoaderSetupAction$1.call(ContextClassLoaderSetupAction.java:43)
	at io.undertow.servlet.handlers.ServletInitialHandler.dispatchRequest(ServletInitialHandler.java:255)
	at io.undertow.servlet.handlers.ServletInitialHandler.access$000(ServletInitialHandler.java:79)
	at io.undertow.servlet.handlers.ServletInitialHandler$1.handleRequest(ServletInitialHandler.java:100)
	at io.undertow.server.Connectors.executeRootHandler(Connectors.java:393)
	at io.undertow.server.HttpServerExchange$1.run(HttpServerExchange.java:852)
	at org.jboss.threads.ContextClassLoaderSavingRunnable.run(ContextClassLoaderSavingRunnable.java:35)
	at org.jboss.threads.EnhancedQueueExecutor.safeRun(EnhancedQueueExecutor.java:2019)
	at org.jboss.threads.EnhancedQueueExecutor$ThreadBody.doRunTask(EnhancedQueueExecutor.java:1558)
	at org.jboss.threads.EnhancedQueueExecutor$ThreadBody.run(EnhancedQueueExecutor.java:1449)
	at org.xnio.XnioWorker$WorkerThreadFactory$1$1.run(XnioWorker.java:1282)
	at java.lang.Thread.run(Thread.java:750)
Caused by: org.apache.ibatis.exceptions.PersistenceException: 
### Error querying database.  Cause: org.springframework.jdbc.CannotGetJdbcConnectionException: Failed to obtain JDBC Connection; nested exception is java.sql.SQLTransientConnectionException: master - Connection is not available, request timed out after 30000ms.
### The error may exist in com/ruoyi/system/mapper/SysMenuMapper.java (best guess)
### The error may involve com.ruoyi.system.mapper.SysMenuMapper.selectList
### The error occurred while executing a query
### Cause: org.springframework.jdbc.CannotGetJdbcConnectionException: Failed to obtain JDBC Connection; nested exception is java.sql.SQLTransientConnectionException: master - Connection is not available, request timed out after 30000ms.
	at org.apache.ibatis.exceptions.ExceptionFactory.wrapException(ExceptionFactory.java:30)
	at org.apache.ibatis.session.defaults.DefaultSqlSession.selectList(DefaultSqlSession.java:156)
	at org.apache.ibatis.session.defaults.DefaultSqlSession.selectList(DefaultSqlSession.java:147)
	at org.apache.ibatis.session.defaults.DefaultSqlSession.selectList(DefaultSqlSession.java:142)
	at sun.reflect.GeneratedMethodAccessor116.invoke(Unknown Source)
	at sun.reflect.DelegatingMethodAccessorImpl.invoke(DelegatingMethodAccessorImpl.java:43)
	at java.lang.reflect.Method.invoke(Method.java:498)
	at org.mybatis.spring.SqlSessionTemplate$SqlSessionInterceptor.invoke(SqlSessionTemplate.java:425)
	... 103 common frames omitted
Caused by: org.springframework.jdbc.CannotGetJdbcConnectionException: Failed to obtain JDBC Connection; nested exception is java.sql.SQLTransientConnectionException: master - Connection is not available, request timed out after 30000ms.
	at org.springframework.jdbc.datasource.DataSourceUtils.getConnection(DataSourceUtils.java:84)
	at org.mybatis.spring.transaction.SpringManagedTransaction.openConnection(SpringManagedTransaction.java:80)
	at org.mybatis.spring.transaction.SpringManagedTransaction.getConnection(SpringManagedTransaction.java:67)
	at org.apache.ibatis.executor.BaseExecutor.getConnection(BaseExecutor.java:345)
	at org.apache.ibatis.executor.SimpleExecutor.prepareStatement(SimpleExecutor.java:89)
	at org.apache.ibatis.executor.SimpleExecutor.doQuery(SimpleExecutor.java:64)
	at org.apache.ibatis.executor.BaseExecutor.queryFromDatabase(BaseExecutor.java:333)
	at org.apache.ibatis.executor.BaseExecutor.query(BaseExecutor.java:158)
	at org.apache.ibatis.executor.CachingExecutor.query(CachingExecutor.java:110)
	at com.baomidou.mybatisplus.extension.plugins.MybatisPlusInterceptor.intercept(MybatisPlusInterceptor.java:81)
	at org.apache.ibatis.plugin.Plugin.invoke(Plugin.java:59)
	at com.sun.proxy.$Proxy323.query(Unknown Source)
	at org.apache.ibatis.session.defaults.DefaultSqlSession.selectList(DefaultSqlSession.java:154)
	... 109 common frames omitted
Caused by: java.sql.SQLTransientConnectionException: master - Connection is not available, request timed out after 30000ms.
	at com.zaxxer.hikari.pool.HikariPool.createTimeoutException(HikariPool.java:696)
	at com.zaxxer.hikari.pool.HikariPool.getConnection(HikariPool.java:197)
	at com.zaxxer.hikari.pool.HikariPool.getConnection(HikariPool.java:162)
	at com.zaxxer.hikari.HikariDataSource.getConnection(HikariDataSource.java:100)
	at com.p6spy.engine.spy.P6DataSource.getConnection(P6DataSource.java:300)
	at com.baomidou.dynamic.datasource.ds.ItemDataSource.getConnection(ItemDataSource.java:56)
	at com.baomidou.dynamic.datasource.ds.AbstractRoutingDataSource.getConnection(AbstractRoutingDataSource.java:55)
	at org.springframework.jdbc.datasource.DataSourceUtils.fetchConnection(DataSourceUtils.java:160)
	at org.springframework.jdbc.datasource.DataSourceUtils.doGetConnection(DataSourceUtils.java:118)
	at org.springframework.jdbc.datasource.DataSourceUtils.getConnection(DataSourceUtils.java:81)
	... 121 common frames omitted
Caused by: java.sql.SQLNonTransientConnectionException: Could not create connection to database server. Attempted reconnect 3 times. Giving up.
	at com.mysql.cj.jdbc.exceptions.SQLError.createSQLException(SQLError.java:111)
	at com.mysql.cj.jdbc.exceptions.SQLError.createSQLException(SQLError.java:98)
	at com.mysql.cj.jdbc.exceptions.SQLError.createSQLException(SQLError.java:90)
	at com.mysql.cj.jdbc.exceptions.SQLError.createSQLException(SQLError.java:64)
	at com.mysql.cj.jdbc.exceptions.SQLError.createSQLException(SQLError.java:74)
	at com.mysql.cj.jdbc.ConnectionImpl.connectWithRetries(ConnectionImpl.java:895)
	at com.mysql.cj.jdbc.ConnectionImpl.createNewIO(ConnectionImpl.java:820)
	at com.mysql.cj.jdbc.ConnectionImpl.<init>(ConnectionImpl.java:446)
	at com.mysql.cj.jdbc.ConnectionImpl.getInstance(ConnectionImpl.java:239)
	at com.mysql.cj.jdbc.NonRegisteringDriver.connect(NonRegisteringDriver.java:188)
	at com.zaxxer.hikari.util.DriverDataSource.getConnection(DriverDataSource.java:138)
	at com.zaxxer.hikari.pool.PoolBase.newConnection(PoolBase.java:364)
	at com.zaxxer.hikari.pool.PoolBase.newPoolEntry(PoolBase.java:206)
	at com.zaxxer.hikari.pool.HikariPool.createPoolEntry(HikariPool.java:476)
	at com.zaxxer.hikari.pool.HikariPool.access$100(HikariPool.java:71)
	at com.zaxxer.hikari.pool.HikariPool$PoolEntryCreator.call(HikariPool.java:726)
	at com.zaxxer.hikari.pool.HikariPool$PoolEntryCreator.call(HikariPool.java:712)
	at java.util.concurrent.FutureTask.run(FutureTask.java:266)
	at java.util.concurrent.ThreadPoolExecutor.runWorker(ThreadPoolExecutor.java:1149)
	at java.util.concurrent.ThreadPoolExecutor$Worker.run(ThreadPoolExecutor.java:624)
	... 1 common frames omitted
Caused by: com.mysql.cj.exceptions.CJCommunicationsException: Communications link failure

The last packet sent successfully to the server was 0 milliseconds ago. The driver has not received any packets from the server.
	at sun.reflect.NativeConstructorAccessorImpl.newInstance0(Native Method)
	at sun.reflect.NativeConstructorAccessorImpl.newInstance(NativeConstructorAccessorImpl.java:62)
	at sun.reflect.DelegatingConstructorAccessorImpl.newInstance(DelegatingConstructorAccessorImpl.java:45)
	at java.lang.reflect.Constructor.newInstance(Constructor.java:423)
	at com.mysql.cj.exceptions.ExceptionFactory.createException(ExceptionFactory.java:62)
	at com.mysql.cj.exceptions.ExceptionFactory.createException(ExceptionFactory.java:105)
	at com.mysql.cj.exceptions.ExceptionFactory.createException(ExceptionFactory.java:150)
	at com.mysql.cj.exceptions.ExceptionFactory.createCommunicationsException(ExceptionFactory.java:166)
	at com.mysql.cj.protocol.a.NativeProtocol.readMessage(NativeProtocol.java:582)
	at com.mysql.cj.protocol.a.NativeProtocol.readServerCapabilities(NativeProtocol.java:537)
	at com.mysql.cj.protocol.a.NativeProtocol.beforeHandshake(NativeProtocol.java:424)
	at com.mysql.cj.protocol.a.NativeProtocol.connect(NativeProtocol.java:1428)
	at com.mysql.cj.NativeSession.connect(NativeSession.java:134)
	at com.mysql.cj.jdbc.ConnectionImpl.connectWithRetries(ConnectionImpl.java:839)
	... 15 common frames omitted
Caused by: java.io.EOFException: Can not read response from server. Expected to read 4 bytes, read 0 bytes before connection was unexpectedly lost.
	at com.mysql.cj.protocol.FullReadInputStream.readFully(FullReadInputStream.java:67)
	at com.mysql.cj.protocol.a.SimplePacketReader.readHeaderLocal(SimplePacketReader.java:81)
	at com.mysql.cj.protocol.a.SimplePacketReader.readHeader(SimplePacketReader.java:63)
	at com.mysql.cj.protocol.a.SimplePacketReader.readHeader(SimplePacketReader.java:45)
	at com.mysql.cj.protocol.a.NativeProtocol.readMessage(NativeProtocol.java:576)
	... 20 common frames omitted
2025-10-20 17:34:31 [redisson-netty-2-4] ERROR o.r.c.handler.ErrorsLoggingHandler - Exception occured. Channel: [id: 0xc6f13a7b, L:/192.168.1.101:50814 - R:192.10.84.130/192.10.84.130:6381]
java.io.IOException: Operation timed out
	at sun.nio.ch.FileDispatcherImpl.read0(Native Method)
	at sun.nio.ch.SocketDispatcher.read(SocketDispatcher.java:39)
	at sun.nio.ch.IOUtil.readIntoNativeBuffer(IOUtil.java:223)
	at sun.nio.ch.IOUtil.read(IOUtil.java:192)
	at sun.nio.ch.SocketChannelImpl.read(SocketChannelImpl.java:379)
	at io.netty.buffer.PooledByteBuf.setBytes(PooledByteBuf.java:254)
	at io.netty.buffer.AbstractByteBuf.writeBytes(AbstractByteBuf.java:1132)
	at io.netty.channel.socket.nio.NioSocketChannel.doReadBytes(NioSocketChannel.java:357)
	at io.netty.channel.nio.AbstractNioByteChannel$NioByteUnsafe.read(AbstractNioByteChannel.java:151)
	at io.netty.channel.nio.NioEventLoop.processSelectedKey(NioEventLoop.java:788)
	at io.netty.channel.nio.NioEventLoop.processSelectedKeysOptimized(NioEventLoop.java:724)
	at io.netty.channel.nio.NioEventLoop.processSelectedKeys(NioEventLoop.java:650)
	at io.netty.channel.nio.NioEventLoop.run(NioEventLoop.java:562)
	at io.netty.util.concurrent.SingleThreadEventExecutor$4.run(SingleThreadEventExecutor.java:997)
	at io.netty.util.internal.ThreadExecutorMap$2.run(ThreadExecutorMap.java:74)
	at io.netty.util.concurrent.FastThreadLocalRunnable.run(FastThreadLocalRunnable.java:30)
	at java.lang.Thread.run(Thread.java:750)
2025-10-20 17:34:31 [redisson-netty-2-3] ERROR o.r.c.handler.ErrorsLoggingHandler - Exception occured. Channel: [id: 0xa5c3c947, L:/192.168.1.101:50810 - R:192.10.84.130/192.10.84.130:6381]
java.io.IOException: Operation timed out
	at sun.nio.ch.FileDispatcherImpl.read0(Native Method)
	at sun.nio.ch.SocketDispatcher.read(SocketDispatcher.java:39)
	at sun.nio.ch.IOUtil.readIntoNativeBuffer(IOUtil.java:223)
	at sun.nio.ch.IOUtil.read(IOUtil.java:192)
	at sun.nio.ch.SocketChannelImpl.read(SocketChannelImpl.java:379)
	at io.netty.buffer.PooledByteBuf.setBytes(PooledByteBuf.java:254)
	at io.netty.buffer.AbstractByteBuf.writeBytes(AbstractByteBuf.java:1132)
	at io.netty.channel.socket.nio.NioSocketChannel.doReadBytes(NioSocketChannel.java:357)
	at io.netty.channel.nio.AbstractNioByteChannel$NioByteUnsafe.read(AbstractNioByteChannel.java:151)
	at io.netty.channel.nio.NioEventLoop.processSelectedKey(NioEventLoop.java:788)
	at io.netty.channel.nio.NioEventLoop.processSelectedKeysOptimized(NioEventLoop.java:724)
	at io.netty.channel.nio.NioEventLoop.processSelectedKeys(NioEventLoop.java:650)
	at io.netty.channel.nio.NioEventLoop.run(NioEventLoop.java:562)
	at io.netty.util.concurrent.SingleThreadEventExecutor$4.run(SingleThreadEventExecutor.java:997)
	at io.netty.util.internal.ThreadExecutorMap$2.run(ThreadExecutorMap.java:74)
	at io.netty.util.concurrent.FastThreadLocalRunnable.run(FastThreadLocalRunnable.java:30)
	at java.lang.Thread.run(Thread.java:750)
2025-10-20 17:34:31 [redisson-netty-2-2] ERROR o.r.c.handler.ErrorsLoggingHandler - Exception occured. Channel: [id: 0xf72d373b, L:/192.168.1.101:50817 - R:192.10.84.130/192.10.84.130:6381]
java.io.IOException: Operation timed out
	at sun.nio.ch.FileDispatcherImpl.read0(Native Method)
	at sun.nio.ch.SocketDispatcher.read(SocketDispatcher.java:39)
	at sun.nio.ch.IOUtil.readIntoNativeBuffer(IOUtil.java:223)
	at sun.nio.ch.IOUtil.read(IOUtil.java:192)
	at sun.nio.ch.SocketChannelImpl.read(SocketChannelImpl.java:379)
	at io.netty.buffer.PooledByteBuf.setBytes(PooledByteBuf.java:254)
	at io.netty.buffer.AbstractByteBuf.writeBytes(AbstractByteBuf.java:1132)
	at io.netty.channel.socket.nio.NioSocketChannel.doReadBytes(NioSocketChannel.java:357)
	at io.netty.channel.nio.AbstractNioByteChannel$NioByteUnsafe.read(AbstractNioByteChannel.java:151)
	at io.netty.channel.nio.NioEventLoop.processSelectedKey(NioEventLoop.java:788)
	at io.netty.channel.nio.NioEventLoop.processSelectedKeysOptimized(NioEventLoop.java:724)
	at io.netty.channel.nio.NioEventLoop.processSelectedKeys(NioEventLoop.java:650)
	at io.netty.channel.nio.NioEventLoop.run(NioEventLoop.java:562)
	at io.netty.util.concurrent.SingleThreadEventExecutor$4.run(SingleThreadEventExecutor.java:997)
	at io.netty.util.internal.ThreadExecutorMap$2.run(ThreadExecutorMap.java:74)
	at io.netty.util.concurrent.FastThreadLocalRunnable.run(FastThreadLocalRunnable.java:30)
	at java.lang.Thread.run(Thread.java:750)
2025-10-20 17:34:31 [redisson-netty-2-1] ERROR o.r.c.handler.ErrorsLoggingHandler - Exception occured. Channel: [id: 0xdf0b0eb9, L:/192.168.1.101:50816 - R:192.10.84.130/192.10.84.130:6381]
java.io.IOException: Operation timed out
	at sun.nio.ch.FileDispatcherImpl.read0(Native Method)
	at sun.nio.ch.SocketDispatcher.read(SocketDispatcher.java:39)
	at sun.nio.ch.IOUtil.readIntoNativeBuffer(IOUtil.java:223)
	at sun.nio.ch.IOUtil.read(IOUtil.java:192)
	at sun.nio.ch.SocketChannelImpl.read(SocketChannelImpl.java:379)
	at io.netty.buffer.PooledByteBuf.setBytes(PooledByteBuf.java:254)
	at io.netty.buffer.AbstractByteBuf.writeBytes(AbstractByteBuf.java:1132)
	at io.netty.channel.socket.nio.NioSocketChannel.doReadBytes(NioSocketChannel.java:357)
	at io.netty.channel.nio.AbstractNioByteChannel$NioByteUnsafe.read(AbstractNioByteChannel.java:151)
	at io.netty.channel.nio.NioEventLoop.processSelectedKey(NioEventLoop.java:788)
	at io.netty.channel.nio.NioEventLoop.processSelectedKeysOptimized(NioEventLoop.java:724)
	at io.netty.channel.nio.NioEventLoop.processSelectedKeys(NioEventLoop.java:650)
	at io.netty.channel.nio.NioEventLoop.run(NioEventLoop.java:562)
	at io.netty.util.concurrent.SingleThreadEventExecutor$4.run(SingleThreadEventExecutor.java:997)
	at io.netty.util.internal.ThreadExecutorMap$2.run(ThreadExecutorMap.java:74)
	at io.netty.util.concurrent.FastThreadLocalRunnable.run(FastThreadLocalRunnable.java:30)
	at java.lang.Thread.run(Thread.java:750)
2025-10-20 17:34:31 [redisson-netty-2-5] ERROR o.r.c.handler.ErrorsLoggingHandler - Exception occured. Channel: [id: 0x4bb45d90, L:/192.168.1.101:50811 - R:192.10.84.130/192.10.84.130:6381]
java.io.IOException: Operation timed out
	at sun.nio.ch.FileDispatcherImpl.read0(Native Method)
	at sun.nio.ch.SocketDispatcher.read(SocketDispatcher.java:39)
	at sun.nio.ch.IOUtil.readIntoNativeBuffer(IOUtil.java:223)
	at sun.nio.ch.IOUtil.read(IOUtil.java:192)
	at sun.nio.ch.SocketChannelImpl.read(SocketChannelImpl.java:379)
	at io.netty.buffer.PooledByteBuf.setBytes(PooledByteBuf.java:254)
	at io.netty.buffer.AbstractByteBuf.writeBytes(AbstractByteBuf.java:1132)
	at io.netty.channel.socket.nio.NioSocketChannel.doReadBytes(NioSocketChannel.java:357)
	at io.netty.channel.nio.AbstractNioByteChannel$NioByteUnsafe.read(AbstractNioByteChannel.java:151)
	at io.netty.channel.nio.NioEventLoop.processSelectedKey(NioEventLoop.java:788)
	at io.netty.channel.nio.NioEventLoop.processSelectedKeysOptimized(NioEventLoop.java:724)
	at io.netty.channel.nio.NioEventLoop.processSelectedKeys(NioEventLoop.java:650)
	at io.netty.channel.nio.NioEventLoop.run(NioEventLoop.java:562)
	at io.netty.util.concurrent.SingleThreadEventExecutor$4.run(SingleThreadEventExecutor.java:997)
	at io.netty.util.internal.ThreadExecutorMap$2.run(ThreadExecutorMap.java:74)
	at io.netty.util.concurrent.FastThreadLocalRunnable.run(FastThreadLocalRunnable.java:30)
	at java.lang.Thread.run(Thread.java:750)
2025-10-20 17:34:31 [redisson-netty-2-6] ERROR o.r.c.handler.ErrorsLoggingHandler - Exception occured. Channel: [id: 0xef0884d5, L:/192.168.1.101:50815 - R:192.10.84.130/192.10.84.130:6381]
java.io.IOException: Operation timed out
	at sun.nio.ch.FileDispatcherImpl.read0(Native Method)
	at sun.nio.ch.SocketDispatcher.read(SocketDispatcher.java:39)
	at sun.nio.ch.IOUtil.readIntoNativeBuffer(IOUtil.java:223)
	at sun.nio.ch.IOUtil.read(IOUtil.java:192)
	at sun.nio.ch.SocketChannelImpl.read(SocketChannelImpl.java:379)
	at io.netty.buffer.PooledByteBuf.setBytes(PooledByteBuf.java:254)
	at io.netty.buffer.AbstractByteBuf.writeBytes(AbstractByteBuf.java:1132)
	at io.netty.channel.socket.nio.NioSocketChannel.doReadBytes(NioSocketChannel.java:357)
	at io.netty.channel.nio.AbstractNioByteChannel$NioByteUnsafe.read(AbstractNioByteChannel.java:151)
	at io.netty.channel.nio.NioEventLoop.processSelectedKey(NioEventLoop.java:788)
	at io.netty.channel.nio.NioEventLoop.processSelectedKeysOptimized(NioEventLoop.java:724)
	at io.netty.channel.nio.NioEventLoop.processSelectedKeys(NioEventLoop.java:650)
	at io.netty.channel.nio.NioEventLoop.run(NioEventLoop.java:562)
	at io.netty.util.concurrent.SingleThreadEventExecutor$4.run(SingleThreadEventExecutor.java:997)
	at io.netty.util.internal.ThreadExecutorMap$2.run(ThreadExecutorMap.java:74)
	at io.netty.util.concurrent.FastThreadLocalRunnable.run(FastThreadLocalRunnable.java:30)
	at java.lang.Thread.run(Thread.java:750)
2025-10-20 17:34:31 [redisson-netty-2-2] ERROR o.r.c.handler.ErrorsLoggingHandler - Exception occured. Channel: [id: 0x44837173, L:/192.168.1.101:50813 - R:192.10.84.130/192.10.84.130:6381]
java.io.IOException: Operation timed out
	at sun.nio.ch.FileDispatcherImpl.read0(Native Method)
	at sun.nio.ch.SocketDispatcher.read(SocketDispatcher.java:39)
	at sun.nio.ch.IOUtil.readIntoNativeBuffer(IOUtil.java:223)
	at sun.nio.ch.IOUtil.read(IOUtil.java:192)
	at sun.nio.ch.SocketChannelImpl.read(SocketChannelImpl.java:379)
	at io.netty.buffer.PooledByteBuf.setBytes(PooledByteBuf.java:254)
	at io.netty.buffer.AbstractByteBuf.writeBytes(AbstractByteBuf.java:1132)
	at io.netty.channel.socket.nio.NioSocketChannel.doReadBytes(NioSocketChannel.java:357)
	at io.netty.channel.nio.AbstractNioByteChannel$NioByteUnsafe.read(AbstractNioByteChannel.java:151)
	at io.netty.channel.nio.NioEventLoop.processSelectedKey(NioEventLoop.java:788)
	at io.netty.channel.nio.NioEventLoop.processSelectedKeysOptimized(NioEventLoop.java:724)
	at io.netty.channel.nio.NioEventLoop.processSelectedKeys(NioEventLoop.java:650)
	at io.netty.channel.nio.NioEventLoop.run(NioEventLoop.java:562)
	at io.netty.util.concurrent.SingleThreadEventExecutor$4.run(SingleThreadEventExecutor.java:997)
	at io.netty.util.internal.ThreadExecutorMap$2.run(ThreadExecutorMap.java:74)
	at io.netty.util.concurrent.FastThreadLocalRunnable.run(FastThreadLocalRunnable.java:30)
	at java.lang.Thread.run(Thread.java:750)
2025-10-20 17:34:31 [redisson-netty-2-1] ERROR o.r.c.handler.ErrorsLoggingHandler - Exception occured. Channel: [id: 0x72b2b3d2, L:/192.168.1.101:50812 - R:192.10.84.130/192.10.84.130:6381]
java.io.IOException: Operation timed out
	at sun.nio.ch.FileDispatcherImpl.read0(Native Method)
	at sun.nio.ch.SocketDispatcher.read(SocketDispatcher.java:39)
	at sun.nio.ch.IOUtil.readIntoNativeBuffer(IOUtil.java:223)
	at sun.nio.ch.IOUtil.read(IOUtil.java:192)
	at sun.nio.ch.SocketChannelImpl.read(SocketChannelImpl.java:379)
	at io.netty.buffer.PooledByteBuf.setBytes(PooledByteBuf.java:254)
	at io.netty.buffer.AbstractByteBuf.writeBytes(AbstractByteBuf.java:1132)
	at io.netty.channel.socket.nio.NioSocketChannel.doReadBytes(NioSocketChannel.java:357)
	at io.netty.channel.nio.AbstractNioByteChannel$NioByteUnsafe.read(AbstractNioByteChannel.java:151)
	at io.netty.channel.nio.NioEventLoop.processSelectedKey(NioEventLoop.java:788)
	at io.netty.channel.nio.NioEventLoop.processSelectedKeysOptimized(NioEventLoop.java:724)
	at io.netty.channel.nio.NioEventLoop.processSelectedKeys(NioEventLoop.java:650)
	at io.netty.channel.nio.NioEventLoop.run(NioEventLoop.java:562)
	at io.netty.util.concurrent.SingleThreadEventExecutor$4.run(SingleThreadEventExecutor.java:997)
	at io.netty.util.internal.ThreadExecutorMap$2.run(ThreadExecutorMap.java:74)
	at io.netty.util.concurrent.FastThreadLocalRunnable.run(FastThreadLocalRunnable.java:30)
	at java.lang.Thread.run(Thread.java:750)
2025-10-20 17:34:31 [redisson-netty-2-2] ERROR o.r.c.handler.ErrorsLoggingHandler - Exception occured. Channel: [id: 0xfe8ddf63, L:/192.168.1.101:50809 - R:192.10.84.130/192.10.84.130:6381]
java.io.IOException: Operation timed out
	at sun.nio.ch.FileDispatcherImpl.read0(Native Method)
	at sun.nio.ch.SocketDispatcher.read(SocketDispatcher.java:39)
	at sun.nio.ch.IOUtil.readIntoNativeBuffer(IOUtil.java:223)
	at sun.nio.ch.IOUtil.read(IOUtil.java:192)
	at sun.nio.ch.SocketChannelImpl.read(SocketChannelImpl.java:379)
	at io.netty.buffer.PooledByteBuf.setBytes(PooledByteBuf.java:254)
	at io.netty.buffer.AbstractByteBuf.writeBytes(AbstractByteBuf.java:1132)
	at io.netty.channel.socket.nio.NioSocketChannel.doReadBytes(NioSocketChannel.java:357)
	at io.netty.channel.nio.AbstractNioByteChannel$NioByteUnsafe.read(AbstractNioByteChannel.java:151)
	at io.netty.channel.nio.NioEventLoop.processSelectedKey(NioEventLoop.java:788)
	at io.netty.channel.nio.NioEventLoop.processSelectedKeysOptimized(NioEventLoop.java:724)
	at io.netty.channel.nio.NioEventLoop.processSelectedKeys(NioEventLoop.java:650)
	at io.netty.channel.nio.NioEventLoop.run(NioEventLoop.java:562)
	at io.netty.util.concurrent.SingleThreadEventExecutor$4.run(SingleThreadEventExecutor.java:997)
	at io.netty.util.internal.ThreadExecutorMap$2.run(ThreadExecutorMap.java:74)
	at io.netty.util.concurrent.FastThreadLocalRunnable.run(FastThreadLocalRunnable.java:30)
	at java.lang.Thread.run(Thread.java:750)
