2025-10-21 14:46:26 [XNIO-1 task-7] INFO  c.r.f.i.PlusWebInvokeTimeInterceptor - [PLUS]开始请求 => URL[GET /monitor/online/list],无参数
2025-10-21 14:46:31 [XNIO-1 task-7] ERROR c.r.f.w.e.GlobalExceptionHandler - 请求地址'/monitor/online/list',发生未知异常.
org.redisson.client.WriteRedisConnectionException: Unable to write command into connection! Increase connection pool size. Node source: NodeSource [slot=0, addr=null, redisClient=null, redirect=null, entry=null], connection: RedisConnection@321274962 [redisClient=[addr=redis://192.10.84.130:6381], channel=[id: 0xc6f13a7b, L:/192.168.1.101:50814 ! R:192.10.84.130/192.10.84.130:6381], currentCommand=null, usage=1], command: (GET), params: [Authorization:login:token:eyJ0eXAiOiJKV1QiLCJhbGciOiJIUzI1NiJ9.eyJsb2dpblR5cGUiOiJsb2dpbiIsImxvZ2luSWQiOiJzeXNfdXNlcjoxIiwicm5TdHIiOiJXbzhwVE5BQzlNeENEM0hrZEtVZzU1WUxZOTZDcnFNNiIsInVzZXJJZCI6MX0.Vx_BZoJPBxNJbpfg_FbMDeIohkWpmhRABk1KLEmh5Sc] after 3 retry attempts
	at org.redisson.command.RedisExecutor.checkWriteFuture(RedisExecutor.java:344)
	at org.redisson.command.RedisExecutor.lambda$execute$3(RedisExecutor.java:188)
	at io.netty.util.concurrent.DefaultPromise.notifyListener0(DefaultPromise.java:590)
	at io.netty.util.concurrent.DefaultPromise.notifyListenersNow(DefaultPromise.java:557)
	at io.netty.util.concurrent.DefaultPromise.notifyListeners(DefaultPromise.java:492)
	at io.netty.util.concurrent.DefaultPromise.setValue0(DefaultPromise.java:636)
	at io.netty.util.concurrent.DefaultPromise.setFailure0(DefaultPromise.java:629)
	at io.netty.util.concurrent.DefaultPromise.tryFailure(DefaultPromise.java:118)
	at io.netty.channel.AbstractChannel$AbstractUnsafe.safeSetFailure(AbstractChannel.java:999)
	at io.netty.channel.AbstractChannel$AbstractUnsafe.write(AbstractChannel.java:860)
	at io.netty.channel.DefaultChannelPipeline$HeadContext.write(DefaultChannelPipeline.java:1367)
	at io.netty.channel.AbstractChannelHandlerContext.invokeWrite0(AbstractChannelHandlerContext.java:877)
	at io.netty.channel.AbstractChannelHandlerContext.invokeWriteAndFlush(AbstractChannelHandlerContext.java:940)
	at io.netty.channel.AbstractChannelHandlerContext$WriteTask.run(AbstractChannelHandlerContext.java:1247)
	at io.netty.util.concurrent.AbstractEventExecutor.runTask(AbstractEventExecutor.java:173)
	at io.netty.util.concurrent.AbstractEventExecutor.safeExecute(AbstractEventExecutor.java:166)
	at io.netty.util.concurrent.SingleThreadEventExecutor.runAllTasks(SingleThreadEventExecutor.java:470)
	at io.netty.channel.nio.NioEventLoop.run(NioEventLoop.java:569)
	at io.netty.util.concurrent.SingleThreadEventExecutor$4.run(SingleThreadEventExecutor.java:997)
	at io.netty.util.internal.ThreadExecutorMap$2.run(ThreadExecutorMap.java:74)
	at io.netty.util.concurrent.FastThreadLocalRunnable.run(FastThreadLocalRunnable.java:30)
	at java.lang.Thread.run(Thread.java:750)
Caused by: io.netty.channel.StacklessClosedChannelException: null
	at io.netty.channel.AbstractChannel$AbstractUnsafe.write(Object, ChannelPromise)(Unknown Source)
2025-10-21 14:46:31 [XNIO-1 task-7] INFO  c.r.f.i.PlusWebInvokeTimeInterceptor - [PLUS]结束请求 => URL[GET /monitor/online/list],耗时:[4788]毫秒
2025-10-21 15:23:38 [XNIO-1 task-7] INFO  c.r.f.i.PlusWebInvokeTimeInterceptor - [PLUS]开始请求 => URL[GET /system/role/list],参数类型[param],参数:[{"pageSize":["10"],"pageNum":["1"]}]
2025-10-21 15:23:43 [XNIO-1 task-7] ERROR c.r.f.w.e.GlobalExceptionHandler - 请求地址'/system/role/list',发生未知异常.
org.redisson.client.WriteRedisConnectionException: Unable to write command into connection! Increase connection pool size. Node source: NodeSource [slot=0, addr=null, redisClient=null, redirect=null, entry=null], connection: RedisConnection@32072349 [redisClient=[addr=redis://192.10.84.130:6381], channel=[id: 0xf72d373b, L:/192.168.1.101:50817 ! R:192.10.84.130/192.10.84.130:6381], currentCommand=null, usage=1], command: (GET), params: [Authorization:login:token:eyJ0eXAiOiJKV1QiLCJhbGciOiJIUzI1NiJ9.eyJsb2dpblR5cGUiOiJsb2dpbiIsImxvZ2luSWQiOiJzeXNfdXNlcjoxIiwicm5TdHIiOiJXbzhwVE5BQzlNeENEM0hrZEtVZzU1WUxZOTZDcnFNNiIsInVzZXJJZCI6MX0.Vx_BZoJPBxNJbpfg_FbMDeIohkWpmhRABk1KLEmh5Sc] after 3 retry attempts
	at org.redisson.command.RedisExecutor.checkWriteFuture(RedisExecutor.java:344)
	at org.redisson.command.RedisExecutor.lambda$execute$3(RedisExecutor.java:188)
	at io.netty.util.concurrent.DefaultPromise.notifyListener0(DefaultPromise.java:590)
	at io.netty.util.concurrent.DefaultPromise.notifyListenersNow(DefaultPromise.java:557)
	at io.netty.util.concurrent.DefaultPromise.notifyListeners(DefaultPromise.java:492)
	at io.netty.util.concurrent.DefaultPromise.setValue0(DefaultPromise.java:636)
	at io.netty.util.concurrent.DefaultPromise.setFailure0(DefaultPromise.java:629)
	at io.netty.util.concurrent.DefaultPromise.tryFailure(DefaultPromise.java:118)
	at io.netty.channel.AbstractChannel$AbstractUnsafe.safeSetFailure(AbstractChannel.java:999)
	at io.netty.channel.AbstractChannel$AbstractUnsafe.write(AbstractChannel.java:860)
	at io.netty.channel.DefaultChannelPipeline$HeadContext.write(DefaultChannelPipeline.java:1367)
	at io.netty.channel.AbstractChannelHandlerContext.invokeWrite0(AbstractChannelHandlerContext.java:877)
	at io.netty.channel.AbstractChannelHandlerContext.invokeWriteAndFlush(AbstractChannelHandlerContext.java:940)
	at io.netty.channel.AbstractChannelHandlerContext$WriteTask.run(AbstractChannelHandlerContext.java:1247)
	at io.netty.util.concurrent.AbstractEventExecutor.runTask(AbstractEventExecutor.java:173)
	at io.netty.util.concurrent.AbstractEventExecutor.safeExecute(AbstractEventExecutor.java:166)
	at io.netty.util.concurrent.SingleThreadEventExecutor.runAllTasks(SingleThreadEventExecutor.java:470)
	at io.netty.channel.nio.NioEventLoop.run(NioEventLoop.java:569)
	at io.netty.util.concurrent.SingleThreadEventExecutor$4.run(SingleThreadEventExecutor.java:997)
	at io.netty.util.internal.ThreadExecutorMap$2.run(ThreadExecutorMap.java:74)
	at io.netty.util.concurrent.FastThreadLocalRunnable.run(FastThreadLocalRunnable.java:30)
	at java.lang.Thread.run(Thread.java:750)
Caused by: io.netty.channel.StacklessClosedChannelException: null
	at io.netty.channel.AbstractChannel$AbstractUnsafe.write(Object, ChannelPromise)(Unknown Source)
2025-10-21 15:23:43 [XNIO-1 task-7] INFO  c.r.f.i.PlusWebInvokeTimeInterceptor - [PLUS]结束请求 => URL[GET /system/role/list],耗时:[4768]毫秒
2025-10-21 15:27:33 [XNIO-1 task-7] INFO  c.r.f.i.PlusWebInvokeTimeInterceptor - [PLUS]开始请求 => URL[GET /getInfo],无参数
2025-10-21 15:27:38 [XNIO-1 task-7] ERROR c.r.f.w.e.GlobalExceptionHandler - 请求地址'/getInfo',发生未知异常.
org.redisson.client.WriteRedisConnectionException: Unable to write command into connection! Increase connection pool size. Node source: NodeSource [slot=0, addr=null, redisClient=null, redirect=null, entry=null], connection: RedisConnection@321274962 [redisClient=[addr=redis://192.10.84.130:6381], channel=[id: 0xc6f13a7b, L:/192.168.1.101:50814 ! R:192.10.84.130/192.10.84.130:6381], currentCommand=null, usage=1], command: (GET), params: [Authorization:login:token:eyJ0eXAiOiJKV1QiLCJhbGciOiJIUzI1NiJ9.eyJsb2dpblR5cGUiOiJsb2dpbiIsImxvZ2luSWQiOiJzeXNfdXNlcjoxIiwicm5TdHIiOiJXbzhwVE5BQzlNeENEM0hrZEtVZzU1WUxZOTZDcnFNNiIsInVzZXJJZCI6MX0.Vx_BZoJPBxNJbpfg_FbMDeIohkWpmhRABk1KLEmh5Sc] after 3 retry attempts
	at org.redisson.command.RedisExecutor.checkWriteFuture(RedisExecutor.java:344)
	at org.redisson.command.RedisExecutor.lambda$execute$3(RedisExecutor.java:188)
	at io.netty.util.concurrent.DefaultPromise.notifyListener0(DefaultPromise.java:590)
	at io.netty.util.concurrent.DefaultPromise.notifyListenersNow(DefaultPromise.java:557)
	at io.netty.util.concurrent.DefaultPromise.notifyListeners(DefaultPromise.java:492)
	at io.netty.util.concurrent.DefaultPromise.setValue0(DefaultPromise.java:636)
	at io.netty.util.concurrent.DefaultPromise.setFailure0(DefaultPromise.java:629)
	at io.netty.util.concurrent.DefaultPromise.tryFailure(DefaultPromise.java:118)
	at io.netty.channel.AbstractChannel$AbstractUnsafe.safeSetFailure(AbstractChannel.java:999)
	at io.netty.channel.AbstractChannel$AbstractUnsafe.write(AbstractChannel.java:860)
	at io.netty.channel.DefaultChannelPipeline$HeadContext.write(DefaultChannelPipeline.java:1367)
	at io.netty.channel.AbstractChannelHandlerContext.invokeWrite0(AbstractChannelHandlerContext.java:877)
	at io.netty.channel.AbstractChannelHandlerContext.invokeWriteAndFlush(AbstractChannelHandlerContext.java:940)
	at io.netty.channel.AbstractChannelHandlerContext$WriteTask.run(AbstractChannelHandlerContext.java:1247)
	at io.netty.util.concurrent.AbstractEventExecutor.runTask(AbstractEventExecutor.java:173)
	at io.netty.util.concurrent.AbstractEventExecutor.safeExecute(AbstractEventExecutor.java:166)
	at io.netty.util.concurrent.SingleThreadEventExecutor.runAllTasks(SingleThreadEventExecutor.java:470)
	at io.netty.channel.nio.NioEventLoop.run(NioEventLoop.java:569)
	at io.netty.util.concurrent.SingleThreadEventExecutor$4.run(SingleThreadEventExecutor.java:997)
	at io.netty.util.internal.ThreadExecutorMap$2.run(ThreadExecutorMap.java:74)
	at io.netty.util.concurrent.FastThreadLocalRunnable.run(FastThreadLocalRunnable.java:30)
	at java.lang.Thread.run(Thread.java:750)
Caused by: io.netty.channel.StacklessClosedChannelException: null
	at io.netty.channel.AbstractChannel$AbstractUnsafe.write(Object, ChannelPromise)(Unknown Source)
2025-10-21 15:27:38 [XNIO-1 task-7] INFO  c.r.f.i.PlusWebInvokeTimeInterceptor - [PLUS]结束请求 => URL[GET /getInfo],耗时:[4804]毫秒
2025-10-21 15:27:38 [XNIO-1 task-7] INFO  c.r.f.i.PlusWebInvokeTimeInterceptor - [PLUS]开始请求 => URL[POST /logout],无参数
2025-10-21 15:27:48 [XNIO-1 task-7] ERROR c.r.f.w.e.GlobalExceptionHandler - 请求地址'/logout',发生未知异常.
org.redisson.client.WriteRedisConnectionException: Unable to write command into connection! Increase connection pool size. Node source: NodeSource [slot=0, addr=null, redisClient=null, redirect=null, entry=null], connection: RedisConnection@321274962 [redisClient=[addr=redis://192.10.84.130:6381], channel=[id: 0xc6f13a7b, L:/192.168.1.101:50814 ! R:192.10.84.130/192.10.84.130:6381], currentCommand=null, usage=1], command: (DEL), params: [Authorization:login:last-active:eyJ0eXAiOiJKV1QiLCJhbGciOiJIUzI1NiJ9.eyJsb2dpblR5cGUiOiJsb2dpbiIsImxvZ2luSWQiOiJzeXNfdXNlcjoxIiwicm5TdHIiOiJXbzhwVE5BQzlNeENEM0hrZEtVZzU1WUxZOTZDcnFNNiIsInVzZXJJZCI6MX0.Vx_BZoJPBxNJbpfg_FbMDeIohkWpmhRABk1KLEmh5Sc] after 3 retry attempts
	at org.redisson.command.RedisExecutor.checkWriteFuture(RedisExecutor.java:344)
	at org.redisson.command.RedisExecutor.lambda$execute$3(RedisExecutor.java:188)
	at io.netty.util.concurrent.DefaultPromise.notifyListener0(DefaultPromise.java:590)
	at io.netty.util.concurrent.DefaultPromise.notifyListenersNow(DefaultPromise.java:557)
	at io.netty.util.concurrent.DefaultPromise.notifyListeners(DefaultPromise.java:492)
	at io.netty.util.concurrent.DefaultPromise.setValue0(DefaultPromise.java:636)
	at io.netty.util.concurrent.DefaultPromise.setFailure0(DefaultPromise.java:629)
	at io.netty.util.concurrent.DefaultPromise.tryFailure(DefaultPromise.java:118)
	at io.netty.channel.AbstractChannel$AbstractUnsafe.safeSetFailure(AbstractChannel.java:999)
	at io.netty.channel.AbstractChannel$AbstractUnsafe.write(AbstractChannel.java:860)
	at io.netty.channel.DefaultChannelPipeline$HeadContext.write(DefaultChannelPipeline.java:1367)
	at io.netty.channel.AbstractChannelHandlerContext.invokeWrite0(AbstractChannelHandlerContext.java:877)
	at io.netty.channel.AbstractChannelHandlerContext.invokeWriteAndFlush(AbstractChannelHandlerContext.java:940)
	at io.netty.channel.AbstractChannelHandlerContext$WriteTask.run(AbstractChannelHandlerContext.java:1247)
	at io.netty.util.concurrent.AbstractEventExecutor.runTask(AbstractEventExecutor.java:173)
	at io.netty.util.concurrent.AbstractEventExecutor.safeExecute(AbstractEventExecutor.java:166)
	at io.netty.util.concurrent.SingleThreadEventExecutor.runAllTasks(SingleThreadEventExecutor.java:470)
	at io.netty.channel.nio.NioEventLoop.run(NioEventLoop.java:569)
	at io.netty.util.concurrent.SingleThreadEventExecutor$4.run(SingleThreadEventExecutor.java:997)
	at io.netty.util.internal.ThreadExecutorMap$2.run(ThreadExecutorMap.java:74)
	at io.netty.util.concurrent.FastThreadLocalRunnable.run(FastThreadLocalRunnable.java:30)
	at java.lang.Thread.run(Thread.java:750)
Caused by: io.netty.channel.StacklessClosedChannelException: null
	at io.netty.channel.AbstractChannel$AbstractUnsafe.write(Object, ChannelPromise)(Unknown Source)
2025-10-21 15:27:48 [XNIO-1 task-7] INFO  c.r.f.i.PlusWebInvokeTimeInterceptor - [PLUS]结束请求 => URL[POST /logout],耗时:[9591]毫秒
2025-10-21 15:27:49 [XNIO-1 task-7] INFO  c.r.f.i.PlusWebInvokeTimeInterceptor - [PLUS]开始请求 => URL[GET /getInfo],无参数
2025-10-21 15:27:54 [XNIO-1 task-7] ERROR c.r.f.w.e.GlobalExceptionHandler - 请求地址'/getInfo',发生未知异常.
org.redisson.client.WriteRedisConnectionException: Unable to write command into connection! Increase connection pool size. Node source: NodeSource [slot=0, addr=null, redisClient=null, redirect=null, entry=null], connection: RedisConnection@32072349 [redisClient=[addr=redis://192.10.84.130:6381], channel=[id: 0xf72d373b, L:/192.168.1.101:50817 ! R:192.10.84.130/192.10.84.130:6381], currentCommand=null, usage=1], command: (GET), params: [Authorization:login:token:eyJ0eXAiOiJKV1QiLCJhbGciOiJIUzI1NiJ9.eyJsb2dpblR5cGUiOiJsb2dpbiIsImxvZ2luSWQiOiJzeXNfdXNlcjoxIiwicm5TdHIiOiJXbzhwVE5BQzlNeENEM0hrZEtVZzU1WUxZOTZDcnFNNiIsInVzZXJJZCI6MX0.Vx_BZoJPBxNJbpfg_FbMDeIohkWpmhRABk1KLEmh5Sc] after 3 retry attempts
	at org.redisson.command.RedisExecutor.checkWriteFuture(RedisExecutor.java:344)
	at org.redisson.command.RedisExecutor.lambda$execute$3(RedisExecutor.java:188)
	at io.netty.util.concurrent.DefaultPromise.notifyListener0(DefaultPromise.java:590)
	at io.netty.util.concurrent.DefaultPromise.notifyListenersNow(DefaultPromise.java:557)
	at io.netty.util.concurrent.DefaultPromise.notifyListeners(DefaultPromise.java:492)
	at io.netty.util.concurrent.DefaultPromise.setValue0(DefaultPromise.java:636)
	at io.netty.util.concurrent.DefaultPromise.setFailure0(DefaultPromise.java:629)
	at io.netty.util.concurrent.DefaultPromise.tryFailure(DefaultPromise.java:118)
	at io.netty.channel.AbstractChannel$AbstractUnsafe.safeSetFailure(AbstractChannel.java:999)
	at io.netty.channel.AbstractChannel$AbstractUnsafe.write(AbstractChannel.java:860)
	at io.netty.channel.DefaultChannelPipeline$HeadContext.write(DefaultChannelPipeline.java:1367)
	at io.netty.channel.AbstractChannelHandlerContext.invokeWrite0(AbstractChannelHandlerContext.java:877)
	at io.netty.channel.AbstractChannelHandlerContext.invokeWriteAndFlush(AbstractChannelHandlerContext.java:940)
	at io.netty.channel.AbstractChannelHandlerContext$WriteTask.run(AbstractChannelHandlerContext.java:1247)
	at io.netty.util.concurrent.AbstractEventExecutor.runTask(AbstractEventExecutor.java:173)
	at io.netty.util.concurrent.AbstractEventExecutor.safeExecute(AbstractEventExecutor.java:166)
	at io.netty.util.concurrent.SingleThreadEventExecutor.runAllTasks(SingleThreadEventExecutor.java:470)
	at io.netty.channel.nio.NioEventLoop.run(NioEventLoop.java:569)
	at io.netty.util.concurrent.SingleThreadEventExecutor$4.run(SingleThreadEventExecutor.java:997)
	at io.netty.util.internal.ThreadExecutorMap$2.run(ThreadExecutorMap.java:74)
	at io.netty.util.concurrent.FastThreadLocalRunnable.run(FastThreadLocalRunnable.java:30)
	at java.lang.Thread.run(Thread.java:750)
Caused by: io.netty.channel.StacklessClosedChannelException: null
	at io.netty.channel.AbstractChannel$AbstractUnsafe.write(Object, ChannelPromise)(Unknown Source)
2025-10-21 15:27:54 [XNIO-1 task-7] INFO  c.r.f.i.PlusWebInvokeTimeInterceptor - [PLUS]结束请求 => URL[GET /getInfo],耗时:[4723]毫秒
2025-10-21 15:27:54 [XNIO-1 task-7] INFO  c.r.f.i.PlusWebInvokeTimeInterceptor - [PLUS]开始请求 => URL[POST /logout],无参数
2025-10-21 15:28:04 [XNIO-1 task-7] ERROR c.r.f.w.e.GlobalExceptionHandler - 请求地址'/logout',发生未知异常.
org.redisson.client.WriteRedisConnectionException: Unable to write command into connection! Increase connection pool size. Node source: NodeSource [slot=0, addr=null, redisClient=null, redirect=null, entry=null], connection: RedisConnection@32072349 [redisClient=[addr=redis://192.10.84.130:6381], channel=[id: 0xf72d373b, L:/192.168.1.101:50817 ! R:192.10.84.130/192.10.84.130:6381], currentCommand=null, usage=1], command: (DEL), params: [Authorization:login:last-active:eyJ0eXAiOiJKV1QiLCJhbGciOiJIUzI1NiJ9.eyJsb2dpblR5cGUiOiJsb2dpbiIsImxvZ2luSWQiOiJzeXNfdXNlcjoxIiwicm5TdHIiOiJXbzhwVE5BQzlNeENEM0hrZEtVZzU1WUxZOTZDcnFNNiIsInVzZXJJZCI6MX0.Vx_BZoJPBxNJbpfg_FbMDeIohkWpmhRABk1KLEmh5Sc] after 3 retry attempts
	at org.redisson.command.RedisExecutor.checkWriteFuture(RedisExecutor.java:344)
	at org.redisson.command.RedisExecutor.lambda$execute$3(RedisExecutor.java:188)
	at io.netty.util.concurrent.DefaultPromise.notifyListener0(DefaultPromise.java:590)
	at io.netty.util.concurrent.DefaultPromise.notifyListenersNow(DefaultPromise.java:557)
	at io.netty.util.concurrent.DefaultPromise.notifyListeners(DefaultPromise.java:492)
	at io.netty.util.concurrent.DefaultPromise.setValue0(DefaultPromise.java:636)
	at io.netty.util.concurrent.DefaultPromise.setFailure0(DefaultPromise.java:629)
	at io.netty.util.concurrent.DefaultPromise.tryFailure(DefaultPromise.java:118)
	at io.netty.channel.AbstractChannel$AbstractUnsafe.safeSetFailure(AbstractChannel.java:999)
	at io.netty.channel.AbstractChannel$AbstractUnsafe.write(AbstractChannel.java:860)
	at io.netty.channel.DefaultChannelPipeline$HeadContext.write(DefaultChannelPipeline.java:1367)
	at io.netty.channel.AbstractChannelHandlerContext.invokeWrite0(AbstractChannelHandlerContext.java:877)
	at io.netty.channel.AbstractChannelHandlerContext.invokeWriteAndFlush(AbstractChannelHandlerContext.java:940)
	at io.netty.channel.AbstractChannelHandlerContext$WriteTask.run(AbstractChannelHandlerContext.java:1247)
	at io.netty.util.concurrent.AbstractEventExecutor.runTask(AbstractEventExecutor.java:173)
	at io.netty.util.concurrent.AbstractEventExecutor.safeExecute(AbstractEventExecutor.java:166)
	at io.netty.util.concurrent.SingleThreadEventExecutor.runAllTasks(SingleThreadEventExecutor.java:470)
	at io.netty.channel.nio.NioEventLoop.run(NioEventLoop.java:569)
	at io.netty.util.concurrent.SingleThreadEventExecutor$4.run(SingleThreadEventExecutor.java:997)
	at io.netty.util.internal.ThreadExecutorMap$2.run(ThreadExecutorMap.java:74)
	at io.netty.util.concurrent.FastThreadLocalRunnable.run(FastThreadLocalRunnable.java:30)
	at java.lang.Thread.run(Thread.java:750)
Caused by: io.netty.channel.StacklessClosedChannelException: null
	at io.netty.channel.AbstractChannel$AbstractUnsafe.write(Object, ChannelPromise)(Unknown Source)
2025-10-21 15:28:04 [XNIO-1 task-7] INFO  c.r.f.i.PlusWebInvokeTimeInterceptor - [PLUS]结束请求 => URL[POST /logout],耗时:[9580]毫秒
2025-10-21 15:33:02 [XNIO-1 task-7] INFO  c.r.f.i.PlusWebInvokeTimeInterceptor - [PLUS]开始请求 => URL[GET /getInfo],无参数
2025-10-21 15:33:02 [XNIO-1 task-7] INFO  c.r.f.i.PlusWebInvokeTimeInterceptor - [PLUS]结束请求 => URL[GET /getInfo],耗时:[56]毫秒
2025-10-21 15:33:02 [XNIO-1 task-7] INFO  c.r.f.i.PlusWebInvokeTimeInterceptor - [PLUS]开始请求 => URL[GET /getRouters],无参数
2025-10-21 15:33:03 [XNIO-1 task-7] INFO  c.r.f.i.PlusWebInvokeTimeInterceptor - [PLUS]结束请求 => URL[GET /getRouters],耗时:[42]毫秒
2025-10-21 15:33:08 [XNIO-1 task-5] INFO  c.r.f.i.PlusWebInvokeTimeInterceptor - [PLUS]开始请求 => URL[GET /business/user/list],参数类型[param],参数:[{"pageSize":["10"],"pageNum":["1"]}]
2025-10-21 15:33:08 [XNIO-1 task-7] INFO  c.r.f.i.PlusWebInvokeTimeInterceptor - [PLUS]开始请求 => URL[GET /system/dict/data/type/biz_permission],无参数
2025-10-21 15:33:09 [XNIO-1 task-7] INFO  c.r.f.i.PlusWebInvokeTimeInterceptor - [PLUS]结束请求 => URL[GET /system/dict/data/type/biz_permission],耗时:[31]毫秒
2025-10-21 15:33:09 [XNIO-1 task-5] INFO  c.r.f.i.PlusWebInvokeTimeInterceptor - [PLUS]结束请求 => URL[GET /business/user/list],耗时:[90]毫秒
2025-10-21 15:33:10 [XNIO-1 task-7] INFO  c.r.f.i.PlusWebInvokeTimeInterceptor - [PLUS]开始请求 => URL[GET /business/product/queryProductList],无参数
2025-10-21 15:33:10 [XNIO-1 task-5] INFO  c.r.f.i.PlusWebInvokeTimeInterceptor - [PLUS]开始请求 => URL[GET /business/arbiterMap/list],参数类型[param],参数:[{"pageSize":["10"],"pageNum":["1"]}]
2025-10-21 15:33:10 [XNIO-1 task-7] INFO  c.r.f.i.PlusWebInvokeTimeInterceptor - [PLUS]结束请求 => URL[GET /business/product/queryProductList],耗时:[39]毫秒
2025-10-21 15:33:10 [XNIO-1 task-5] INFO  c.r.f.i.PlusWebInvokeTimeInterceptor - [PLUS]结束请求 => URL[GET /business/arbiterMap/list],耗时:[67]毫秒
2025-10-21 15:33:18 [XNIO-1 task-5] INFO  c.r.f.i.PlusWebInvokeTimeInterceptor - [PLUS]开始请求 => URL[GET /business/arbiterMap/1881000197320888322],无参数
2025-10-21 15:33:19 [XNIO-1 task-5] INFO  c.r.f.i.PlusWebInvokeTimeInterceptor - [PLUS]结束请求 => URL[GET /business/arbiterMap/1881000197320888322],耗时:[69]毫秒
2025-10-21 15:33:25 [XNIO-1 task-5] INFO  c.r.f.i.PlusWebInvokeTimeInterceptor - [PLUS]开始请求 => URL[GET /business/arbiterMap/undefined],无参数
2025-10-21 15:33:25 [XNIO-1 task-7] INFO  c.r.f.i.PlusWebInvokeTimeInterceptor - [PLUS]开始请求 => URL[GET /business/arbiterMapLegend/queryArbiterMapLegendList],无参数
2025-10-21 15:33:26 [XNIO-1 task-5] ERROR c.r.f.w.e.GlobalExceptionHandler - 请求参数类型不匹配'/business/arbiterMap/undefined',发生系统异常.
2025-10-21 15:33:26 [XNIO-1 task-7] ERROR c.r.f.w.e.GlobalExceptionHandler - 请求参数类型不匹配'/business/arbiterMapLegend/queryArbiterMapLegendList',发生系统异常.
2025-10-21 15:33:26 [XNIO-1 task-5] INFO  c.r.f.i.PlusWebInvokeTimeInterceptor - [PLUS]结束请求 => URL[GET /business/arbiterMap/undefined],耗时:[51]毫秒
2025-10-21 15:33:26 [XNIO-1 task-7] INFO  c.r.f.i.PlusWebInvokeTimeInterceptor - [PLUS]结束请求 => URL[GET /business/arbiterMapLegend/queryArbiterMapLegendList],耗时:[51]毫秒
2025-10-21 15:33:28 [XNIO-1 task-7] INFO  c.r.f.i.PlusWebInvokeTimeInterceptor - [PLUS]开始请求 => URL[GET /business/arbiterMapLegend/list],参数类型[param],参数:[{"pageSize":["10"],"pageNum":["1"]}]
2025-10-21 15:33:28 [XNIO-1 task-7] INFO  c.r.f.i.PlusWebInvokeTimeInterceptor - [PLUS]结束请求 => URL[GET /business/arbiterMapLegend/list],耗时:[73]毫秒
2025-10-21 15:38:18 [XNIO-1 task-7] INFO  c.r.f.i.PlusWebInvokeTimeInterceptor - [PLUS]开始请求 => URL[GET /tool/gen/list],参数类型[param],参数:[{"pageSize":["10"],"dataName":["master"],"pageNum":["1"]}]
2025-10-21 15:38:18 [XNIO-1 task-7] INFO  c.r.f.i.PlusWebInvokeTimeInterceptor - [PLUS]结束请求 => URL[GET /tool/gen/list],耗时:[101]毫秒
2025-10-21 15:38:38 [XNIO-1 task-7] INFO  c.r.f.i.PlusWebInvokeTimeInterceptor - [PLUS]开始请求 => URL[GET /monitor/cache],无参数
2025-10-21 15:38:39 [XNIO-1 task-7] INFO  c.r.f.i.PlusWebInvokeTimeInterceptor - [PLUS]结束请求 => URL[GET /monitor/cache],耗时:[268]毫秒
2025-10-21 15:38:56 [XNIO-1 task-7] INFO  c.r.f.i.PlusWebInvokeTimeInterceptor - [PLUS]开始请求 => URL[GET /monitor/cache/getNames],无参数
2025-10-21 15:38:56 [XNIO-1 task-7] INFO  c.r.f.i.PlusWebInvokeTimeInterceptor - [PLUS]结束请求 => URL[GET /monitor/cache/getNames],耗时:[53]毫秒
2025-10-21 15:38:58 [XNIO-1 task-7] INFO  c.r.f.i.PlusWebInvokeTimeInterceptor - [PLUS]开始请求 => URL[GET /monitor/cache/getKeys/online_tokens:],无参数
2025-10-21 15:38:58 [XNIO-1 task-7] INFO  c.r.f.i.PlusWebInvokeTimeInterceptor - [PLUS]结束请求 => URL[GET /monitor/cache/getKeys/online_tokens:],耗时:[67]毫秒
2025-10-21 15:38:59 [XNIO-1 task-7] INFO  c.r.f.i.PlusWebInvokeTimeInterceptor - [PLUS]开始请求 => URL[GET /monitor/cache/getKeys/sys_config],无参数
2025-10-21 15:38:59 [XNIO-1 task-7] INFO  c.r.f.i.PlusWebInvokeTimeInterceptor - [PLUS]结束请求 => URL[GET /monitor/cache/getKeys/sys_config],耗时:[85]毫秒
2025-10-21 15:39:01 [XNIO-1 task-7] INFO  c.r.f.i.PlusWebInvokeTimeInterceptor - [PLUS]开始请求 => URL[GET /monitor/cache/getKeys/sys_dict],无参数
2025-10-21 15:39:01 [XNIO-1 task-7] INFO  c.r.f.i.PlusWebInvokeTimeInterceptor - [PLUS]结束请求 => URL[GET /monitor/cache/getKeys/sys_dict],耗时:[114]毫秒
2025-10-21 15:39:02 [XNIO-1 task-7] INFO  c.r.f.i.PlusWebInvokeTimeInterceptor - [PLUS]开始请求 => URL[GET /monitor/cache/getKeys/captcha_codes:],无参数
2025-10-21 15:39:02 [XNIO-1 task-7] INFO  c.r.f.i.PlusWebInvokeTimeInterceptor - [PLUS]结束请求 => URL[GET /monitor/cache/getKeys/captcha_codes:],耗时:[51]毫秒
2025-10-21 15:39:03 [XNIO-1 task-7] INFO  c.r.f.i.PlusWebInvokeTimeInterceptor - [PLUS]开始请求 => URL[GET /monitor/cache/getKeys/repeat_submit:],无参数
2025-10-21 15:39:03 [XNIO-1 task-7] INFO  c.r.f.i.PlusWebInvokeTimeInterceptor - [PLUS]结束请求 => URL[GET /monitor/cache/getKeys/repeat_submit:],耗时:[68]毫秒
2025-10-21 15:39:04 [XNIO-1 task-7] INFO  c.r.f.i.PlusWebInvokeTimeInterceptor - [PLUS]开始请求 => URL[GET /monitor/cache/getKeys/rate_limit:],无参数
2025-10-21 15:39:04 [XNIO-1 task-7] INFO  c.r.f.i.PlusWebInvokeTimeInterceptor - [PLUS]结束请求 => URL[GET /monitor/cache/getKeys/rate_limit:],耗时:[102]毫秒
2025-10-21 15:39:04 [XNIO-1 task-7] INFO  c.r.f.i.PlusWebInvokeTimeInterceptor - [PLUS]开始请求 => URL[GET /monitor/cache/getKeys/sys_oss_config],无参数
2025-10-21 15:39:05 [XNIO-1 task-7] INFO  c.r.f.i.PlusWebInvokeTimeInterceptor - [PLUS]结束请求 => URL[GET /monitor/cache/getKeys/sys_oss_config],耗时:[71]毫秒
2025-10-21 15:39:06 [XNIO-1 task-7] INFO  c.r.f.i.PlusWebInvokeTimeInterceptor - [PLUS]开始请求 => URL[GET /monitor/cache/getKeys/pwd_err_cnt:],无参数
2025-10-21 15:39:06 [XNIO-1 task-7] INFO  c.r.f.i.PlusWebInvokeTimeInterceptor - [PLUS]结束请求 => URL[GET /monitor/cache/getKeys/pwd_err_cnt:],耗时:[57]毫秒
2025-10-21 15:39:09 [XNIO-1 task-7] INFO  c.r.f.i.PlusWebInvokeTimeInterceptor - [PLUS]开始请求 => URL[GET /monitor/cache/getKeys/sys_dict],无参数
2025-10-21 15:39:09 [XNIO-1 task-7] INFO  c.r.f.i.PlusWebInvokeTimeInterceptor - [PLUS]结束请求 => URL[GET /monitor/cache/getKeys/sys_dict],耗时:[94]毫秒
2025-10-21 15:39:14 [XNIO-1 task-7] INFO  c.r.f.i.PlusWebInvokeTimeInterceptor - [PLUS]开始请求 => URL[GET /monitor/online/list],无参数
2025-10-21 15:39:14 [XNIO-1 task-7] INFO  c.r.f.i.PlusWebInvokeTimeInterceptor - [PLUS]结束请求 => URL[GET /monitor/online/list],耗时:[79]毫秒
2025-10-21 15:39:17 [XNIO-1 task-5] INFO  c.r.f.i.PlusWebInvokeTimeInterceptor - [PLUS]开始请求 => URL[GET /system/role/list],参数类型[param],参数:[{"pageSize":["10"],"pageNum":["1"]}]
2025-10-21 15:39:17 [XNIO-1 task-7] INFO  c.r.f.i.PlusWebInvokeTimeInterceptor - [PLUS]开始请求 => URL[GET /system/dict/data/type/sys_normal_disable],无参数
2025-10-21 15:39:17 [XNIO-1 task-7] INFO  c.r.f.i.PlusWebInvokeTimeInterceptor - [PLUS]结束请求 => URL[GET /system/dict/data/type/sys_normal_disable],耗时:[29]毫秒
2025-10-21 15:39:17 [XNIO-1 task-5] INFO  c.r.f.i.PlusWebInvokeTimeInterceptor - [PLUS]结束请求 => URL[GET /system/role/list],耗时:[94]毫秒
2025-10-21 15:39:22 [XNIO-1 task-7] INFO  c.r.f.i.PlusWebInvokeTimeInterceptor - [PLUS]开始请求 => URL[GET /system/menu/list],无参数
2025-10-21 15:39:22 [XNIO-1 task-5] INFO  c.r.f.i.PlusWebInvokeTimeInterceptor - [PLUS]开始请求 => URL[GET /system/dict/data/type/sys_show_hide],无参数
2025-10-21 15:39:22 [XNIO-1 task-5] INFO  c.r.f.i.PlusWebInvokeTimeInterceptor - [PLUS]结束请求 => URL[GET /system/dict/data/type/sys_show_hide],耗时:[29]毫秒
2025-10-21 15:39:22 [XNIO-1 task-7] INFO  c.r.f.i.PlusWebInvokeTimeInterceptor - [PLUS]结束请求 => URL[GET /system/menu/list],耗时:[115]毫秒
2025-10-21 15:40:22 [XNIO-1 task-7] INFO  c.r.f.i.PlusWebInvokeTimeInterceptor - [PLUS]开始请求 => URL[DELETE /system/menu/114],无参数
2025-10-21 15:40:23 [XNIO-1 task-7] INFO  c.r.f.i.PlusWebInvokeTimeInterceptor - [PLUS]结束请求 => URL[DELETE /system/menu/114],耗时:[133]毫秒
2025-10-21 15:40:33 [XNIO-1 task-7] INFO  c.r.f.i.PlusWebInvokeTimeInterceptor - [PLUS]开始请求 => URL[DELETE /system/menu/117],无参数
2025-10-21 15:40:33 [XNIO-1 task-7] INFO  c.r.f.i.PlusWebInvokeTimeInterceptor - [PLUS]结束请求 => URL[DELETE /system/menu/117],耗时:[70]毫秒
2025-10-21 15:40:44 [XNIO-1 task-7] INFO  c.r.f.i.PlusWebInvokeTimeInterceptor - [PLUS]开始请求 => URL[DELETE /system/menu/115],无参数
2025-10-21 15:40:44 [XNIO-1 task-7] INFO  c.r.f.i.PlusWebInvokeTimeInterceptor - [PLUS]结束请求 => URL[DELETE /system/menu/115],耗时:[60]毫秒
2025-10-21 15:40:51 [XNIO-1 task-7] INFO  c.r.f.i.PlusWebInvokeTimeInterceptor - [PLUS]开始请求 => URL[GET /system/dept/list],无参数
2025-10-21 15:40:51 [XNIO-1 task-7] INFO  c.r.f.i.PlusWebInvokeTimeInterceptor - [PLUS]结束请求 => URL[GET /system/dept/list],耗时:[75]毫秒
2025-10-21 15:40:53 [XNIO-1 task-7] INFO  c.r.f.i.PlusWebInvokeTimeInterceptor - [PLUS]开始请求 => URL[GET /system/post/list],参数类型[param],参数:[{"pageSize":["10"],"pageNum":["1"]}]
2025-10-21 15:40:53 [XNIO-1 task-7] INFO  c.r.f.i.PlusWebInvokeTimeInterceptor - [PLUS]结束请求 => URL[GET /system/post/list],耗时:[96]毫秒
2025-10-21 15:40:55 [XNIO-1 task-7] INFO  c.r.f.i.PlusWebInvokeTimeInterceptor - [PLUS]开始请求 => URL[GET /system/dict/type/list],参数类型[param],参数:[{"pageSize":["10"],"pageNum":["1"]}]
2025-10-21 15:40:55 [XNIO-1 task-7] INFO  c.r.f.i.PlusWebInvokeTimeInterceptor - [PLUS]结束请求 => URL[GET /system/dict/type/list],耗时:[89]毫秒
2025-10-21 15:40:57 [XNIO-1 task-5] INFO  c.r.f.i.PlusWebInvokeTimeInterceptor - [PLUS]开始请求 => URL[GET /system/config/list],参数类型[param],参数:[{"pageSize":["10"],"pageNum":["1"]}]
2025-10-21 15:40:57 [XNIO-1 task-7] INFO  c.r.f.i.PlusWebInvokeTimeInterceptor - [PLUS]开始请求 => URL[GET /system/dict/data/type/sys_yes_no],无参数
2025-10-21 15:40:57 [XNIO-1 task-7] INFO  c.r.f.i.PlusWebInvokeTimeInterceptor - [PLUS]结束请求 => URL[GET /system/dict/data/type/sys_yes_no],耗时:[24]毫秒
2025-10-21 15:40:57 [XNIO-1 task-5] INFO  c.r.f.i.PlusWebInvokeTimeInterceptor - [PLUS]结束请求 => URL[GET /system/config/list],耗时:[81]毫秒
2025-10-21 15:40:58 [XNIO-1 task-6] INFO  c.r.f.i.PlusWebInvokeTimeInterceptor - [PLUS]开始请求 => URL[GET /system/notice/list],参数类型[param],参数:[{"pageSize":["10"],"pageNum":["1"]}]
2025-10-21 15:40:58 [XNIO-1 task-7] INFO  c.r.f.i.PlusWebInvokeTimeInterceptor - [PLUS]开始请求 => URL[GET /system/dict/data/type/sys_notice_type],无参数
2025-10-21 15:40:58 [XNIO-1 task-5] INFO  c.r.f.i.PlusWebInvokeTimeInterceptor - [PLUS]开始请求 => URL[GET /system/dict/data/type/sys_notice_status],无参数
2025-10-21 15:40:58 [XNIO-1 task-7] INFO  c.r.f.i.PlusWebInvokeTimeInterceptor - [PLUS]结束请求 => URL[GET /system/dict/data/type/sys_notice_type],耗时:[26]毫秒
2025-10-21 15:40:58 [XNIO-1 task-5] INFO  c.r.f.i.PlusWebInvokeTimeInterceptor - [PLUS]结束请求 => URL[GET /system/dict/data/type/sys_notice_status],耗时:[26]毫秒
2025-10-21 15:40:58 [XNIO-1 task-6] INFO  c.r.f.i.PlusWebInvokeTimeInterceptor - [PLUS]结束请求 => URL[GET /system/notice/list],耗时:[85]毫秒
2025-10-21 15:41:00 [XNIO-1 task-6] INFO  c.r.f.i.PlusWebInvokeTimeInterceptor - [PLUS]开始请求 => URL[GET /system/oss/list],参数类型[param],参数:[{"pageSize":["10"],"pageNum":["1"]}]
2025-10-21 15:41:00 [XNIO-1 task-7] INFO  c.r.f.i.PlusWebInvokeTimeInterceptor - [PLUS]开始请求 => URL[GET /system/config/configKey/sys.oss.previewListResource],无参数
2025-10-21 15:41:00 [XNIO-1 task-7] INFO  c.r.f.i.PlusWebInvokeTimeInterceptor - [PLUS]结束请求 => URL[GET /system/config/configKey/sys.oss.previewListResource],耗时:[26]毫秒
2025-10-21 15:41:00 [XNIO-1 task-6] INFO  com.ruoyi.oss.factory.OssFactory - 创建OSS实例 key => minio
2025-10-21 15:41:00 [XNIO-1 task-6] INFO  c.r.f.i.PlusWebInvokeTimeInterceptor - [PLUS]结束请求 => URL[GET /system/oss/list],耗时:[394]毫秒
2025-10-21 15:41:01 [XNIO-1 task-5] INFO  c.r.f.i.PlusWebInvokeTimeInterceptor - [PLUS]开始请求 => URL[GET /system/user/list],参数类型[param],参数:[{"pageSize":["10"],"pageNum":["1"]}]
2025-10-21 15:41:01 [XNIO-1 task-7] INFO  c.r.f.i.PlusWebInvokeTimeInterceptor - [PLUS]开始请求 => URL[GET /system/user/deptTree],无参数
2025-10-21 15:41:01 [XNIO-1 task-6] INFO  c.r.f.i.PlusWebInvokeTimeInterceptor - [PLUS]开始请求 => URL[GET /system/dict/data/type/sys_user_sex],无参数
2025-10-21 15:41:01 [XNIO-1 task-11] INFO  c.r.f.i.PlusWebInvokeTimeInterceptor - [PLUS]开始请求 => URL[GET /system/config/configKey/sys.user.initPassword],无参数
2025-10-21 15:41:01 [XNIO-1 task-11] INFO  c.r.f.i.PlusWebInvokeTimeInterceptor - [PLUS]结束请求 => URL[GET /system/config/configKey/sys.user.initPassword],耗时:[28]毫秒
2025-10-21 15:41:01 [XNIO-1 task-6] INFO  c.r.f.i.PlusWebInvokeTimeInterceptor - [PLUS]结束请求 => URL[GET /system/dict/data/type/sys_user_sex],耗时:[28]毫秒
2025-10-21 15:41:01 [XNIO-1 task-5] INFO  c.r.f.i.PlusWebInvokeTimeInterceptor - [PLUS]结束请求 => URL[GET /system/user/list],耗时:[81]毫秒
2025-10-21 15:41:01 [XNIO-1 task-7] INFO  c.r.f.i.PlusWebInvokeTimeInterceptor - [PLUS]结束请求 => URL[GET /system/user/deptTree],耗时:[84]毫秒
2025-10-21 15:41:03 [XNIO-1 task-7] INFO  c.r.f.i.PlusWebInvokeTimeInterceptor - [PLUS]开始请求 => URL[GET /system/role/list],参数类型[param],参数:[{"pageSize":["10"],"pageNum":["1"]}]
2025-10-21 15:41:03 [XNIO-1 task-7] INFO  c.r.f.i.PlusWebInvokeTimeInterceptor - [PLUS]结束请求 => URL[GET /system/role/list],耗时:[88]毫秒
2025-10-21 15:45:38 [XNIO-1 task-7] INFO  c.r.f.i.PlusWebInvokeTimeInterceptor - [PLUS]开始请求 => URL[GET /system/notice/list],参数类型[param],参数:[{"pageSize":["10"],"pageNum":["1"]}]
2025-10-21 15:45:38 [XNIO-1 task-7] INFO  c.r.f.i.PlusWebInvokeTimeInterceptor - [PLUS]结束请求 => URL[GET /system/notice/list],耗时:[80]毫秒
2025-10-21 15:45:40 [XNIO-1 task-7] INFO  c.r.f.i.PlusWebInvokeTimeInterceptor - [PLUS]开始请求 => URL[GET /system/config/list],参数类型[param],参数:[{"pageSize":["10"],"pageNum":["1"]}]
2025-10-21 15:45:40 [XNIO-1 task-7] INFO  c.r.f.i.PlusWebInvokeTimeInterceptor - [PLUS]结束请求 => URL[GET /system/config/list],耗时:[67]毫秒
2025-10-21 15:45:44 [XNIO-1 task-7] INFO  c.r.f.i.PlusWebInvokeTimeInterceptor - [PLUS]开始请求 => URL[GET /system/dict/type/list],参数类型[param],参数:[{"pageSize":["10"],"pageNum":["1"]}]
2025-10-21 15:45:44 [XNIO-1 task-7] INFO  c.r.f.i.PlusWebInvokeTimeInterceptor - [PLUS]结束请求 => URL[GET /system/dict/type/list],耗时:[68]毫秒
2025-10-21 15:45:46 [XNIO-1 task-7] INFO  c.r.f.i.PlusWebInvokeTimeInterceptor - [PLUS]开始请求 => URL[GET /system/dept/list],无参数
2025-10-21 15:45:46 [XNIO-1 task-7] INFO  c.r.f.i.PlusWebInvokeTimeInterceptor - [PLUS]结束请求 => URL[GET /system/dept/list],耗时:[62]毫秒
2025-10-21 15:45:47 [XNIO-1 task-7] INFO  c.r.f.i.PlusWebInvokeTimeInterceptor - [PLUS]开始请求 => URL[GET /system/menu/list],无参数
2025-10-21 15:45:47 [XNIO-1 task-7] INFO  c.r.f.i.PlusWebInvokeTimeInterceptor - [PLUS]结束请求 => URL[GET /system/menu/list],耗时:[71]毫秒
2025-10-21 15:45:50 [XNIO-1 task-7] INFO  c.r.f.i.PlusWebInvokeTimeInterceptor - [PLUS]开始请求 => URL[GET /system/menu/list],无参数
2025-10-21 15:45:50 [XNIO-1 task-5] INFO  c.r.f.i.PlusWebInvokeTimeInterceptor - [PLUS]开始请求 => URL[GET /system/menu/1759475177796603906],无参数
2025-10-21 15:45:50 [XNIO-1 task-7] INFO  c.r.f.i.PlusWebInvokeTimeInterceptor - [PLUS]结束请求 => URL[GET /system/menu/list],耗时:[82]毫秒
2025-10-21 15:45:50 [XNIO-1 task-5] INFO  c.r.f.i.PlusWebInvokeTimeInterceptor - [PLUS]结束请求 => URL[GET /system/menu/1759475177796603906],耗时:[117]毫秒
2025-10-21 15:45:55 [XNIO-1 task-5] INFO  c.r.f.i.PlusWebInvokeTimeInterceptor - [PLUS]开始请求 => URL[GET /system/menu/list],无参数
2025-10-21 15:45:55 [XNIO-1 task-7] INFO  c.r.f.i.PlusWebInvokeTimeInterceptor - [PLUS]开始请求 => URL[GET /system/menu/1759503589500243970],无参数
2025-10-21 15:45:55 [XNIO-1 task-7] INFO  c.r.f.i.PlusWebInvokeTimeInterceptor - [PLUS]结束请求 => URL[GET /system/menu/1759503589500243970],耗时:[72]毫秒
2025-10-21 15:45:55 [XNIO-1 task-5] INFO  c.r.f.i.PlusWebInvokeTimeInterceptor - [PLUS]结束请求 => URL[GET /system/menu/list],耗时:[88]毫秒
2025-10-21 15:46:05 [XNIO-1 task-5] INFO  c.r.f.i.PlusWebInvokeTimeInterceptor - [PLUS]开始请求 => URL[PUT /system/menu],参数类型[json],参数:[{"createBy":"admin","createTime":"2024-02-19 17:05:43","updateBy":"admin","updateTime":"2024-02-19 17:23:17","parentName":null,"parentId":"1759475177796603906","children":[],"menuId":"1759503589500243970","menuName":"用户管理","orderNum":0,"path":"user","component":"business/user/index","queryParam":null,"isFrame":"1","isCache":"0","menuType":"C","visible":"0","status":"1","perms":"business:user:list","icon":"people","remark":"用户管理菜单"}]
2025-10-21 15:46:05 [XNIO-1 task-5] INFO  c.r.f.i.PlusWebInvokeTimeInterceptor - [PLUS]结束请求 => URL[PUT /system/menu],耗时:[110]毫秒
2025-10-21 15:46:05 [XNIO-1 task-5] INFO  c.r.f.i.PlusWebInvokeTimeInterceptor - [PLUS]开始请求 => URL[GET /system/menu/list],无参数
2025-10-21 15:46:05 [XNIO-1 task-5] INFO  c.r.f.i.PlusWebInvokeTimeInterceptor - [PLUS]结束请求 => URL[GET /system/menu/list],耗时:[65]毫秒
2025-10-21 15:46:08 [XNIO-1 task-5] INFO  c.r.f.i.PlusWebInvokeTimeInterceptor - [PLUS]开始请求 => URL[GET /system/menu/list],无参数
2025-10-21 15:46:08 [XNIO-1 task-5] INFO  c.r.f.i.PlusWebInvokeTimeInterceptor - [PLUS]结束请求 => URL[GET /system/menu/list],耗时:[75]毫秒
2025-10-21 15:46:11 [XNIO-1 task-7] INFO  c.r.f.i.PlusWebInvokeTimeInterceptor - [PLUS]开始请求 => URL[GET /system/menu/list],无参数
2025-10-21 15:46:11 [XNIO-1 task-5] INFO  c.r.f.i.PlusWebInvokeTimeInterceptor - [PLUS]开始请求 => URL[GET /system/menu/1759503589500243970],无参数
2025-10-21 15:46:11 [XNIO-1 task-5] INFO  c.r.f.i.PlusWebInvokeTimeInterceptor - [PLUS]结束请求 => URL[GET /system/menu/1759503589500243970],耗时:[58]毫秒
2025-10-21 15:46:11 [XNIO-1 task-7] INFO  c.r.f.i.PlusWebInvokeTimeInterceptor - [PLUS]结束请求 => URL[GET /system/menu/list],耗时:[75]毫秒
2025-10-21 15:46:14 [XNIO-1 task-7] INFO  c.r.f.i.PlusWebInvokeTimeInterceptor - [PLUS]开始请求 => URL[PUT /system/menu],参数类型[json],参数:[{"createBy":"admin","createTime":"2024-02-19 17:05:43","updateBy":"admin","updateTime":"2025-10-21 15:46:05","parentName":null,"parentId":"1759475177796603906","children":[],"menuId":"1759503589500243970","menuName":"用户管理","orderNum":0,"path":"user","component":"business/user/index","queryParam":null,"isFrame":"1","isCache":"0","menuType":"C","visible":"0","status":"0","perms":"business:user:list","icon":"people","remark":"用户管理菜单"}]
2025-10-21 15:46:14 [XNIO-1 task-7] INFO  c.r.f.i.PlusWebInvokeTimeInterceptor - [PLUS]结束请求 => URL[PUT /system/menu],耗时:[74]毫秒
2025-10-21 15:46:14 [XNIO-1 task-7] INFO  c.r.f.i.PlusWebInvokeTimeInterceptor - [PLUS]开始请求 => URL[GET /system/menu/list],无参数
2025-10-21 15:46:14 [XNIO-1 task-7] INFO  c.r.f.i.PlusWebInvokeTimeInterceptor - [PLUS]结束请求 => URL[GET /system/menu/list],耗时:[68]毫秒
2025-10-21 15:46:22 [XNIO-1 task-5] INFO  c.r.f.i.PlusWebInvokeTimeInterceptor - [PLUS]开始请求 => URL[GET /system/menu/list],无参数
2025-10-21 15:46:22 [XNIO-1 task-7] INFO  c.r.f.i.PlusWebInvokeTimeInterceptor - [PLUS]开始请求 => URL[GET /system/menu/117],无参数
2025-10-21 15:46:22 [XNIO-1 task-7] INFO  c.r.f.i.PlusWebInvokeTimeInterceptor - [PLUS]结束请求 => URL[GET /system/menu/117],耗时:[63]毫秒
2025-10-21 15:46:22 [XNIO-1 task-5] INFO  c.r.f.i.PlusWebInvokeTimeInterceptor - [PLUS]结束请求 => URL[GET /system/menu/list],耗时:[81]毫秒
2025-10-21 15:46:25 [XNIO-1 task-5] INFO  c.r.f.i.PlusWebInvokeTimeInterceptor - [PLUS]开始请求 => URL[PUT /system/menu],参数类型[json],参数:[{"createBy":"admin","createTime":"2024-02-19 14:34:50","updateBy":"","updateTime":null,"parentName":null,"parentId":2,"children":[],"menuId":117,"menuName":"Admin监控","orderNum":5,"path":"Admin","component":"monitor/admin/index","queryParam":"","isFrame":"1","isCache":"0","menuType":"C","visible":"0","status":"1","perms":"monitor:admin:list","icon":"dashboard","remark":"Admin监控菜单"}]
2025-10-21 15:46:25 [XNIO-1 task-5] INFO  c.r.f.i.PlusWebInvokeTimeInterceptor - [PLUS]结束请求 => URL[PUT /system/menu],耗时:[116]毫秒
2025-10-21 15:46:25 [XNIO-1 task-5] INFO  c.r.f.i.PlusWebInvokeTimeInterceptor - [PLUS]开始请求 => URL[GET /system/menu/list],无参数
2025-10-21 15:46:25 [XNIO-1 task-5] INFO  c.r.f.i.PlusWebInvokeTimeInterceptor - [PLUS]结束请求 => URL[GET /system/menu/list],耗时:[59]毫秒
2025-10-21 15:46:28 [XNIO-1 task-5] INFO  c.r.f.i.PlusWebInvokeTimeInterceptor - [PLUS]开始请求 => URL[DELETE /system/menu/117],无参数
2025-10-21 15:46:28 [XNIO-1 task-5] INFO  c.r.f.i.PlusWebInvokeTimeInterceptor - [PLUS]结束请求 => URL[DELETE /system/menu/117],耗时:[67]毫秒
2025-10-21 15:46:55 [XNIO-1 task-5] INFO  c.r.f.i.PlusWebInvokeTimeInterceptor - [PLUS]开始请求 => URL[GET /system/role/list],参数类型[param],参数:[{"pageSize":["10"],"pageNum":["1"]}]
2025-10-21 15:46:56 [XNIO-1 task-5] INFO  c.r.f.i.PlusWebInvokeTimeInterceptor - [PLUS]结束请求 => URL[GET /system/role/list],耗时:[74]毫秒
2025-10-21 15:46:58 [XNIO-1 task-7] INFO  c.r.f.i.PlusWebInvokeTimeInterceptor - [PLUS]开始请求 => URL[GET /system/role/1818642307856588801],无参数
2025-10-21 15:46:58 [XNIO-1 task-5] INFO  c.r.f.i.PlusWebInvokeTimeInterceptor - [PLUS]开始请求 => URL[GET /system/menu/roleMenuTreeselect/1818642307856588801],无参数
2025-10-21 15:46:58 [XNIO-1 task-7] INFO  c.r.f.i.PlusWebInvokeTimeInterceptor - [PLUS]结束请求 => URL[GET /system/role/1818642307856588801],耗时:[62]毫秒
2025-10-21 15:46:58 [XNIO-1 task-5] INFO  c.r.f.i.PlusWebInvokeTimeInterceptor - [PLUS]结束请求 => URL[GET /system/menu/roleMenuTreeselect/1818642307856588801],耗时:[63]毫秒
2025-10-21 15:47:17 [XNIO-1 task-5] INFO  c.r.f.i.PlusWebInvokeTimeInterceptor - [PLUS]开始请求 => URL[PUT /system/role],参数类型[json],参数:[{"createBy":"admin","createTime":"2024-07-31 21:38:10","updateBy":"admin","updateTime":"2024-07-31 21:38:10","roleId":"1818642307856588801","roleName":"测试角色","roleKey":"12","roleSort":1,"dataScope":"1","menuCheckStrictly":true,"deptCheckStrictly":true,"status":"0","delFlag":"0","remark":null,"flag":false,"menuIds":[],"deptIds":null,"admin":false}]
2025-10-21 15:47:17 [XNIO-1 task-5] INFO  c.r.f.i.PlusWebInvokeTimeInterceptor - [PLUS]结束请求 => URL[PUT /system/role],耗时:[155]毫秒
2025-10-21 15:47:17 [XNIO-1 task-5] INFO  c.r.f.i.PlusWebInvokeTimeInterceptor - [PLUS]开始请求 => URL[GET /system/role/list],参数类型[param],参数:[{"pageSize":["10"],"pageNum":["1"]}]
2025-10-21 15:47:17 [XNIO-1 task-5] INFO  c.r.f.i.PlusWebInvokeTimeInterceptor - [PLUS]结束请求 => URL[GET /system/role/list],耗时:[71]毫秒
2025-10-21 15:47:22 [XNIO-1 task-5] INFO  c.r.f.i.PlusWebInvokeTimeInterceptor - [PLUS]开始请求 => URL[GET /system/oss/list],参数类型[param],参数:[{"pageSize":["10"],"pageNum":["1"]}]
2025-10-21 15:47:22 [XNIO-1 task-7] INFO  c.r.f.i.PlusWebInvokeTimeInterceptor - [PLUS]开始请求 => URL[GET /system/config/configKey/sys.oss.previewListResource],无参数
2025-10-21 15:47:22 [XNIO-1 task-7] INFO  c.r.f.i.PlusWebInvokeTimeInterceptor - [PLUS]结束请求 => URL[GET /system/config/configKey/sys.oss.previewListResource],耗时:[26]毫秒
2025-10-21 15:47:23 [XNIO-1 task-5] INFO  c.r.f.i.PlusWebInvokeTimeInterceptor - [PLUS]结束请求 => URL[GET /system/oss/list],耗时:[104]毫秒
2025-10-21 15:47:24 [XNIO-1 task-11] INFO  c.r.f.i.PlusWebInvokeTimeInterceptor - [PLUS]开始请求 => URL[GET /monitor/operlog/list],参数类型[param],参数:[{"pageSize":["10"],"pageNum":["1"]}]
2025-10-21 15:47:24 [XNIO-1 task-5] INFO  c.r.f.i.PlusWebInvokeTimeInterceptor - [PLUS]开始请求 => URL[GET /system/dict/data/type/sys_common_status],无参数
2025-10-21 15:47:24 [XNIO-1 task-7] INFO  c.r.f.i.PlusWebInvokeTimeInterceptor - [PLUS]开始请求 => URL[GET /system/dict/data/type/sys_oper_type],无参数
2025-10-21 15:47:24 [XNIO-1 task-5] INFO  c.r.f.i.PlusWebInvokeTimeInterceptor - [PLUS]结束请求 => URL[GET /system/dict/data/type/sys_common_status],耗时:[26]毫秒
2025-10-21 15:47:24 [XNIO-1 task-7] INFO  c.r.f.i.PlusWebInvokeTimeInterceptor - [PLUS]结束请求 => URL[GET /system/dict/data/type/sys_oper_type],耗时:[26]毫秒
2025-10-21 15:47:24 [XNIO-1 task-11] INFO  c.r.f.i.PlusWebInvokeTimeInterceptor - [PLUS]结束请求 => URL[GET /monitor/operlog/list],耗时:[92]毫秒
2025-10-21 15:47:39 [XNIO-1 task-11] INFO  c.r.f.i.PlusWebInvokeTimeInterceptor - [PLUS]开始请求 => URL[DELETE /system/menu/117],无参数
2025-10-21 15:47:39 [XNIO-1 task-11] INFO  c.r.f.i.PlusWebInvokeTimeInterceptor - [PLUS]结束请求 => URL[DELETE /system/menu/117],耗时:[74]毫秒
2025-10-21 15:47:39 [XNIO-1 task-11] INFO  c.r.f.i.PlusWebInvokeTimeInterceptor - [PLUS]开始请求 => URL[GET /system/menu/list],无参数
2025-10-21 15:47:39 [XNIO-1 task-11] INFO  c.r.f.i.PlusWebInvokeTimeInterceptor - [PLUS]结束请求 => URL[GET /system/menu/list],耗时:[76]毫秒
2025-10-21 15:47:47 [XNIO-1 task-11] INFO  c.r.f.i.PlusWebInvokeTimeInterceptor - [PLUS]开始请求 => URL[DELETE /system/menu/120],无参数
2025-10-21 15:47:47 [XNIO-1 task-11] INFO  c.r.f.i.PlusWebInvokeTimeInterceptor - [PLUS]结束请求 => URL[DELETE /system/menu/120],耗时:[70]毫秒
2025-10-21 15:47:47 [XNIO-1 task-11] INFO  c.r.f.i.PlusWebInvokeTimeInterceptor - [PLUS]开始请求 => URL[GET /system/menu/list],无参数
2025-10-21 15:47:47 [XNIO-1 task-11] INFO  c.r.f.i.PlusWebInvokeTimeInterceptor - [PLUS]结束请求 => URL[GET /system/menu/list],耗时:[63]毫秒
2025-10-21 15:47:57 [XNIO-1 task-11] INFO  c.r.f.i.PlusWebInvokeTimeInterceptor - [PLUS]开始请求 => URL[GET /getInfo],无参数
2025-10-21 15:47:57 [XNIO-1 task-11] INFO  c.r.f.i.PlusWebInvokeTimeInterceptor - [PLUS]结束请求 => URL[GET /getInfo],耗时:[66]毫秒
2025-10-21 15:47:57 [XNIO-1 task-11] INFO  c.r.f.i.PlusWebInvokeTimeInterceptor - [PLUS]开始请求 => URL[GET /getRouters],无参数
2025-10-21 15:47:57 [XNIO-1 task-11] INFO  c.r.f.i.PlusWebInvokeTimeInterceptor - [PLUS]结束请求 => URL[GET /getRouters],耗时:[33]毫秒
2025-10-21 15:47:57 [XNIO-1 task-5] INFO  c.r.f.i.PlusWebInvokeTimeInterceptor - [PLUS]开始请求 => URL[GET /system/menu/list],无参数
2025-10-21 15:47:57 [XNIO-1 task-11] INFO  c.r.f.i.PlusWebInvokeTimeInterceptor - [PLUS]开始请求 => URL[GET /system/dict/data/type/sys_normal_disable],无参数
2025-10-21 15:47:57 [XNIO-1 task-7] INFO  c.r.f.i.PlusWebInvokeTimeInterceptor - [PLUS]开始请求 => URL[GET /system/dict/data/type/sys_show_hide],无参数
2025-10-21 15:47:58 [XNIO-1 task-11] INFO  c.r.f.i.PlusWebInvokeTimeInterceptor - [PLUS]结束请求 => URL[GET /system/dict/data/type/sys_normal_disable],耗时:[25]毫秒
2025-10-21 15:47:58 [XNIO-1 task-7] INFO  c.r.f.i.PlusWebInvokeTimeInterceptor - [PLUS]结束请求 => URL[GET /system/dict/data/type/sys_show_hide],耗时:[24]毫秒
2025-10-21 15:47:58 [XNIO-1 task-5] INFO  c.r.f.i.PlusWebInvokeTimeInterceptor - [PLUS]结束请求 => URL[GET /system/menu/list],耗时:[83]毫秒
2025-10-21 15:48:02 [XNIO-1 task-11] INFO  c.r.f.i.PlusWebInvokeTimeInterceptor - [PLUS]开始请求 => URL[GET /system/oss/list],参数类型[param],参数:[{"pageSize":["10"],"pageNum":["1"]}]
2025-10-21 15:48:02 [XNIO-1 task-5] INFO  c.r.f.i.PlusWebInvokeTimeInterceptor - [PLUS]开始请求 => URL[GET /system/config/configKey/sys.oss.previewListResource],无参数
2025-10-21 15:48:02 [XNIO-1 task-5] INFO  c.r.f.i.PlusWebInvokeTimeInterceptor - [PLUS]结束请求 => URL[GET /system/config/configKey/sys.oss.previewListResource],耗时:[22]毫秒
2025-10-21 15:48:02 [XNIO-1 task-11] INFO  c.r.f.i.PlusWebInvokeTimeInterceptor - [PLUS]结束请求 => URL[GET /system/oss/list],耗时:[104]毫秒
2025-10-21 15:48:05 [XNIO-1 task-7] INFO  c.r.f.i.PlusWebInvokeTimeInterceptor - [PLUS]开始请求 => URL[GET /monitor/operlog/list],参数类型[param],参数:[{"pageSize":["10"],"pageNum":["1"]}]
2025-10-21 15:48:05 [XNIO-1 task-11] INFO  c.r.f.i.PlusWebInvokeTimeInterceptor - [PLUS]开始请求 => URL[GET /system/dict/data/type/sys_common_status],无参数
2025-10-21 15:48:05 [XNIO-1 task-5] INFO  c.r.f.i.PlusWebInvokeTimeInterceptor - [PLUS]开始请求 => URL[GET /system/dict/data/type/sys_oper_type],无参数
2025-10-21 15:48:05 [XNIO-1 task-5] INFO  c.r.f.i.PlusWebInvokeTimeInterceptor - [PLUS]结束请求 => URL[GET /system/dict/data/type/sys_oper_type],耗时:[25]毫秒
2025-10-21 15:48:05 [XNIO-1 task-11] INFO  c.r.f.i.PlusWebInvokeTimeInterceptor - [PLUS]结束请求 => URL[GET /system/dict/data/type/sys_common_status],耗时:[25]毫秒
2025-10-21 15:48:05 [XNIO-1 task-7] INFO  c.r.f.i.PlusWebInvokeTimeInterceptor - [PLUS]结束请求 => URL[GET /monitor/operlog/list],耗时:[74]毫秒
2025-10-21 15:48:10 [XNIO-1 task-7] INFO  c.r.f.i.PlusWebInvokeTimeInterceptor - [PLUS]开始请求 => URL[GET /monitor/logininfor/list],参数类型[param],参数:[{"pageSize":["10"],"pageNum":["1"]}]
2025-10-21 15:48:10 [XNIO-1 task-7] INFO  c.r.f.i.PlusWebInvokeTimeInterceptor - [PLUS]结束请求 => URL[GET /monitor/logininfor/list],耗时:[85]毫秒
2025-10-21 15:48:13 [XNIO-1 task-7] INFO  c.r.f.i.PlusWebInvokeTimeInterceptor - [PLUS]开始请求 => URL[GET /system/config/list],参数类型[param],参数:[{"pageSize":["10"],"pageNum":["1"]}]
2025-10-21 15:48:13 [XNIO-1 task-5] INFO  c.r.f.i.PlusWebInvokeTimeInterceptor - [PLUS]开始请求 => URL[GET /system/dict/data/type/sys_yes_no],无参数
2025-10-21 15:48:13 [XNIO-1 task-5] INFO  c.r.f.i.PlusWebInvokeTimeInterceptor - [PLUS]结束请求 => URL[GET /system/dict/data/type/sys_yes_no],耗时:[23]毫秒
2025-10-21 15:48:13 [XNIO-1 task-7] INFO  c.r.f.i.PlusWebInvokeTimeInterceptor - [PLUS]结束请求 => URL[GET /system/config/list],耗时:[67]毫秒
2025-10-21 15:48:16 [XNIO-1 task-5] INFO  c.r.f.i.PlusWebInvokeTimeInterceptor - [PLUS]开始请求 => URL[GET /system/notice/list],参数类型[param],参数:[{"pageSize":["10"],"pageNum":["1"]}]
2025-10-21 15:48:16 [XNIO-1 task-11] INFO  c.r.f.i.PlusWebInvokeTimeInterceptor - [PLUS]开始请求 => URL[GET /system/dict/data/type/sys_notice_type],无参数
2025-10-21 15:48:16 [XNIO-1 task-7] INFO  c.r.f.i.PlusWebInvokeTimeInterceptor - [PLUS]开始请求 => URL[GET /system/dict/data/type/sys_notice_status],无参数
2025-10-21 15:48:16 [XNIO-1 task-7] INFO  c.r.f.i.PlusWebInvokeTimeInterceptor - [PLUS]结束请求 => URL[GET /system/dict/data/type/sys_notice_status],耗时:[22]毫秒
2025-10-21 15:48:16 [XNIO-1 task-11] INFO  c.r.f.i.PlusWebInvokeTimeInterceptor - [PLUS]结束请求 => URL[GET /system/dict/data/type/sys_notice_type],耗时:[22]毫秒
2025-10-21 15:48:16 [XNIO-1 task-5] INFO  c.r.f.i.PlusWebInvokeTimeInterceptor - [PLUS]结束请求 => URL[GET /system/notice/list],耗时:[63]毫秒
2025-10-21 15:48:17 [XNIO-1 task-5] INFO  c.r.f.i.PlusWebInvokeTimeInterceptor - [PLUS]开始请求 => URL[GET /system/post/list],参数类型[param],参数:[{"pageSize":["10"],"pageNum":["1"]}]
2025-10-21 15:48:17 [XNIO-1 task-5] INFO  c.r.f.i.PlusWebInvokeTimeInterceptor - [PLUS]结束请求 => URL[GET /system/post/list],耗时:[56]毫秒
2025-10-21 15:48:18 [XNIO-1 task-5] INFO  c.r.f.i.PlusWebInvokeTimeInterceptor - [PLUS]开始请求 => URL[GET /system/dict/type/list],参数类型[param],参数:[{"pageSize":["10"],"pageNum":["1"]}]
2025-10-21 15:48:18 [XNIO-1 task-5] INFO  c.r.f.i.PlusWebInvokeTimeInterceptor - [PLUS]结束请求 => URL[GET /system/dict/type/list],耗时:[143]毫秒
2025-10-21 15:48:49 [XNIO-1 task-5] INFO  c.r.f.i.PlusWebInvokeTimeInterceptor - [PLUS]开始请求 => URL[DELETE /system/menu/103],无参数
2025-10-21 15:48:49 [XNIO-1 task-5] INFO  c.r.f.i.PlusWebInvokeTimeInterceptor - [PLUS]结束请求 => URL[DELETE /system/menu/103],耗时:[58]毫秒
2025-10-21 15:48:58 [XNIO-1 task-5] INFO  c.r.f.i.PlusWebInvokeTimeInterceptor - [PLUS]开始请求 => URL[DELETE /system/menu/1017],无参数
2025-10-21 15:48:58 [XNIO-1 task-5] INFO  c.r.f.i.PlusWebInvokeTimeInterceptor - [PLUS]结束请求 => URL[DELETE /system/menu/1017],耗时:[64]毫秒
2025-10-21 15:48:58 [XNIO-1 task-5] INFO  c.r.f.i.PlusWebInvokeTimeInterceptor - [PLUS]开始请求 => URL[GET /system/menu/list],无参数
2025-10-21 15:48:58 [XNIO-1 task-5] INFO  c.r.f.i.PlusWebInvokeTimeInterceptor - [PLUS]结束请求 => URL[GET /system/menu/list],耗时:[68]毫秒
2025-10-21 15:49:01 [XNIO-1 task-5] INFO  c.r.f.i.PlusWebInvokeTimeInterceptor - [PLUS]开始请求 => URL[DELETE /system/menu/1018],无参数
2025-10-21 15:49:01 [XNIO-1 task-5] INFO  c.r.f.i.PlusWebInvokeTimeInterceptor - [PLUS]结束请求 => URL[DELETE /system/menu/1018],耗时:[68]毫秒
2025-10-21 15:49:01 [XNIO-1 task-5] INFO  c.r.f.i.PlusWebInvokeTimeInterceptor - [PLUS]开始请求 => URL[GET /system/menu/list],无参数
2025-10-21 15:49:01 [XNIO-1 task-5] INFO  c.r.f.i.PlusWebInvokeTimeInterceptor - [PLUS]结束请求 => URL[GET /system/menu/list],耗时:[64]毫秒
2025-10-21 15:49:03 [XNIO-1 task-5] INFO  c.r.f.i.PlusWebInvokeTimeInterceptor - [PLUS]开始请求 => URL[DELETE /system/menu/1019],无参数
2025-10-21 15:49:03 [XNIO-1 task-5] INFO  c.r.f.i.PlusWebInvokeTimeInterceptor - [PLUS]结束请求 => URL[DELETE /system/menu/1019],耗时:[70]毫秒
2025-10-21 15:49:03 [XNIO-1 task-5] INFO  c.r.f.i.PlusWebInvokeTimeInterceptor - [PLUS]开始请求 => URL[GET /system/menu/list],无参数
2025-10-21 15:49:03 [XNIO-1 task-5] INFO  c.r.f.i.PlusWebInvokeTimeInterceptor - [PLUS]结束请求 => URL[GET /system/menu/list],耗时:[67]毫秒
2025-10-21 15:49:03 [XNIO-1 task-5] INFO  c.r.f.i.PlusWebInvokeTimeInterceptor - [PLUS]开始请求 => URL[DELETE /system/menu/1020],无参数
2025-10-21 15:49:03 [XNIO-1 task-5] INFO  c.r.f.i.PlusWebInvokeTimeInterceptor - [PLUS]结束请求 => URL[DELETE /system/menu/1020],耗时:[112]毫秒
2025-10-21 15:49:04 [XNIO-1 task-5] INFO  c.r.f.i.PlusWebInvokeTimeInterceptor - [PLUS]开始请求 => URL[GET /system/menu/list],无参数
2025-10-21 15:49:04 [XNIO-1 task-5] INFO  c.r.f.i.PlusWebInvokeTimeInterceptor - [PLUS]结束请求 => URL[GET /system/menu/list],耗时:[109]毫秒
2025-10-21 15:49:05 [XNIO-1 task-5] INFO  c.r.f.i.PlusWebInvokeTimeInterceptor - [PLUS]开始请求 => URL[DELETE /system/menu/103],无参数
2025-10-21 15:49:05 [XNIO-1 task-5] INFO  c.r.f.i.PlusWebInvokeTimeInterceptor - [PLUS]结束请求 => URL[DELETE /system/menu/103],耗时:[72]毫秒
2025-10-21 15:49:05 [XNIO-1 task-5] INFO  c.r.f.i.PlusWebInvokeTimeInterceptor - [PLUS]开始请求 => URL[GET /system/menu/list],无参数
2025-10-21 15:49:05 [XNIO-1 task-5] INFO  c.r.f.i.PlusWebInvokeTimeInterceptor - [PLUS]结束请求 => URL[GET /system/menu/list],耗时:[65]毫秒
2025-10-21 15:49:09 [XNIO-1 task-5] INFO  c.r.f.i.PlusWebInvokeTimeInterceptor - [PLUS]开始请求 => URL[DELETE /system/menu/1022],无参数
2025-10-21 15:49:09 [XNIO-1 task-5] INFO  c.r.f.i.PlusWebInvokeTimeInterceptor - [PLUS]结束请求 => URL[DELETE /system/menu/1022],耗时:[80]毫秒
2025-10-21 15:49:09 [XNIO-1 task-5] INFO  c.r.f.i.PlusWebInvokeTimeInterceptor - [PLUS]开始请求 => URL[GET /system/menu/list],无参数
2025-10-21 15:49:10 [XNIO-1 task-5] INFO  c.r.f.i.PlusWebInvokeTimeInterceptor - [PLUS]结束请求 => URL[GET /system/menu/list],耗时:[72]毫秒
2025-10-21 15:49:11 [XNIO-1 task-5] INFO  c.r.f.i.PlusWebInvokeTimeInterceptor - [PLUS]开始请求 => URL[DELETE /system/menu/1023],无参数
2025-10-21 15:49:11 [XNIO-1 task-5] INFO  c.r.f.i.PlusWebInvokeTimeInterceptor - [PLUS]结束请求 => URL[DELETE /system/menu/1023],耗时:[74]毫秒
2025-10-21 15:49:11 [XNIO-1 task-5] INFO  c.r.f.i.PlusWebInvokeTimeInterceptor - [PLUS]开始请求 => URL[GET /system/menu/list],无参数
2025-10-21 15:49:11 [XNIO-1 task-5] INFO  c.r.f.i.PlusWebInvokeTimeInterceptor - [PLUS]结束请求 => URL[GET /system/menu/list],耗时:[67]毫秒
2025-10-21 15:49:12 [XNIO-1 task-5] INFO  c.r.f.i.PlusWebInvokeTimeInterceptor - [PLUS]开始请求 => URL[DELETE /system/menu/1024],无参数
2025-10-21 15:49:12 [XNIO-1 task-5] INFO  c.r.f.i.PlusWebInvokeTimeInterceptor - [PLUS]结束请求 => URL[DELETE /system/menu/1024],耗时:[69]毫秒
2025-10-21 15:49:12 [XNIO-1 task-5] INFO  c.r.f.i.PlusWebInvokeTimeInterceptor - [PLUS]开始请求 => URL[GET /system/menu/list],无参数
2025-10-21 15:49:12 [XNIO-1 task-5] INFO  c.r.f.i.PlusWebInvokeTimeInterceptor - [PLUS]结束请求 => URL[GET /system/menu/list],耗时:[73]毫秒
2025-10-21 15:49:13 [XNIO-1 task-5] INFO  c.r.f.i.PlusWebInvokeTimeInterceptor - [PLUS]开始请求 => URL[DELETE /system/menu/1025],无参数
2025-10-21 15:49:13 [XNIO-1 task-5] INFO  c.r.f.i.PlusWebInvokeTimeInterceptor - [PLUS]结束请求 => URL[DELETE /system/menu/1025],耗时:[81]毫秒
2025-10-21 15:49:13 [XNIO-1 task-5] INFO  c.r.f.i.PlusWebInvokeTimeInterceptor - [PLUS]开始请求 => URL[GET /system/menu/list],无参数
2025-10-21 15:49:13 [XNIO-1 task-5] INFO  c.r.f.i.PlusWebInvokeTimeInterceptor - [PLUS]结束请求 => URL[GET /system/menu/list],耗时:[76]毫秒
2025-10-21 15:49:14 [XNIO-1 task-5] INFO  c.r.f.i.PlusWebInvokeTimeInterceptor - [PLUS]开始请求 => URL[DELETE /system/menu/1021],无参数
2025-10-21 15:49:14 [XNIO-1 task-5] INFO  c.r.f.i.PlusWebInvokeTimeInterceptor - [PLUS]结束请求 => URL[DELETE /system/menu/1021],耗时:[67]毫秒
2025-10-21 15:49:14 [XNIO-1 task-5] INFO  c.r.f.i.PlusWebInvokeTimeInterceptor - [PLUS]开始请求 => URL[GET /system/menu/list],无参数
2025-10-21 15:49:14 [XNIO-1 task-5] INFO  c.r.f.i.PlusWebInvokeTimeInterceptor - [PLUS]结束请求 => URL[GET /system/menu/list],耗时:[71]毫秒
2025-10-21 15:49:15 [XNIO-1 task-5] INFO  c.r.f.i.PlusWebInvokeTimeInterceptor - [PLUS]开始请求 => URL[DELETE /system/menu/104],无参数
2025-10-21 15:49:15 [XNIO-1 task-5] INFO  c.r.f.i.PlusWebInvokeTimeInterceptor - [PLUS]结束请求 => URL[DELETE /system/menu/104],耗时:[70]毫秒
2025-10-21 15:49:15 [XNIO-1 task-5] INFO  c.r.f.i.PlusWebInvokeTimeInterceptor - [PLUS]开始请求 => URL[GET /system/menu/list],无参数
2025-10-21 15:49:15 [XNIO-1 task-5] INFO  c.r.f.i.PlusWebInvokeTimeInterceptor - [PLUS]结束请求 => URL[GET /system/menu/list],耗时:[68]毫秒
2025-10-21 15:49:20 [XNIO-1 task-5] INFO  c.r.f.i.PlusWebInvokeTimeInterceptor - [PLUS]开始请求 => URL[DELETE /system/menu/105],无参数
2025-10-21 15:49:20 [XNIO-1 task-5] INFO  c.r.f.i.PlusWebInvokeTimeInterceptor - [PLUS]结束请求 => URL[DELETE /system/menu/105],耗时:[59]毫秒
2025-10-21 15:49:24 [XNIO-1 task-5] INFO  c.r.f.i.PlusWebInvokeTimeInterceptor - [PLUS]开始请求 => URL[DELETE /system/menu/1026],无参数
2025-10-21 15:49:24 [XNIO-1 task-5] INFO  c.r.f.i.PlusWebInvokeTimeInterceptor - [PLUS]结束请求 => URL[DELETE /system/menu/1026],耗时:[74]毫秒
2025-10-21 15:49:24 [XNIO-1 task-5] INFO  c.r.f.i.PlusWebInvokeTimeInterceptor - [PLUS]开始请求 => URL[GET /system/menu/list],无参数
2025-10-21 15:49:24 [XNIO-1 task-5] INFO  c.r.f.i.PlusWebInvokeTimeInterceptor - [PLUS]结束请求 => URL[GET /system/menu/list],耗时:[67]毫秒
2025-10-21 15:49:25 [XNIO-1 task-5] INFO  c.r.f.i.PlusWebInvokeTimeInterceptor - [PLUS]开始请求 => URL[DELETE /system/menu/1027],无参数
2025-10-21 15:49:25 [XNIO-1 task-5] INFO  c.r.f.i.PlusWebInvokeTimeInterceptor - [PLUS]结束请求 => URL[DELETE /system/menu/1027],耗时:[70]毫秒
2025-10-21 15:49:25 [XNIO-1 task-5] INFO  c.r.f.i.PlusWebInvokeTimeInterceptor - [PLUS]开始请求 => URL[GET /system/menu/list],无参数
2025-10-21 15:49:25 [XNIO-1 task-5] INFO  c.r.f.i.PlusWebInvokeTimeInterceptor - [PLUS]结束请求 => URL[GET /system/menu/list],耗时:[67]毫秒
2025-10-21 15:49:28 [XNIO-1 task-5] INFO  c.r.f.i.PlusWebInvokeTimeInterceptor - [PLUS]开始请求 => URL[DELETE /system/menu/1028],无参数
2025-10-21 15:49:28 [XNIO-1 task-5] INFO  c.r.f.i.PlusWebInvokeTimeInterceptor - [PLUS]结束请求 => URL[DELETE /system/menu/1028],耗时:[73]毫秒
2025-10-21 15:49:28 [XNIO-1 task-5] INFO  c.r.f.i.PlusWebInvokeTimeInterceptor - [PLUS]开始请求 => URL[GET /system/menu/list],无参数
2025-10-21 15:49:28 [XNIO-1 task-5] INFO  c.r.f.i.PlusWebInvokeTimeInterceptor - [PLUS]结束请求 => URL[GET /system/menu/list],耗时:[68]毫秒
2025-10-21 15:49:29 [XNIO-1 task-5] INFO  c.r.f.i.PlusWebInvokeTimeInterceptor - [PLUS]开始请求 => URL[DELETE /system/menu/1029],无参数
2025-10-21 15:49:29 [XNIO-1 task-5] INFO  c.r.f.i.PlusWebInvokeTimeInterceptor - [PLUS]结束请求 => URL[DELETE /system/menu/1029],耗时:[71]毫秒
2025-10-21 15:49:29 [XNIO-1 task-5] INFO  c.r.f.i.PlusWebInvokeTimeInterceptor - [PLUS]开始请求 => URL[GET /system/menu/list],无参数
2025-10-21 15:49:29 [XNIO-1 task-5] INFO  c.r.f.i.PlusWebInvokeTimeInterceptor - [PLUS]结束请求 => URL[GET /system/menu/list],耗时:[67]毫秒
2025-10-21 15:49:31 [XNIO-1 task-5] INFO  c.r.f.i.PlusWebInvokeTimeInterceptor - [PLUS]开始请求 => URL[DELETE /system/menu/1030],无参数
2025-10-21 15:49:31 [XNIO-1 task-5] INFO  c.r.f.i.PlusWebInvokeTimeInterceptor - [PLUS]结束请求 => URL[DELETE /system/menu/1030],耗时:[70]毫秒
2025-10-21 15:49:31 [XNIO-1 task-5] INFO  c.r.f.i.PlusWebInvokeTimeInterceptor - [PLUS]开始请求 => URL[GET /system/menu/list],无参数
2025-10-21 15:49:31 [XNIO-1 task-5] INFO  c.r.f.i.PlusWebInvokeTimeInterceptor - [PLUS]结束请求 => URL[GET /system/menu/list],耗时:[72]毫秒
2025-10-21 15:49:33 [XNIO-1 task-5] INFO  c.r.f.i.PlusWebInvokeTimeInterceptor - [PLUS]开始请求 => URL[DELETE /system/menu/106],无参数
2025-10-21 15:49:33 [XNIO-1 task-5] INFO  c.r.f.i.PlusWebInvokeTimeInterceptor - [PLUS]结束请求 => URL[DELETE /system/menu/106],耗时:[58]毫秒
2025-10-21 15:49:34 [XNIO-1 task-5] INFO  c.r.f.i.PlusWebInvokeTimeInterceptor - [PLUS]开始请求 => URL[DELETE /system/menu/105],无参数
2025-10-21 15:49:34 [XNIO-1 task-5] INFO  c.r.f.i.PlusWebInvokeTimeInterceptor - [PLUS]结束请求 => URL[DELETE /system/menu/105],耗时:[76]毫秒
2025-10-21 15:49:34 [XNIO-1 task-5] INFO  c.r.f.i.PlusWebInvokeTimeInterceptor - [PLUS]开始请求 => URL[GET /system/menu/list],无参数
2025-10-21 15:49:34 [XNIO-1 task-5] INFO  c.r.f.i.PlusWebInvokeTimeInterceptor - [PLUS]结束请求 => URL[GET /system/menu/list],耗时:[64]毫秒
2025-10-21 15:49:37 [XNIO-1 task-5] INFO  c.r.f.i.PlusWebInvokeTimeInterceptor - [PLUS]开始请求 => URL[DELETE /system/menu/1036],无参数
2025-10-21 15:49:37 [XNIO-1 task-5] INFO  c.r.f.i.PlusWebInvokeTimeInterceptor - [PLUS]结束请求 => URL[DELETE /system/menu/1036],耗时:[76]毫秒
2025-10-21 15:49:37 [XNIO-1 task-5] INFO  c.r.f.i.PlusWebInvokeTimeInterceptor - [PLUS]开始请求 => URL[GET /system/menu/list],无参数
2025-10-21 15:49:37 [XNIO-1 task-5] INFO  c.r.f.i.PlusWebInvokeTimeInterceptor - [PLUS]结束请求 => URL[GET /system/menu/list],耗时:[68]毫秒
2025-10-21 15:49:38 [XNIO-1 task-5] INFO  c.r.f.i.PlusWebInvokeTimeInterceptor - [PLUS]开始请求 => URL[DELETE /system/menu/1037],无参数
2025-10-21 15:49:38 [XNIO-1 task-5] INFO  c.r.f.i.PlusWebInvokeTimeInterceptor - [PLUS]结束请求 => URL[DELETE /system/menu/1037],耗时:[74]毫秒
2025-10-21 15:49:38 [XNIO-1 task-5] INFO  c.r.f.i.PlusWebInvokeTimeInterceptor - [PLUS]开始请求 => URL[GET /system/menu/list],无参数
2025-10-21 15:49:38 [XNIO-1 task-5] INFO  c.r.f.i.PlusWebInvokeTimeInterceptor - [PLUS]结束请求 => URL[GET /system/menu/list],耗时:[70]毫秒
2025-10-21 15:49:38 [XNIO-1 task-5] INFO  c.r.f.i.PlusWebInvokeTimeInterceptor - [PLUS]开始请求 => URL[DELETE /system/menu/1038],无参数
2025-10-21 15:49:39 [XNIO-1 task-5] INFO  c.r.f.i.PlusWebInvokeTimeInterceptor - [PLUS]结束请求 => URL[DELETE /system/menu/1038],耗时:[70]毫秒
2025-10-21 15:49:39 [XNIO-1 task-5] INFO  c.r.f.i.PlusWebInvokeTimeInterceptor - [PLUS]开始请求 => URL[GET /system/menu/list],无参数
2025-10-21 15:49:39 [XNIO-1 task-5] INFO  c.r.f.i.PlusWebInvokeTimeInterceptor - [PLUS]结束请求 => URL[GET /system/menu/list],耗时:[70]毫秒
2025-10-21 15:49:41 [XNIO-1 task-5] INFO  c.r.f.i.PlusWebInvokeTimeInterceptor - [PLUS]开始请求 => URL[DELETE /system/menu/1039],无参数
2025-10-21 15:49:41 [XNIO-1 task-5] INFO  c.r.f.i.PlusWebInvokeTimeInterceptor - [PLUS]结束请求 => URL[DELETE /system/menu/1039],耗时:[72]毫秒
2025-10-21 15:49:41 [XNIO-1 task-5] INFO  c.r.f.i.PlusWebInvokeTimeInterceptor - [PLUS]开始请求 => URL[GET /system/menu/list],无参数
2025-10-21 15:49:41 [XNIO-1 task-5] INFO  c.r.f.i.PlusWebInvokeTimeInterceptor - [PLUS]结束请求 => URL[GET /system/menu/list],耗时:[67]毫秒
2025-10-21 15:49:43 [XNIO-1 task-5] INFO  c.r.f.i.PlusWebInvokeTimeInterceptor - [PLUS]开始请求 => URL[DELETE /system/menu/107],无参数
2025-10-21 15:49:43 [XNIO-1 task-5] INFO  c.r.f.i.PlusWebInvokeTimeInterceptor - [PLUS]结束请求 => URL[DELETE /system/menu/107],耗时:[69]毫秒
2025-10-21 15:49:43 [XNIO-1 task-5] INFO  c.r.f.i.PlusWebInvokeTimeInterceptor - [PLUS]开始请求 => URL[GET /system/menu/list],无参数
2025-10-21 15:49:43 [XNIO-1 task-5] INFO  c.r.f.i.PlusWebInvokeTimeInterceptor - [PLUS]结束请求 => URL[GET /system/menu/list],耗时:[68]毫秒
2025-10-21 15:49:44 [XNIO-1 task-5] INFO  c.r.f.i.PlusWebInvokeTimeInterceptor - [PLUS]开始请求 => URL[DELETE /system/menu/108],无参数
2025-10-21 15:49:44 [XNIO-1 task-5] INFO  c.r.f.i.PlusWebInvokeTimeInterceptor - [PLUS]结束请求 => URL[DELETE /system/menu/108],耗时:[60]毫秒
2025-10-21 15:49:50 [XNIO-1 task-5] INFO  c.r.f.i.PlusWebInvokeTimeInterceptor - [PLUS]开始请求 => URL[DELETE /system/menu/1040],无参数
2025-10-21 15:49:50 [XNIO-1 task-5] INFO  c.r.f.i.PlusWebInvokeTimeInterceptor - [PLUS]结束请求 => URL[DELETE /system/menu/1040],耗时:[71]毫秒
2025-10-21 15:49:50 [XNIO-1 task-5] INFO  c.r.f.i.PlusWebInvokeTimeInterceptor - [PLUS]开始请求 => URL[GET /system/menu/list],无参数
2025-10-21 15:49:50 [XNIO-1 task-5] INFO  c.r.f.i.PlusWebInvokeTimeInterceptor - [PLUS]结束请求 => URL[GET /system/menu/list],耗时:[69]毫秒
2025-10-21 15:49:50 [XNIO-1 task-5] INFO  c.r.f.i.PlusWebInvokeTimeInterceptor - [PLUS]开始请求 => URL[DELETE /system/menu/1041],无参数
2025-10-21 15:49:50 [XNIO-1 task-5] INFO  c.r.f.i.PlusWebInvokeTimeInterceptor - [PLUS]结束请求 => URL[DELETE /system/menu/1041],耗时:[68]毫秒
2025-10-21 15:49:50 [XNIO-1 task-5] INFO  c.r.f.i.PlusWebInvokeTimeInterceptor - [PLUS]开始请求 => URL[GET /system/menu/list],无参数
2025-10-21 15:49:50 [XNIO-1 task-5] INFO  c.r.f.i.PlusWebInvokeTimeInterceptor - [PLUS]结束请求 => URL[GET /system/menu/list],耗时:[68]毫秒
2025-10-21 15:49:51 [XNIO-1 task-5] INFO  c.r.f.i.PlusWebInvokeTimeInterceptor - [PLUS]开始请求 => URL[DELETE /system/menu/1042],无参数
2025-10-21 15:49:51 [XNIO-1 task-5] INFO  c.r.f.i.PlusWebInvokeTimeInterceptor - [PLUS]结束请求 => URL[DELETE /system/menu/1042],耗时:[72]毫秒
2025-10-21 15:49:51 [XNIO-1 task-5] INFO  c.r.f.i.PlusWebInvokeTimeInterceptor - [PLUS]开始请求 => URL[GET /system/menu/list],无参数
2025-10-21 15:49:51 [XNIO-1 task-5] INFO  c.r.f.i.PlusWebInvokeTimeInterceptor - [PLUS]结束请求 => URL[GET /system/menu/list],耗时:[71]毫秒
2025-10-21 15:49:52 [XNIO-1 task-5] INFO  c.r.f.i.PlusWebInvokeTimeInterceptor - [PLUS]开始请求 => URL[DELETE /system/menu/501],无参数
2025-10-21 15:49:52 [XNIO-1 task-5] INFO  c.r.f.i.PlusWebInvokeTimeInterceptor - [PLUS]结束请求 => URL[DELETE /system/menu/501],耗时:[57]毫秒
2025-10-21 15:49:53 [XNIO-1 task-5] INFO  c.r.f.i.PlusWebInvokeTimeInterceptor - [PLUS]开始请求 => URL[DELETE /system/menu/500],无参数
2025-10-21 15:49:53 [XNIO-1 task-5] INFO  c.r.f.i.PlusWebInvokeTimeInterceptor - [PLUS]结束请求 => URL[DELETE /system/menu/500],耗时:[76]毫秒
2025-10-21 15:49:53 [XNIO-1 task-5] INFO  c.r.f.i.PlusWebInvokeTimeInterceptor - [PLUS]开始请求 => URL[GET /system/menu/list],无参数
2025-10-21 15:49:53 [XNIO-1 task-5] INFO  c.r.f.i.PlusWebInvokeTimeInterceptor - [PLUS]结束请求 => URL[GET /system/menu/list],耗时:[66]毫秒
2025-10-21 15:49:54 [XNIO-1 task-5] INFO  c.r.f.i.PlusWebInvokeTimeInterceptor - [PLUS]开始请求 => URL[DELETE /system/menu/501],无参数
2025-10-21 15:49:54 [XNIO-1 task-5] INFO  c.r.f.i.PlusWebInvokeTimeInterceptor - [PLUS]结束请求 => URL[DELETE /system/menu/501],耗时:[57]毫秒
2025-10-21 15:49:57 [XNIO-1 task-5] INFO  c.r.f.i.PlusWebInvokeTimeInterceptor - [PLUS]开始请求 => URL[DELETE /system/menu/1043],无参数
2025-10-21 15:49:57 [XNIO-1 task-5] INFO  c.r.f.i.PlusWebInvokeTimeInterceptor - [PLUS]结束请求 => URL[DELETE /system/menu/1043],耗时:[72]毫秒
2025-10-21 15:49:57 [XNIO-1 task-5] INFO  c.r.f.i.PlusWebInvokeTimeInterceptor - [PLUS]开始请求 => URL[GET /system/menu/list],无参数
2025-10-21 15:49:57 [XNIO-1 task-5] INFO  c.r.f.i.PlusWebInvokeTimeInterceptor - [PLUS]结束请求 => URL[GET /system/menu/list],耗时:[72]毫秒
2025-10-21 15:49:58 [XNIO-1 task-5] INFO  c.r.f.i.PlusWebInvokeTimeInterceptor - [PLUS]开始请求 => URL[DELETE /system/menu/1044],无参数
2025-10-21 15:49:58 [XNIO-1 task-5] INFO  c.r.f.i.PlusWebInvokeTimeInterceptor - [PLUS]结束请求 => URL[DELETE /system/menu/1044],耗时:[73]毫秒
2025-10-21 15:49:58 [XNIO-1 task-5] INFO  c.r.f.i.PlusWebInvokeTimeInterceptor - [PLUS]开始请求 => URL[GET /system/menu/list],无参数
2025-10-21 15:49:59 [XNIO-1 task-5] INFO  c.r.f.i.PlusWebInvokeTimeInterceptor - [PLUS]结束请求 => URL[GET /system/menu/list],耗时:[71]毫秒
2025-10-21 15:50:00 [XNIO-1 task-5] INFO  c.r.f.i.PlusWebInvokeTimeInterceptor - [PLUS]开始请求 => URL[DELETE /system/menu/1045],无参数
2025-10-21 15:50:00 [XNIO-1 task-5] INFO  c.r.f.i.PlusWebInvokeTimeInterceptor - [PLUS]结束请求 => URL[DELETE /system/menu/1045],耗时:[69]毫秒
2025-10-21 15:50:00 [XNIO-1 task-5] INFO  c.r.f.i.PlusWebInvokeTimeInterceptor - [PLUS]开始请求 => URL[GET /system/menu/list],无参数
2025-10-21 15:50:00 [XNIO-1 task-5] INFO  c.r.f.i.PlusWebInvokeTimeInterceptor - [PLUS]结束请求 => URL[GET /system/menu/list],耗时:[69]毫秒
2025-10-21 15:50:01 [XNIO-1 task-5] INFO  c.r.f.i.PlusWebInvokeTimeInterceptor - [PLUS]开始请求 => URL[DELETE /system/menu/1050],无参数
2025-10-21 15:50:01 [XNIO-1 task-5] INFO  c.r.f.i.PlusWebInvokeTimeInterceptor - [PLUS]结束请求 => URL[DELETE /system/menu/1050],耗时:[80]毫秒
2025-10-21 15:50:01 [XNIO-1 task-5] INFO  c.r.f.i.PlusWebInvokeTimeInterceptor - [PLUS]开始请求 => URL[GET /system/menu/list],无参数
2025-10-21 15:50:01 [XNIO-1 task-5] INFO  c.r.f.i.PlusWebInvokeTimeInterceptor - [PLUS]结束请求 => URL[GET /system/menu/list],耗时:[67]毫秒
2025-10-21 15:50:02 [XNIO-1 task-5] INFO  c.r.f.i.PlusWebInvokeTimeInterceptor - [PLUS]开始请求 => URL[DELETE /system/menu/501],无参数
2025-10-21 15:50:02 [XNIO-1 task-5] INFO  c.r.f.i.PlusWebInvokeTimeInterceptor - [PLUS]结束请求 => URL[DELETE /system/menu/501],耗时:[72]毫秒
2025-10-21 15:50:02 [XNIO-1 task-5] INFO  c.r.f.i.PlusWebInvokeTimeInterceptor - [PLUS]开始请求 => URL[GET /system/menu/list],无参数
2025-10-21 15:50:02 [XNIO-1 task-5] INFO  c.r.f.i.PlusWebInvokeTimeInterceptor - [PLUS]结束请求 => URL[GET /system/menu/list],耗时:[67]毫秒
2025-10-21 15:50:05 [XNIO-1 task-5] INFO  c.r.f.i.PlusWebInvokeTimeInterceptor - [PLUS]开始请求 => URL[DELETE /system/menu/108],无参数
2025-10-21 15:50:05 [XNIO-1 task-5] INFO  c.r.f.i.PlusWebInvokeTimeInterceptor - [PLUS]结束请求 => URL[DELETE /system/menu/108],耗时:[70]毫秒
2025-10-21 15:50:05 [XNIO-1 task-5] INFO  c.r.f.i.PlusWebInvokeTimeInterceptor - [PLUS]开始请求 => URL[GET /system/menu/list],无参数
2025-10-21 15:50:05 [XNIO-1 task-5] INFO  c.r.f.i.PlusWebInvokeTimeInterceptor - [PLUS]结束请求 => URL[GET /system/menu/list],耗时:[65]毫秒
2025-10-21 15:50:28 [XNIO-1 task-5] INFO  c.r.f.i.PlusWebInvokeTimeInterceptor - [PLUS]开始请求 => URL[DELETE /system/menu/1031],无参数
2025-10-21 15:50:28 [XNIO-1 task-5] INFO  c.r.f.i.PlusWebInvokeTimeInterceptor - [PLUS]结束请求 => URL[DELETE /system/menu/1031],耗时:[74]毫秒
2025-10-21 15:50:28 [XNIO-1 task-5] INFO  c.r.f.i.PlusWebInvokeTimeInterceptor - [PLUS]开始请求 => URL[GET /system/menu/list],无参数
2025-10-21 15:50:28 [XNIO-1 task-5] INFO  c.r.f.i.PlusWebInvokeTimeInterceptor - [PLUS]结束请求 => URL[GET /system/menu/list],耗时:[72]毫秒
2025-10-21 15:50:29 [XNIO-1 task-5] INFO  c.r.f.i.PlusWebInvokeTimeInterceptor - [PLUS]开始请求 => URL[DELETE /system/menu/1032],无参数
2025-10-21 15:50:29 [XNIO-1 task-5] INFO  c.r.f.i.PlusWebInvokeTimeInterceptor - [PLUS]结束请求 => URL[DELETE /system/menu/1032],耗时:[70]毫秒
2025-10-21 15:50:29 [XNIO-1 task-5] INFO  c.r.f.i.PlusWebInvokeTimeInterceptor - [PLUS]开始请求 => URL[GET /system/menu/list],无参数
2025-10-21 15:50:29 [XNIO-1 task-5] INFO  c.r.f.i.PlusWebInvokeTimeInterceptor - [PLUS]结束请求 => URL[GET /system/menu/list],耗时:[67]毫秒
2025-10-21 15:50:30 [XNIO-1 task-5] INFO  c.r.f.i.PlusWebInvokeTimeInterceptor - [PLUS]开始请求 => URL[DELETE /system/menu/1033],无参数
2025-10-21 15:50:30 [XNIO-1 task-5] INFO  c.r.f.i.PlusWebInvokeTimeInterceptor - [PLUS]结束请求 => URL[DELETE /system/menu/1033],耗时:[67]毫秒
2025-10-21 15:50:30 [XNIO-1 task-5] INFO  c.r.f.i.PlusWebInvokeTimeInterceptor - [PLUS]开始请求 => URL[GET /system/menu/list],无参数
2025-10-21 15:50:30 [XNIO-1 task-5] INFO  c.r.f.i.PlusWebInvokeTimeInterceptor - [PLUS]结束请求 => URL[GET /system/menu/list],耗时:[63]毫秒
2025-10-21 15:50:31 [XNIO-1 task-5] INFO  c.r.f.i.PlusWebInvokeTimeInterceptor - [PLUS]开始请求 => URL[DELETE /system/menu/1034],无参数
2025-10-21 15:50:31 [XNIO-1 task-5] INFO  c.r.f.i.PlusWebInvokeTimeInterceptor - [PLUS]结束请求 => URL[DELETE /system/menu/1034],耗时:[72]毫秒
2025-10-21 15:50:31 [XNIO-1 task-5] INFO  c.r.f.i.PlusWebInvokeTimeInterceptor - [PLUS]开始请求 => URL[GET /system/menu/list],无参数
2025-10-21 15:50:31 [XNIO-1 task-5] INFO  c.r.f.i.PlusWebInvokeTimeInterceptor - [PLUS]结束请求 => URL[GET /system/menu/list],耗时:[68]毫秒
2025-10-21 15:50:32 [XNIO-1 task-5] INFO  c.r.f.i.PlusWebInvokeTimeInterceptor - [PLUS]开始请求 => URL[DELETE /system/menu/1035],无参数
2025-10-21 15:50:32 [XNIO-1 task-5] INFO  c.r.f.i.PlusWebInvokeTimeInterceptor - [PLUS]结束请求 => URL[DELETE /system/menu/1035],耗时:[67]毫秒
2025-10-21 15:50:32 [XNIO-1 task-5] INFO  c.r.f.i.PlusWebInvokeTimeInterceptor - [PLUS]开始请求 => URL[GET /system/menu/list],无参数
2025-10-21 15:50:32 [XNIO-1 task-5] INFO  c.r.f.i.PlusWebInvokeTimeInterceptor - [PLUS]结束请求 => URL[GET /system/menu/list],耗时:[68]毫秒
2025-10-21 15:50:33 [XNIO-1 task-5] INFO  c.r.f.i.PlusWebInvokeTimeInterceptor - [PLUS]开始请求 => URL[DELETE /system/menu/106],无参数
2025-10-21 15:50:33 [XNIO-1 task-5] INFO  c.r.f.i.PlusWebInvokeTimeInterceptor - [PLUS]结束请求 => URL[DELETE /system/menu/106],耗时:[71]毫秒
2025-10-21 15:50:33 [XNIO-1 task-5] INFO  c.r.f.i.PlusWebInvokeTimeInterceptor - [PLUS]开始请求 => URL[GET /system/menu/list],无参数
2025-10-21 15:50:33 [XNIO-1 task-5] INFO  c.r.f.i.PlusWebInvokeTimeInterceptor - [PLUS]结束请求 => URL[GET /system/menu/list],耗时:[73]毫秒
2025-10-21 15:50:39 [XNIO-1 task-5] INFO  c.r.f.i.PlusWebInvokeTimeInterceptor - [PLUS]开始请求 => URL[DELETE /system/menu/1833064781008461832],无参数
2025-10-21 15:50:39 [XNIO-1 task-5] INFO  c.r.f.i.PlusWebInvokeTimeInterceptor - [PLUS]结束请求 => URL[DELETE /system/menu/1833064781008461832],耗时:[72]毫秒
2025-10-21 15:50:39 [XNIO-1 task-5] INFO  c.r.f.i.PlusWebInvokeTimeInterceptor - [PLUS]开始请求 => URL[GET /system/menu/list],无参数
2025-10-21 15:50:39 [XNIO-1 task-5] INFO  c.r.f.i.PlusWebInvokeTimeInterceptor - [PLUS]结束请求 => URL[GET /system/menu/list],耗时:[64]毫秒
2025-10-21 15:50:43 [XNIO-1 task-5] INFO  c.r.f.i.PlusWebInvokeTimeInterceptor - [PLUS]开始请求 => URL[DELETE /system/menu/1822222362158624770],无参数
2025-10-21 15:50:44 [XNIO-1 task-5] INFO  c.r.f.i.PlusWebInvokeTimeInterceptor - [PLUS]结束请求 => URL[DELETE /system/menu/1822222362158624770],耗时:[74]毫秒
2025-10-21 15:50:44 [XNIO-1 task-5] INFO  c.r.f.i.PlusWebInvokeTimeInterceptor - [PLUS]开始请求 => URL[GET /system/menu/list],无参数
2025-10-21 15:50:44 [XNIO-1 task-5] INFO  c.r.f.i.PlusWebInvokeTimeInterceptor - [PLUS]结束请求 => URL[GET /system/menu/list],耗时:[62]毫秒
2025-10-21 15:50:44 [XNIO-1 task-5] INFO  c.r.f.i.PlusWebInvokeTimeInterceptor - [PLUS]开始请求 => URL[DELETE /system/menu/1822222589187911682],无参数
2025-10-21 15:50:44 [XNIO-1 task-5] INFO  c.r.f.i.PlusWebInvokeTimeInterceptor - [PLUS]结束请求 => URL[DELETE /system/menu/1822222589187911682],耗时:[69]毫秒
2025-10-21 15:50:44 [XNIO-1 task-5] INFO  c.r.f.i.PlusWebInvokeTimeInterceptor - [PLUS]开始请求 => URL[GET /system/menu/list],无参数
2025-10-21 15:50:44 [XNIO-1 task-5] INFO  c.r.f.i.PlusWebInvokeTimeInterceptor - [PLUS]结束请求 => URL[GET /system/menu/list],耗时:[68]毫秒
2025-10-21 15:50:45 [XNIO-1 task-5] INFO  c.r.f.i.PlusWebInvokeTimeInterceptor - [PLUS]开始请求 => URL[DELETE /system/menu/1822222692422316034],无参数
2025-10-21 15:50:45 [XNIO-1 task-5] INFO  c.r.f.i.PlusWebInvokeTimeInterceptor - [PLUS]结束请求 => URL[DELETE /system/menu/1822222692422316034],耗时:[72]毫秒
2025-10-21 15:50:45 [XNIO-1 task-5] INFO  c.r.f.i.PlusWebInvokeTimeInterceptor - [PLUS]开始请求 => URL[GET /system/menu/list],无参数
2025-10-21 15:50:45 [XNIO-1 task-5] INFO  c.r.f.i.PlusWebInvokeTimeInterceptor - [PLUS]结束请求 => URL[GET /system/menu/list],耗时:[64]毫秒
2025-10-21 15:50:47 [XNIO-1 task-5] INFO  c.r.f.i.PlusWebInvokeTimeInterceptor - [PLUS]开始请求 => URL[DELETE /system/menu/1822222799565811713],无参数
2025-10-21 15:50:47 [XNIO-1 task-5] INFO  c.r.f.i.PlusWebInvokeTimeInterceptor - [PLUS]结束请求 => URL[DELETE /system/menu/1822222799565811713],耗时:[63]毫秒
2025-10-21 15:50:47 [XNIO-1 task-5] INFO  c.r.f.i.PlusWebInvokeTimeInterceptor - [PLUS]开始请求 => URL[GET /system/menu/list],无参数
2025-10-21 15:50:47 [XNIO-1 task-5] INFO  c.r.f.i.PlusWebInvokeTimeInterceptor - [PLUS]结束请求 => URL[GET /system/menu/list],耗时:[67]毫秒
2025-10-21 15:50:48 [XNIO-1 task-5] INFO  c.r.f.i.PlusWebInvokeTimeInterceptor - [PLUS]开始请求 => URL[DELETE /system/menu/1822222029516763138],无参数
2025-10-21 15:50:48 [XNIO-1 task-5] INFO  c.r.f.i.PlusWebInvokeTimeInterceptor - [PLUS]结束请求 => URL[DELETE /system/menu/1822222029516763138],耗时:[71]毫秒
2025-10-21 15:50:48 [XNIO-1 task-5] INFO  c.r.f.i.PlusWebInvokeTimeInterceptor - [PLUS]开始请求 => URL[GET /system/menu/list],无参数
2025-10-21 15:50:48 [XNIO-1 task-5] INFO  c.r.f.i.PlusWebInvokeTimeInterceptor - [PLUS]结束请求 => URL[GET /system/menu/list],耗时:[65]毫秒
2025-10-21 15:50:54 [XNIO-1 task-5] INFO  c.r.f.i.PlusWebInvokeTimeInterceptor - [PLUS]开始请求 => URL[GET /getInfo],无参数
2025-10-21 15:50:54 [XNIO-1 task-5] INFO  c.r.f.i.PlusWebInvokeTimeInterceptor - [PLUS]结束请求 => URL[GET /getInfo],耗时:[49]毫秒
2025-10-21 15:50:54 [XNIO-1 task-5] INFO  c.r.f.i.PlusWebInvokeTimeInterceptor - [PLUS]开始请求 => URL[GET /getRouters],无参数
2025-10-21 15:50:54 [XNIO-1 task-5] INFO  c.r.f.i.PlusWebInvokeTimeInterceptor - [PLUS]结束请求 => URL[GET /getRouters],耗时:[33]毫秒
2025-10-21 15:50:55 [XNIO-1 task-11] INFO  c.r.f.i.PlusWebInvokeTimeInterceptor - [PLUS]开始请求 => URL[GET /system/menu/list],无参数
2025-10-21 15:50:55 [XNIO-1 task-7] INFO  c.r.f.i.PlusWebInvokeTimeInterceptor - [PLUS]开始请求 => URL[GET /system/dict/data/type/sys_show_hide],无参数
2025-10-21 15:50:55 [XNIO-1 task-5] INFO  c.r.f.i.PlusWebInvokeTimeInterceptor - [PLUS]开始请求 => URL[GET /system/dict/data/type/sys_normal_disable],无参数
2025-10-21 15:50:55 [XNIO-1 task-5] INFO  c.r.f.i.PlusWebInvokeTimeInterceptor - [PLUS]结束请求 => URL[GET /system/dict/data/type/sys_normal_disable],耗时:[23]毫秒
2025-10-21 15:50:55 [XNIO-1 task-7] INFO  c.r.f.i.PlusWebInvokeTimeInterceptor - [PLUS]结束请求 => URL[GET /system/dict/data/type/sys_show_hide],耗时:[23]毫秒
2025-10-21 15:50:55 [XNIO-1 task-11] INFO  c.r.f.i.PlusWebInvokeTimeInterceptor - [PLUS]结束请求 => URL[GET /system/menu/list],耗时:[62]毫秒
2025-10-21 15:50:57 [XNIO-1 task-11] INFO  c.r.f.i.PlusWebInvokeTimeInterceptor - [PLUS]开始请求 => URL[GET /business/arbiterMapRiver/list],参数类型[param],参数:[{"pageSize":["10"],"pageNum":["1"]}]
2025-10-21 15:50:57 [XNIO-1 task-11] INFO  c.r.f.i.PlusWebInvokeTimeInterceptor - [PLUS]结束请求 => URL[GET /business/arbiterMapRiver/list],耗时:[81]毫秒
2025-10-21 15:50:58 [XNIO-1 task-11] INFO  c.r.f.i.PlusWebInvokeTimeInterceptor - [PLUS]开始请求 => URL[GET /business/arbiterMapRoad/list],参数类型[param],参数:[{"pageSize":["10"],"pageNum":["1"]}]
2025-10-21 15:50:58 [XNIO-1 task-11] INFO  c.r.f.i.PlusWebInvokeTimeInterceptor - [PLUS]结束请求 => URL[GET /business/arbiterMapRoad/list],耗时:[81]毫秒
2025-10-21 15:51:01 [XNIO-1 task-11] INFO  c.r.f.i.PlusWebInvokeTimeInterceptor - [PLUS]开始请求 => URL[GET /business/product/queryProductList],无参数
2025-10-21 15:51:01 [XNIO-1 task-7] INFO  c.r.f.i.PlusWebInvokeTimeInterceptor - [PLUS]开始请求 => URL[GET /system/dict/data/type/action_type],无参数
2025-10-21 15:51:01 [XNIO-1 task-5] INFO  c.r.f.i.PlusWebInvokeTimeInterceptor - [PLUS]开始请求 => URL[GET /business/chessPiecesType/queryChessPiecesTypeList],无参数
2025-10-21 15:51:01 [XNIO-1 task-6] INFO  c.r.f.i.PlusWebInvokeTimeInterceptor - [PLUS]开始请求 => URL[GET /business/chessPieces/list],参数类型[param],参数:[{"pageSize":["10"],"pageNum":["1"]}]
2025-10-21 15:51:01 [XNIO-1 task-13] INFO  c.r.f.i.PlusWebInvokeTimeInterceptor - [PLUS]开始请求 => URL[GET /business/chessPiecesCamp/queryChessPiecesCampList],无参数
2025-10-21 15:51:01 [XNIO-1 task-7] INFO  c.r.f.i.PlusWebInvokeTimeInterceptor - [PLUS]结束请求 => URL[GET /system/dict/data/type/action_type],耗时:[37]毫秒
2025-10-21 15:51:01 [XNIO-1 task-11] INFO  c.r.f.i.PlusWebInvokeTimeInterceptor - [PLUS]结束请求 => URL[GET /business/product/queryProductList],耗时:[45]毫秒
2025-10-21 15:51:01 [XNIO-1 task-5] ERROR c.r.f.w.e.GlobalExceptionHandler - 请求地址'/business/chessPiecesType/queryChessPiecesTypeList',发生未知异常.
java.lang.NullPointerException: null
	at com.ruoyi.business.service.impl.BizChessPiecesTypeServiceImpl.buildQueryWrapper(BizChessPiecesTypeServiceImpl.java:65)
	at com.ruoyi.business.service.impl.BizChessPiecesTypeServiceImpl.queryList(BizChessPiecesTypeServiceImpl.java:57)
	at com.ruoyi.business.controller.BizChessPiecesTypeController.queryChessPiecesTypeList(BizChessPiecesTypeController.java:52)
	at com.ruoyi.business.controller.BizChessPiecesTypeController$$FastClassBySpringCGLIB$$bec31b8b.invoke(<generated>)
	at org.springframework.cglib.proxy.MethodProxy.invoke(MethodProxy.java:218)
	at org.springframework.aop.framework.CglibAopProxy$CglibMethodInvocation.invokeJoinpoint(CglibAopProxy.java:792)
	at org.springframework.aop.framework.ReflectiveMethodInvocation.proceed(ReflectiveMethodInvocation.java:163)
	at org.springframework.aop.framework.CglibAopProxy$CglibMethodInvocation.proceed(CglibAopProxy.java:762)
	at org.springframework.validation.beanvalidation.MethodValidationInterceptor.invoke(MethodValidationInterceptor.java:123)
	at org.springframework.aop.framework.ReflectiveMethodInvocation.proceed(ReflectiveMethodInvocation.java:186)
	at org.springframework.aop.framework.CglibAopProxy$CglibMethodInvocation.proceed(CglibAopProxy.java:762)
	at org.springframework.aop.interceptor.ExposeInvocationInterceptor.invoke(ExposeInvocationInterceptor.java:97)
	at org.springframework.aop.framework.ReflectiveMethodInvocation.proceed(ReflectiveMethodInvocation.java:186)
	at org.springframework.aop.framework.CglibAopProxy$CglibMethodInvocation.proceed(CglibAopProxy.java:762)
	at org.springframework.aop.framework.CglibAopProxy$DynamicAdvisedInterceptor.intercept(CglibAopProxy.java:707)
	at com.ruoyi.business.controller.BizChessPiecesTypeController$$EnhancerBySpringCGLIB$$b6b5c2b4.queryChessPiecesTypeList(<generated>)
	at sun.reflect.NativeMethodAccessorImpl.invoke0(Native Method)
	at sun.reflect.NativeMethodAccessorImpl.invoke(NativeMethodAccessorImpl.java:62)
	at sun.reflect.DelegatingMethodAccessorImpl.invoke(DelegatingMethodAccessorImpl.java:43)
	at java.lang.reflect.Method.invoke(Method.java:498)
	at org.springframework.web.method.support.InvocableHandlerMethod.doInvoke(InvocableHandlerMethod.java:205)
	at org.springframework.web.method.support.InvocableHandlerMethod.invokeForRequest(InvocableHandlerMethod.java:150)
	at org.springframework.web.servlet.mvc.method.annotation.ServletInvocableHandlerMethod.invokeAndHandle(ServletInvocableHandlerMethod.java:117)
	at org.springframework.web.servlet.mvc.method.annotation.RequestMappingHandlerAdapter.invokeHandlerMethod(RequestMappingHandlerAdapter.java:895)
	at org.springframework.web.servlet.mvc.method.annotation.RequestMappingHandlerAdapter.handleInternal(RequestMappingHandlerAdapter.java:808)
	at org.springframework.web.servlet.mvc.method.AbstractHandlerMethodAdapter.handle(AbstractHandlerMethodAdapter.java:87)
	at org.springframework.web.servlet.DispatcherServlet.doDispatch(DispatcherServlet.java:1072)
	at org.springframework.web.servlet.DispatcherServlet.doService(DispatcherServlet.java:965)
	at org.springframework.web.servlet.FrameworkServlet.processRequest(FrameworkServlet.java:1006)
	at org.springframework.web.servlet.FrameworkServlet.doGet(FrameworkServlet.java:898)
	at javax.servlet.http.HttpServlet.service(HttpServlet.java:497)
	at org.springframework.web.servlet.FrameworkServlet.service(FrameworkServlet.java:883)
	at javax.servlet.http.HttpServlet.service(HttpServlet.java:584)
	at io.undertow.servlet.handlers.ServletHandler.handleRequest(ServletHandler.java:74)
	at io.undertow.servlet.handlers.FilterHandler$FilterChainImpl.doFilter(FilterHandler.java:129)
	at org.springframework.web.filter.CorsFilter.doFilterInternal(CorsFilter.java:91)
	at org.springframework.web.filter.OncePerRequestFilter.doFilter(OncePerRequestFilter.java:117)
	at io.undertow.servlet.core.ManagedFilter.doFilter(ManagedFilter.java:67)
	at io.undertow.servlet.handlers.FilterHandler$FilterChainImpl.doFilter(FilterHandler.java:131)
	at com.ruoyi.common.filter.RepeatableFilter.doFilter(RepeatableFilter.java:30)
	at io.undertow.servlet.core.ManagedFilter.doFilter(ManagedFilter.java:67)
	at io.undertow.servlet.handlers.FilterHandler$FilterChainImpl.doFilter(FilterHandler.java:131)
	at org.springframework.web.filter.RequestContextFilter.doFilterInternal(RequestContextFilter.java:100)
	at org.springframework.web.filter.OncePerRequestFilter.doFilter(OncePerRequestFilter.java:117)
	at io.undertow.servlet.core.ManagedFilter.doFilter(ManagedFilter.java:67)
	at io.undertow.servlet.handlers.FilterHandler$FilterChainImpl.doFilter(FilterHandler.java:131)
	at cn.dev33.satoken.filter.SaPathCheckFilterForServlet.doFilter(SaPathCheckFilterForServlet.java:55)
	at io.undertow.servlet.core.ManagedFilter.doFilter(ManagedFilter.java:67)
	at io.undertow.servlet.handlers.FilterHandler$FilterChainImpl.doFilter(FilterHandler.java:131)
	at org.springframework.web.filter.FormContentFilter.doFilterInternal(FormContentFilter.java:93)
	at org.springframework.web.filter.OncePerRequestFilter.doFilter(OncePerRequestFilter.java:117)
	at io.undertow.servlet.core.ManagedFilter.doFilter(ManagedFilter.java:67)
	at io.undertow.servlet.handlers.FilterHandler$FilterChainImpl.doFilter(FilterHandler.java:131)
	at org.springframework.boot.actuate.metrics.web.servlet.WebMvcMetricsFilter.doFilterInternal(WebMvcMetricsFilter.java:96)
	at org.springframework.web.filter.OncePerRequestFilter.doFilter(OncePerRequestFilter.java:117)
	at io.undertow.servlet.core.ManagedFilter.doFilter(ManagedFilter.java:67)
	at io.undertow.servlet.handlers.FilterHandler$FilterChainImpl.doFilter(FilterHandler.java:131)
	at org.springframework.web.filter.CharacterEncodingFilter.doFilterInternal(CharacterEncodingFilter.java:201)
	at org.springframework.web.filter.OncePerRequestFilter.doFilter(OncePerRequestFilter.java:117)
	at io.undertow.servlet.core.ManagedFilter.doFilter(ManagedFilter.java:67)
	at io.undertow.servlet.handlers.FilterHandler$FilterChainImpl.doFilter(FilterHandler.java:131)
	at io.undertow.servlet.handlers.FilterHandler.handleRequest(FilterHandler.java:84)
	at io.undertow.servlet.handlers.security.ServletSecurityRoleHandler.handleRequest(ServletSecurityRoleHandler.java:62)
	at io.undertow.servlet.handlers.ServletChain$1.handleRequest(ServletChain.java:68)
	at io.undertow.servlet.handlers.ServletDispatchingHandler.handleRequest(ServletDispatchingHandler.java:36)
	at io.undertow.servlet.handlers.RedirectDirHandler.handleRequest(RedirectDirHandler.java:68)
	at io.undertow.servlet.handlers.security.SSLInformationAssociationHandler.handleRequest(SSLInformationAssociationHandler.java:117)
	at io.undertow.servlet.handlers.security.ServletAuthenticationCallHandler.handleRequest(ServletAuthenticationCallHandler.java:57)
	at io.undertow.server.handlers.PredicateHandler.handleRequest(PredicateHandler.java:43)
	at io.undertow.security.handlers.AbstractConfidentialityHandler.handleRequest(AbstractConfidentialityHandler.java:46)
	at io.undertow.servlet.handlers.security.ServletConfidentialityConstraintHandler.handleRequest(ServletConfidentialityConstraintHandler.java:64)
	at io.undertow.security.handlers.AuthenticationMechanismsHandler.handleRequest(AuthenticationMechanismsHandler.java:60)
	at io.undertow.servlet.handlers.security.CachedAuthenticatedSessionHandler.handleRequest(CachedAuthenticatedSessionHandler.java:77)
	at io.undertow.security.handlers.AbstractSecurityContextAssociationHandler.handleRequest(AbstractSecurityContextAssociationHandler.java:43)
	at io.undertow.server.handlers.PredicateHandler.handleRequest(PredicateHandler.java:43)
	at io.undertow.servlet.handlers.SendErrorPageHandler.handleRequest(SendErrorPageHandler.java:52)
	at io.undertow.server.handlers.PredicateHandler.handleRequest(PredicateHandler.java:43)
	at io.undertow.servlet.handlers.ServletInitialHandler.handleFirstRequest(ServletInitialHandler.java:275)
	at io.undertow.servlet.handlers.ServletInitialHandler.access$100(ServletInitialHandler.java:79)
	at io.undertow.servlet.handlers.ServletInitialHandler$2.call(ServletInitialHandler.java:134)
	at io.undertow.servlet.handlers.ServletInitialHandler$2.call(ServletInitialHandler.java:131)
	at io.undertow.servlet.core.ServletRequestContextThreadSetupAction$1.call(ServletRequestContextThreadSetupAction.java:48)
	at io.undertow.servlet.core.ContextClassLoaderSetupAction$1.call(ContextClassLoaderSetupAction.java:43)
	at io.undertow.servlet.handlers.ServletInitialHandler.dispatchRequest(ServletInitialHandler.java:255)
	at io.undertow.servlet.handlers.ServletInitialHandler.access$000(ServletInitialHandler.java:79)
	at io.undertow.servlet.handlers.ServletInitialHandler$1.handleRequest(ServletInitialHandler.java:100)
	at io.undertow.server.Connectors.executeRootHandler(Connectors.java:393)
	at io.undertow.server.HttpServerExchange$1.run(HttpServerExchange.java:852)
	at org.jboss.threads.ContextClassLoaderSavingRunnable.run(ContextClassLoaderSavingRunnable.java:35)
	at org.jboss.threads.EnhancedQueueExecutor.safeRun(EnhancedQueueExecutor.java:2019)
	at org.jboss.threads.EnhancedQueueExecutor$ThreadBody.doRunTask(EnhancedQueueExecutor.java:1558)
	at org.jboss.threads.EnhancedQueueExecutor$ThreadBody.run(EnhancedQueueExecutor.java:1449)
	at org.xnio.XnioWorker$WorkerThreadFactory$1$1.run(XnioWorker.java:1282)
	at java.lang.Thread.run(Thread.java:750)
2025-10-21 15:51:01 [XNIO-1 task-5] INFO  c.r.f.i.PlusWebInvokeTimeInterceptor - [PLUS]结束请求 => URL[GET /business/chessPiecesType/queryChessPiecesTypeList],耗时:[41]毫秒
2025-10-21 15:51:01 [XNIO-1 task-13] INFO  c.r.f.i.PlusWebInvokeTimeInterceptor - [PLUS]结束请求 => URL[GET /business/chessPiecesCamp/queryChessPiecesCampList],耗时:[51]毫秒
2025-10-21 15:51:01 [XNIO-1 task-6] INFO  c.r.f.i.PlusWebInvokeTimeInterceptor - [PLUS]结束请求 => URL[GET /business/chessPieces/list],耗时:[89]毫秒
2025-10-21 15:51:01 [XNIO-1 task-13] INFO  c.r.f.i.PlusWebInvokeTimeInterceptor - [PLUS]开始请求 => URL[GET /api/system/getOssById/1856587777389072386],无参数
2025-10-21 15:51:01 [XNIO-1 task-5] INFO  c.r.f.i.PlusWebInvokeTimeInterceptor - [PLUS]开始请求 => URL[GET /api/system/getOssById/1856590815659003905],无参数
2025-10-21 15:51:01 [XNIO-1 task-6] INFO  c.r.f.i.PlusWebInvokeTimeInterceptor - [PLUS]开始请求 => URL[GET /api/system/getOssById/1856590846159982594],无参数
2025-10-21 15:51:01 [XNIO-1 task-6] INFO  c.r.f.i.PlusWebInvokeTimeInterceptor - [PLUS]结束请求 => URL[GET /api/system/getOssById/1856590846159982594],耗时:[54]毫秒
2025-10-21 15:51:01 [XNIO-1 task-5] INFO  c.r.f.i.PlusWebInvokeTimeInterceptor - [PLUS]结束请求 => URL[GET /api/system/getOssById/1856590815659003905],耗时:[54]毫秒
2025-10-21 15:51:01 [XNIO-1 task-13] INFO  c.r.f.i.PlusWebInvokeTimeInterceptor - [PLUS]结束请求 => URL[GET /api/system/getOssById/1856587777389072386],耗时:[54]毫秒
2025-10-21 15:51:01 [XNIO-1 task-5] INFO  c.r.f.i.PlusWebInvokeTimeInterceptor - [PLUS]开始请求 => URL[GET /api/system/getOssById/1856590815659003905],无参数
2025-10-21 15:51:01 [XNIO-1 task-6] INFO  c.r.f.i.PlusWebInvokeTimeInterceptor - [PLUS]开始请求 => URL[GET /api/system/getOssById/1856587777389072386],无参数
2025-10-21 15:51:01 [XNIO-1 task-13] INFO  c.r.f.i.PlusWebInvokeTimeInterceptor - [PLUS]开始请求 => URL[GET /api/system/getOssById/1856590846159982594],无参数
2025-10-21 15:51:01 [XNIO-1 task-13] INFO  c.r.f.i.PlusWebInvokeTimeInterceptor - [PLUS]结束请求 => URL[GET /api/system/getOssById/1856590846159982594],耗时:[27]毫秒
2025-10-21 15:51:01 [XNIO-1 task-5] INFO  c.r.f.i.PlusWebInvokeTimeInterceptor - [PLUS]结束请求 => URL[GET /api/system/getOssById/1856590815659003905],耗时:[27]毫秒
2025-10-21 15:51:01 [XNIO-1 task-6] INFO  c.r.f.i.PlusWebInvokeTimeInterceptor - [PLUS]结束请求 => URL[GET /api/system/getOssById/1856587777389072386],耗时:[27]毫秒
2025-10-21 15:51:01 [XNIO-1 task-6] INFO  c.r.f.i.PlusWebInvokeTimeInterceptor - [PLUS]开始请求 => URL[GET /api/system/getOssById/1856590846159982594],无参数
2025-10-21 15:51:01 [XNIO-1 task-13] INFO  c.r.f.i.PlusWebInvokeTimeInterceptor - [PLUS]开始请求 => URL[GET /api/system/getOssById/1856587777389072386],无参数
2025-10-21 15:51:01 [XNIO-1 task-13] INFO  c.r.f.i.PlusWebInvokeTimeInterceptor - [PLUS]结束请求 => URL[GET /api/system/getOssById/1856587777389072386],耗时:[51]毫秒
2025-10-21 15:51:01 [XNIO-1 task-6] INFO  c.r.f.i.PlusWebInvokeTimeInterceptor - [PLUS]结束请求 => URL[GET /api/system/getOssById/1856590846159982594],耗时:[51]毫秒
2025-10-21 15:51:01 [XNIO-1 task-13] INFO  c.r.f.i.PlusWebInvokeTimeInterceptor - [PLUS]开始请求 => URL[GET /api/system/getOssById/1856587777389072386],无参数
2025-10-21 15:51:01 [XNIO-1 task-13] INFO  c.r.f.i.PlusWebInvokeTimeInterceptor - [PLUS]结束请求 => URL[GET /api/system/getOssById/1856587777389072386],耗时:[98]毫秒
2025-10-21 15:51:02 [XNIO-1 task-13] INFO  c.r.f.i.PlusWebInvokeTimeInterceptor - [PLUS]开始请求 => URL[GET /api/system/getOssById/1856587777389072386],无参数
2025-10-21 15:51:02 [XNIO-1 task-13] INFO  c.r.f.i.PlusWebInvokeTimeInterceptor - [PLUS]结束请求 => URL[GET /api/system/getOssById/1856587777389072386],耗时:[96]毫秒
2025-10-21 15:51:06 [XNIO-1 task-13] INFO  c.r.f.i.PlusWebInvokeTimeInterceptor - [PLUS]开始请求 => URL[GET /business/chessPieces/list],参数类型[param],参数:[{"pageSize":["10"],"pageNum":["32"]}]
2025-10-21 15:51:06 [XNIO-1 task-13] INFO  c.r.f.i.PlusWebInvokeTimeInterceptor - [PLUS]结束请求 => URL[GET /business/chessPieces/list],耗时:[72]毫秒
2025-10-21 15:51:06 [XNIO-1 task-13] INFO  c.r.f.i.PlusWebInvokeTimeInterceptor - [PLUS]开始请求 => URL[GET /api/system/getOssById/1856589427889639426],无参数
2025-10-21 15:51:06 [XNIO-1 task-13] INFO  c.r.f.i.PlusWebInvokeTimeInterceptor - [PLUS]结束请求 => URL[GET /api/system/getOssById/1856589427889639426],耗时:[31]毫秒
2025-10-21 15:51:06 [XNIO-1 task-13] INFO  c.r.f.i.PlusWebInvokeTimeInterceptor - [PLUS]开始请求 => URL[GET /api/system/getOssById/1856589427889639426],无参数
2025-10-21 15:51:06 [XNIO-1 task-13] INFO  c.r.f.i.PlusWebInvokeTimeInterceptor - [PLUS]结束请求 => URL[GET /api/system/getOssById/1856589427889639426],耗时:[24]毫秒
2025-10-21 15:51:06 [XNIO-1 task-13] INFO  c.r.f.i.PlusWebInvokeTimeInterceptor - [PLUS]开始请求 => URL[GET /api/system/getOssById/1856589427889639426],无参数
2025-10-21 15:51:06 [XNIO-1 task-13] INFO  c.r.f.i.PlusWebInvokeTimeInterceptor - [PLUS]结束请求 => URL[GET /api/system/getOssById/1856589427889639426],耗时:[23]毫秒
2025-10-21 15:51:08 [XNIO-1 task-5] INFO  c.r.f.i.PlusWebInvokeTimeInterceptor - [PLUS]开始请求 => URL[GET /system/dict/data/type/level_type],无参数
2025-10-21 15:51:08 [XNIO-1 task-6] INFO  c.r.f.i.PlusWebInvokeTimeInterceptor - [PLUS]开始请求 => URL[GET /system/dict/data/type/subject_type],无参数
2025-10-21 15:51:08 [XNIO-1 task-13] INFO  c.r.f.i.PlusWebInvokeTimeInterceptor - [PLUS]开始请求 => URL[GET /system/dict/data/type/mode_type],无参数
2025-10-21 15:51:08 [XNIO-1 task-11] INFO  c.r.f.i.PlusWebInvokeTimeInterceptor - [PLUS]开始请求 => URL[GET /system/dict/data/type/shelf_flag],无参数
2025-10-21 15:51:08 [XNIO-1 task-12] INFO  c.r.f.i.PlusWebInvokeTimeInterceptor - [PLUS]开始请求 => URL[GET /business/product/list],参数类型[param],参数:[{"pageSize":["10"],"pageNum":["1"]}]
2025-10-21 15:51:08 [XNIO-1 task-7] INFO  c.r.f.i.PlusWebInvokeTimeInterceptor - [PLUS]开始请求 => URL[GET /system/dict/data/type/verdict_type],无参数
2025-10-21 15:51:08 [XNIO-1 task-5] INFO  c.r.f.i.PlusWebInvokeTimeInterceptor - [PLUS]结束请求 => URL[GET /system/dict/data/type/level_type],耗时:[28]毫秒
2025-10-21 15:51:08 [XNIO-1 task-6] INFO  c.r.f.i.PlusWebInvokeTimeInterceptor - [PLUS]结束请求 => URL[GET /system/dict/data/type/subject_type],耗时:[27]毫秒
2025-10-21 15:51:08 [XNIO-1 task-7] INFO  c.r.f.i.PlusWebInvokeTimeInterceptor - [PLUS]结束请求 => URL[GET /system/dict/data/type/verdict_type],耗时:[26]毫秒
2025-10-21 15:51:08 [XNIO-1 task-13] INFO  c.r.f.i.PlusWebInvokeTimeInterceptor - [PLUS]结束请求 => URL[GET /system/dict/data/type/mode_type],耗时:[27]毫秒
2025-10-21 15:51:08 [XNIO-1 task-11] INFO  c.r.f.i.PlusWebInvokeTimeInterceptor - [PLUS]结束请求 => URL[GET /system/dict/data/type/shelf_flag],耗时:[28]毫秒
2025-10-21 15:51:08 [XNIO-1 task-5] INFO  c.r.f.i.PlusWebInvokeTimeInterceptor - [PLUS]开始请求 => URL[GET /business/scenario/queryScenarioList],无参数
2025-10-21 15:51:08 [XNIO-1 task-11] INFO  c.r.f.i.PlusWebInvokeTimeInterceptor - [PLUS]开始请求 => URL[GET /business/chessPieces/queryChessPiecesList],无参数
2025-10-21 15:51:08 [XNIO-1 task-5] INFO  c.r.f.i.PlusWebInvokeTimeInterceptor - [PLUS]结束请求 => URL[GET /business/scenario/queryScenarioList],耗时:[55]毫秒
2025-10-21 15:51:08 [XNIO-1 task-12] INFO  c.r.f.i.PlusWebInvokeTimeInterceptor - [PLUS]结束请求 => URL[GET /business/product/list],耗时:[88]毫秒
2025-10-21 15:51:08 [XNIO-1 task-11] INFO  c.r.f.i.PlusWebInvokeTimeInterceptor - [PLUS]结束请求 => URL[GET /business/chessPieces/queryChessPiecesList],耗时:[79]毫秒
2025-10-21 15:51:11 [XNIO-1 task-11] INFO  c.r.f.i.PlusWebInvokeTimeInterceptor - [PLUS]开始请求 => URL[GET /business/product/list],无参数
2025-10-21 15:51:11 [XNIO-1 task-5] INFO  c.r.f.i.PlusWebInvokeTimeInterceptor - [PLUS]开始请求 => URL[GET /system/dict/data/type/chess_attr_type],无参数
2025-10-21 15:51:11 [XNIO-1 task-12] INFO  c.r.f.i.PlusWebInvokeTimeInterceptor - [PLUS]开始请求 => URL[GET /system/dict/data/type/chess_attr_init],无参数
2025-10-21 15:51:11 [XNIO-1 task-12] INFO  c.r.f.i.PlusWebInvokeTimeInterceptor - [PLUS]结束请求 => URL[GET /system/dict/data/type/chess_attr_init],耗时:[23]毫秒
2025-10-21 15:51:11 [XNIO-1 task-5] INFO  c.r.f.i.PlusWebInvokeTimeInterceptor - [PLUS]结束请求 => URL[GET /system/dict/data/type/chess_attr_type],耗时:[23]毫秒
2025-10-21 15:51:11 [XNIO-1 task-11] INFO  c.r.f.i.PlusWebInvokeTimeInterceptor - [PLUS]结束请求 => URL[GET /business/product/list],耗时:[62]毫秒
2025-10-21 15:51:11 [XNIO-1 task-12] INFO  c.r.f.i.PlusWebInvokeTimeInterceptor - [PLUS]开始请求 => URL[GET /business/chessPiecesType/list],参数类型[param],参数:[{"productId":["1690375113702400000"],"pageSize":["10"],"pageNum":["1"],"productName":["火力战"]}]
2025-10-21 15:51:11 [XNIO-1 task-11] INFO  c.r.f.i.PlusWebInvokeTimeInterceptor - [PLUS]开始请求 => URL[GET /app/verdictType/list],参数类型[param],参数:[{"productId":["1690375113702400000"],"productName":["火力战"]}]
2025-10-21 15:51:11 [XNIO-1 task-12] INFO  c.r.f.i.PlusWebInvokeTimeInterceptor - [PLUS]结束请求 => URL[GET /business/chessPiecesType/list],耗时:[67]毫秒
2025-10-21 15:51:11 [XNIO-1 task-11] INFO  c.r.f.i.PlusWebInvokeTimeInterceptor - [PLUS]结束请求 => URL[GET /app/verdictType/list],耗时:[71]毫秒
2025-10-21 15:51:20 [XNIO-1 task-11] INFO  c.r.f.i.PlusWebInvokeTimeInterceptor - [PLUS]开始请求 => URL[GET /business/product/list],参数类型[param],参数:[{"pageSize":["10"],"pageNum":["1"]}]
2025-10-21 15:51:20 [XNIO-1 task-11] INFO  c.r.f.i.PlusWebInvokeTimeInterceptor - [PLUS]结束请求 => URL[GET /business/product/list],耗时:[66]毫秒
2025-10-21 15:51:20 [XNIO-1 task-11] INFO  c.r.f.i.PlusWebInvokeTimeInterceptor - [PLUS]开始请求 => URL[GET /business/chessPiecesAttribute/list],参数类型[param],参数:[{"productId":["1690375113702400000"],"pageSize":["10"],"pageNum":["1"]}]
2025-10-21 15:51:20 [XNIO-1 task-11] INFO  c.r.f.i.PlusWebInvokeTimeInterceptor - [PLUS]结束请求 => URL[GET /business/chessPiecesAttribute/list],耗时:[69]毫秒
2025-10-21 15:51:22 [XNIO-1 task-11] INFO  c.r.f.i.PlusWebInvokeTimeInterceptor - [PLUS]开始请求 => URL[GET /business/product/list],无参数
2025-10-21 15:51:22 [XNIO-1 task-12] INFO  c.r.f.i.PlusWebInvokeTimeInterceptor - [PLUS]开始请求 => URL[GET /business/verdictDimension/listAll],无参数
2025-10-21 15:51:22 [XNIO-1 task-5] INFO  c.r.f.i.PlusWebInvokeTimeInterceptor - [PLUS]开始请求 => URL[GET /system/dict/data/type/biz_rule_resource_type],无参数
2025-10-21 15:51:22 [XNIO-1 task-13] INFO  c.r.f.i.PlusWebInvokeTimeInterceptor - [PLUS]开始请求 => URL[GET /system/dict/type/optionselect],无参数
2025-10-21 15:51:22 [XNIO-1 task-5] INFO  c.r.f.i.PlusWebInvokeTimeInterceptor - [PLUS]结束请求 => URL[GET /system/dict/data/type/biz_rule_resource_type],耗时:[28]毫秒
2025-10-21 15:51:22 [XNIO-1 task-13] INFO  c.r.f.i.PlusWebInvokeTimeInterceptor - [PLUS]结束请求 => URL[GET /system/dict/type/optionselect],耗时:[34]毫秒
2025-10-21 15:51:22 [XNIO-1 task-12] INFO  c.r.f.i.PlusWebInvokeTimeInterceptor - [PLUS]结束请求 => URL[GET /business/verdictDimension/listAll],耗时:[45]毫秒
2025-10-21 15:51:22 [XNIO-1 task-11] INFO  c.r.f.i.PlusWebInvokeTimeInterceptor - [PLUS]结束请求 => URL[GET /business/product/list],耗时:[65]毫秒
2025-10-21 15:51:22 [XNIO-1 task-11] INFO  c.r.f.i.PlusWebInvokeTimeInterceptor - [PLUS]开始请求 => URL[GET /app/verdictType/bizVerdictTypeTree],参数类型[param],参数:[{"productId":["1690375113702400000"],"productName":["火力战"]}]
2025-10-21 15:51:22 [XNIO-1 task-11] INFO  c.r.f.i.PlusWebInvokeTimeInterceptor - [PLUS]结束请求 => URL[GET /app/verdictType/bizVerdictTypeTree],耗时:[29]毫秒
2025-10-21 15:51:27 [XNIO-1 task-11] INFO  c.r.f.i.PlusWebInvokeTimeInterceptor - [PLUS]开始请求 => URL[GET /business/product/list],无参数
2025-10-21 15:51:27 [XNIO-1 task-11] INFO  c.r.f.i.PlusWebInvokeTimeInterceptor - [PLUS]结束请求 => URL[GET /business/product/list],耗时:[67]毫秒
2025-10-21 15:51:27 [XNIO-1 task-12] INFO  c.r.f.i.PlusWebInvokeTimeInterceptor - [PLUS]开始请求 => URL[GET /business/verdictDimension/list],参数类型[param],参数:[{"productId":["1690375113702400000"],"pageSize":["10"],"pageNum":["1"],"productName":["火力战"]}]
2025-10-21 15:51:27 [XNIO-1 task-11] INFO  c.r.f.i.PlusWebInvokeTimeInterceptor - [PLUS]开始请求 => URL[GET /app/verdictType/list],参数类型[param],参数:[{"productId":["1690375113702400000"],"productName":["火力战"]}]
2025-10-21 15:51:27 [XNIO-1 task-11] INFO  c.r.f.i.PlusWebInvokeTimeInterceptor - [PLUS]结束请求 => URL[GET /app/verdictType/list],耗时:[54]毫秒
2025-10-21 15:51:27 [XNIO-1 task-12] INFO  c.r.f.i.PlusWebInvokeTimeInterceptor - [PLUS]结束请求 => URL[GET /business/verdictDimension/list],耗时:[66]毫秒
2025-10-21 15:51:29 [XNIO-1 task-12] INFO  c.r.f.i.PlusWebInvokeTimeInterceptor - [PLUS]开始请求 => URL[GET /business/verdictRule/list],参数类型[param],参数:[{"pageSize":["10"],"pageNum":["1"]}]
2025-10-21 15:51:29 [XNIO-1 task-12] ERROR c.r.f.w.e.GlobalExceptionHandler - 请求地址'/business/verdictRule/list',发生未知异常.
org.springframework.jdbc.BadSqlGrammarException: 
### Error querying database.  Cause: java.sql.SQLSyntaxErrorException: Unknown column 'verdict_type' in 'field list'
### The error may exist in com/ruoyi/business/mapper/BizVerdictRuleMapper.java (best guess)
### The error may involve defaultParameterMap
### The error occurred while setting parameters
### SQL: SELECT  id,verdict_type,self_weapon_name,target_weapon_name,distance,attack_score,remark,ext,product_id,product_name,del_flag,create_by,create_time,update_by,update_time  FROM biz_verdict_rule  WHERE del_flag='0' LIMIT ?
### Cause: java.sql.SQLSyntaxErrorException: Unknown column 'verdict_type' in 'field list'
; bad SQL grammar []; nested exception is java.sql.SQLSyntaxErrorException: Unknown column 'verdict_type' in 'field list'
	at org.springframework.jdbc.support.SQLErrorCodeSQLExceptionTranslator.doTranslate(SQLErrorCodeSQLExceptionTranslator.java:236)
	at org.springframework.jdbc.support.AbstractFallbackSQLExceptionTranslator.translate(AbstractFallbackSQLExceptionTranslator.java:73)
	at org.mybatis.spring.MyBatisExceptionTranslator.translateExceptionIfPossible(MyBatisExceptionTranslator.java:92)
	at org.mybatis.spring.SqlSessionTemplate$SqlSessionInterceptor.invoke(SqlSessionTemplate.java:439)
	at com.sun.proxy.$Proxy136.selectList(Unknown Source)
	at org.mybatis.spring.SqlSessionTemplate.selectList(SqlSessionTemplate.java:224)
	at com.baomidou.mybatisplus.core.override.MybatisMapperMethod.executeForMany(MybatisMapperMethod.java:166)
	at com.baomidou.mybatisplus.core.override.MybatisMapperMethod.execute(MybatisMapperMethod.java:77)
	at com.baomidou.mybatisplus.core.override.MybatisMapperProxy$PlainMethodInvoker.invoke(MybatisMapperProxy.java:152)
	at com.baomidou.mybatisplus.core.override.MybatisMapperProxy.invoke(MybatisMapperProxy.java:89)
	at com.sun.proxy.$Proxy205.selectList(Unknown Source)
	at com.ruoyi.common.core.mapper.BaseMapperPlus.selectVoPage(BaseMapperPlus.java:183)
	at java.lang.invoke.MethodHandle.invokeWithArguments(MethodHandle.java:627)
	at com.baomidou.mybatisplus.core.override.MybatisMapperProxy$DefaultMethodInvoker.invoke(MybatisMapperProxy.java:166)
	at com.baomidou.mybatisplus.core.override.MybatisMapperProxy.invoke(MybatisMapperProxy.java:89)
	at com.sun.proxy.$Proxy205.selectVoPage(Unknown Source)
	at com.ruoyi.common.core.mapper.BaseMapperPlus.selectVoPage(BaseMapperPlus.java:176)
	at java.lang.invoke.MethodHandle.invokeWithArguments(MethodHandle.java:627)
	at com.baomidou.mybatisplus.core.override.MybatisMapperProxy$DefaultMethodInvoker.invoke(MybatisMapperProxy.java:166)
	at com.baomidou.mybatisplus.core.override.MybatisMapperProxy.invoke(MybatisMapperProxy.java:89)
	at com.sun.proxy.$Proxy205.selectVoPage(Unknown Source)
	at com.ruoyi.business.service.impl.BizVerdictRuleServiceImpl.queryPageList(BizVerdictRuleServiceImpl.java:48)
	at com.ruoyi.business.controller.BizVerdictRuleController.list(BizVerdictRuleController.java:48)
	at com.ruoyi.business.controller.BizVerdictRuleController$$FastClassBySpringCGLIB$$c3ecc941.invoke(<generated>)
	at org.springframework.cglib.proxy.MethodProxy.invoke(MethodProxy.java:218)
	at org.springframework.aop.framework.CglibAopProxy$CglibMethodInvocation.invokeJoinpoint(CglibAopProxy.java:792)
	at org.springframework.aop.framework.ReflectiveMethodInvocation.proceed(ReflectiveMethodInvocation.java:163)
	at org.springframework.aop.framework.CglibAopProxy$CglibMethodInvocation.proceed(CglibAopProxy.java:762)
	at org.springframework.validation.beanvalidation.MethodValidationInterceptor.invoke(MethodValidationInterceptor.java:123)
	at org.springframework.aop.framework.ReflectiveMethodInvocation.proceed(ReflectiveMethodInvocation.java:186)
	at org.springframework.aop.framework.CglibAopProxy$CglibMethodInvocation.proceed(CglibAopProxy.java:762)
	at org.springframework.aop.interceptor.ExposeInvocationInterceptor.invoke(ExposeInvocationInterceptor.java:97)
	at org.springframework.aop.framework.ReflectiveMethodInvocation.proceed(ReflectiveMethodInvocation.java:186)
	at org.springframework.aop.framework.CglibAopProxy$CglibMethodInvocation.proceed(CglibAopProxy.java:762)
	at org.springframework.aop.framework.CglibAopProxy$DynamicAdvisedInterceptor.intercept(CglibAopProxy.java:707)
	at com.ruoyi.business.controller.BizVerdictRuleController$$EnhancerBySpringCGLIB$$d3ba0d96.list(<generated>)
	at sun.reflect.NativeMethodAccessorImpl.invoke0(Native Method)
	at sun.reflect.NativeMethodAccessorImpl.invoke(NativeMethodAccessorImpl.java:62)
	at sun.reflect.DelegatingMethodAccessorImpl.invoke(DelegatingMethodAccessorImpl.java:43)
	at java.lang.reflect.Method.invoke(Method.java:498)
	at org.springframework.web.method.support.InvocableHandlerMethod.doInvoke(InvocableHandlerMethod.java:205)
	at org.springframework.web.method.support.InvocableHandlerMethod.invokeForRequest(InvocableHandlerMethod.java:150)
	at org.springframework.web.servlet.mvc.method.annotation.ServletInvocableHandlerMethod.invokeAndHandle(ServletInvocableHandlerMethod.java:117)
	at org.springframework.web.servlet.mvc.method.annotation.RequestMappingHandlerAdapter.invokeHandlerMethod(RequestMappingHandlerAdapter.java:895)
	at org.springframework.web.servlet.mvc.method.annotation.RequestMappingHandlerAdapter.handleInternal(RequestMappingHandlerAdapter.java:808)
	at org.springframework.web.servlet.mvc.method.AbstractHandlerMethodAdapter.handle(AbstractHandlerMethodAdapter.java:87)
	at org.springframework.web.servlet.DispatcherServlet.doDispatch(DispatcherServlet.java:1072)
	at org.springframework.web.servlet.DispatcherServlet.doService(DispatcherServlet.java:965)
	at org.springframework.web.servlet.FrameworkServlet.processRequest(FrameworkServlet.java:1006)
	at org.springframework.web.servlet.FrameworkServlet.doGet(FrameworkServlet.java:898)
	at javax.servlet.http.HttpServlet.service(HttpServlet.java:497)
	at org.springframework.web.servlet.FrameworkServlet.service(FrameworkServlet.java:883)
	at javax.servlet.http.HttpServlet.service(HttpServlet.java:584)
	at io.undertow.servlet.handlers.ServletHandler.handleRequest(ServletHandler.java:74)
	at io.undertow.servlet.handlers.FilterHandler$FilterChainImpl.doFilter(FilterHandler.java:129)
	at org.springframework.web.filter.CorsFilter.doFilterInternal(CorsFilter.java:91)
	at org.springframework.web.filter.OncePerRequestFilter.doFilter(OncePerRequestFilter.java:117)
	at io.undertow.servlet.core.ManagedFilter.doFilter(ManagedFilter.java:67)
	at io.undertow.servlet.handlers.FilterHandler$FilterChainImpl.doFilter(FilterHandler.java:131)
	at com.ruoyi.common.filter.RepeatableFilter.doFilter(RepeatableFilter.java:30)
	at io.undertow.servlet.core.ManagedFilter.doFilter(ManagedFilter.java:67)
	at io.undertow.servlet.handlers.FilterHandler$FilterChainImpl.doFilter(FilterHandler.java:131)
	at org.springframework.web.filter.RequestContextFilter.doFilterInternal(RequestContextFilter.java:100)
	at org.springframework.web.filter.OncePerRequestFilter.doFilter(OncePerRequestFilter.java:117)
	at io.undertow.servlet.core.ManagedFilter.doFilter(ManagedFilter.java:67)
	at io.undertow.servlet.handlers.FilterHandler$FilterChainImpl.doFilter(FilterHandler.java:131)
	at cn.dev33.satoken.filter.SaPathCheckFilterForServlet.doFilter(SaPathCheckFilterForServlet.java:55)
	at io.undertow.servlet.core.ManagedFilter.doFilter(ManagedFilter.java:67)
	at io.undertow.servlet.handlers.FilterHandler$FilterChainImpl.doFilter(FilterHandler.java:131)
	at org.springframework.web.filter.FormContentFilter.doFilterInternal(FormContentFilter.java:93)
	at org.springframework.web.filter.OncePerRequestFilter.doFilter(OncePerRequestFilter.java:117)
	at io.undertow.servlet.core.ManagedFilter.doFilter(ManagedFilter.java:67)
	at io.undertow.servlet.handlers.FilterHandler$FilterChainImpl.doFilter(FilterHandler.java:131)
	at org.springframework.boot.actuate.metrics.web.servlet.WebMvcMetricsFilter.doFilterInternal(WebMvcMetricsFilter.java:96)
	at org.springframework.web.filter.OncePerRequestFilter.doFilter(OncePerRequestFilter.java:117)
	at io.undertow.servlet.core.ManagedFilter.doFilter(ManagedFilter.java:67)
	at io.undertow.servlet.handlers.FilterHandler$FilterChainImpl.doFilter(FilterHandler.java:131)
	at org.springframework.web.filter.CharacterEncodingFilter.doFilterInternal(CharacterEncodingFilter.java:201)
	at org.springframework.web.filter.OncePerRequestFilter.doFilter(OncePerRequestFilter.java:117)
	at io.undertow.servlet.core.ManagedFilter.doFilter(ManagedFilter.java:67)
	at io.undertow.servlet.handlers.FilterHandler$FilterChainImpl.doFilter(FilterHandler.java:131)
	at io.undertow.servlet.handlers.FilterHandler.handleRequest(FilterHandler.java:84)
	at io.undertow.servlet.handlers.security.ServletSecurityRoleHandler.handleRequest(ServletSecurityRoleHandler.java:62)
	at io.undertow.servlet.handlers.ServletChain$1.handleRequest(ServletChain.java:68)
	at io.undertow.servlet.handlers.ServletDispatchingHandler.handleRequest(ServletDispatchingHandler.java:36)
	at io.undertow.servlet.handlers.RedirectDirHandler.handleRequest(RedirectDirHandler.java:68)
	at io.undertow.servlet.handlers.security.SSLInformationAssociationHandler.handleRequest(SSLInformationAssociationHandler.java:117)
	at io.undertow.servlet.handlers.security.ServletAuthenticationCallHandler.handleRequest(ServletAuthenticationCallHandler.java:57)
	at io.undertow.server.handlers.PredicateHandler.handleRequest(PredicateHandler.java:43)
	at io.undertow.security.handlers.AbstractConfidentialityHandler.handleRequest(AbstractConfidentialityHandler.java:46)
	at io.undertow.servlet.handlers.security.ServletConfidentialityConstraintHandler.handleRequest(ServletConfidentialityConstraintHandler.java:64)
	at io.undertow.security.handlers.AuthenticationMechanismsHandler.handleRequest(AuthenticationMechanismsHandler.java:60)
	at io.undertow.servlet.handlers.security.CachedAuthenticatedSessionHandler.handleRequest(CachedAuthenticatedSessionHandler.java:77)
	at io.undertow.security.handlers.AbstractSecurityContextAssociationHandler.handleRequest(AbstractSecurityContextAssociationHandler.java:43)
	at io.undertow.server.handlers.PredicateHandler.handleRequest(PredicateHandler.java:43)
	at io.undertow.servlet.handlers.SendErrorPageHandler.handleRequest(SendErrorPageHandler.java:52)
	at io.undertow.server.handlers.PredicateHandler.handleRequest(PredicateHandler.java:43)
	at io.undertow.servlet.handlers.ServletInitialHandler.handleFirstRequest(ServletInitialHandler.java:275)
	at io.undertow.servlet.handlers.ServletInitialHandler.access$100(ServletInitialHandler.java:79)
	at io.undertow.servlet.handlers.ServletInitialHandler$2.call(ServletInitialHandler.java:134)
	at io.undertow.servlet.handlers.ServletInitialHandler$2.call(ServletInitialHandler.java:131)
	at io.undertow.servlet.core.ServletRequestContextThreadSetupAction$1.call(ServletRequestContextThreadSetupAction.java:48)
	at io.undertow.servlet.core.ContextClassLoaderSetupAction$1.call(ContextClassLoaderSetupAction.java:43)
	at io.undertow.servlet.handlers.ServletInitialHandler.dispatchRequest(ServletInitialHandler.java:255)
	at io.undertow.servlet.handlers.ServletInitialHandler.access$000(ServletInitialHandler.java:79)
	at io.undertow.servlet.handlers.ServletInitialHandler$1.handleRequest(ServletInitialHandler.java:100)
	at io.undertow.server.Connectors.executeRootHandler(Connectors.java:393)
	at io.undertow.server.HttpServerExchange$1.run(HttpServerExchange.java:852)
	at org.jboss.threads.ContextClassLoaderSavingRunnable.run(ContextClassLoaderSavingRunnable.java:35)
	at org.jboss.threads.EnhancedQueueExecutor.safeRun(EnhancedQueueExecutor.java:2019)
	at org.jboss.threads.EnhancedQueueExecutor$ThreadBody.doRunTask(EnhancedQueueExecutor.java:1558)
	at org.jboss.threads.EnhancedQueueExecutor$ThreadBody.run(EnhancedQueueExecutor.java:1449)
	at org.xnio.XnioWorker$WorkerThreadFactory$1$1.run(XnioWorker.java:1282)
	at java.lang.Thread.run(Thread.java:750)
Caused by: java.sql.SQLSyntaxErrorException: Unknown column 'verdict_type' in 'field list'
	at com.mysql.cj.jdbc.exceptions.SQLError.createSQLException(SQLError.java:121)
	at com.mysql.cj.jdbc.exceptions.SQLExceptionsMapping.translateException(SQLExceptionsMapping.java:122)
	at com.mysql.cj.jdbc.ClientPreparedStatement.executeInternal(ClientPreparedStatement.java:916)
	at com.mysql.cj.jdbc.ClientPreparedStatement.execute(ClientPreparedStatement.java:354)
	at com.zaxxer.hikari.pool.ProxyPreparedStatement.execute(ProxyPreparedStatement.java:44)
	at com.zaxxer.hikari.pool.HikariProxyPreparedStatement.execute(HikariProxyPreparedStatement.java)
	at com.p6spy.engine.wrapper.PreparedStatementWrapper.execute(PreparedStatementWrapper.java:362)
	at org.apache.ibatis.executor.statement.PreparedStatementHandler.query(PreparedStatementHandler.java:65)
	at org.apache.ibatis.executor.statement.RoutingStatementHandler.query(RoutingStatementHandler.java:80)
	at sun.reflect.GeneratedMethodAccessor146.invoke(Unknown Source)
	at sun.reflect.DelegatingMethodAccessorImpl.invoke(DelegatingMethodAccessorImpl.java:43)
	at java.lang.reflect.Method.invoke(Method.java:498)
	at org.apache.ibatis.plugin.Plugin.invoke(Plugin.java:61)
	at com.sun.proxy.$Proxy324.query(Unknown Source)
	at org.apache.ibatis.executor.SimpleExecutor.doQuery(SimpleExecutor.java:65)
	at org.apache.ibatis.executor.BaseExecutor.queryFromDatabase(BaseExecutor.java:333)
	at org.apache.ibatis.executor.BaseExecutor.query(BaseExecutor.java:158)
	at org.apache.ibatis.executor.CachingExecutor.query(CachingExecutor.java:110)
	at com.baomidou.mybatisplus.extension.plugins.MybatisPlusInterceptor.intercept(MybatisPlusInterceptor.java:81)
	at org.apache.ibatis.plugin.Plugin.invoke(Plugin.java:59)
	at com.sun.proxy.$Proxy323.query(Unknown Source)
	at org.apache.ibatis.session.defaults.DefaultSqlSession.selectList(DefaultSqlSession.java:154)
	at org.apache.ibatis.session.defaults.DefaultSqlSession.selectList(DefaultSqlSession.java:147)
	at org.apache.ibatis.session.defaults.DefaultSqlSession.selectList(DefaultSqlSession.java:142)
	at sun.reflect.GeneratedMethodAccessor116.invoke(Unknown Source)
	at sun.reflect.DelegatingMethodAccessorImpl.invoke(DelegatingMethodAccessorImpl.java:43)
	at java.lang.reflect.Method.invoke(Method.java:498)
	at org.mybatis.spring.SqlSessionTemplate$SqlSessionInterceptor.invoke(SqlSessionTemplate.java:425)
	... 110 common frames omitted
2025-10-21 15:51:29 [XNIO-1 task-12] INFO  c.r.f.i.PlusWebInvokeTimeInterceptor - [PLUS]结束请求 => URL[GET /business/verdictRule/list],耗时:[122]毫秒
2025-10-21 15:51:31 [XNIO-1 task-11] INFO  c.r.f.i.PlusWebInvokeTimeInterceptor - [PLUS]开始请求 => URL[GET /business/arbiterMap/queryArbiterMapList],无参数
2025-10-21 15:51:31 [XNIO-1 task-13] INFO  c.r.f.i.PlusWebInvokeTimeInterceptor - [PLUS]开始请求 => URL[GET /business/product/queryProductList],无参数
2025-10-21 15:51:31 [XNIO-1 task-12] INFO  c.r.f.i.PlusWebInvokeTimeInterceptor - [PLUS]开始请求 => URL[GET /business/scenario/list],参数类型[param],参数:[{"pageSize":["10"],"pageNum":["1"]}]
2025-10-21 15:51:31 [XNIO-1 task-11] INFO  c.r.f.i.PlusWebInvokeTimeInterceptor - [PLUS]结束请求 => URL[GET /business/arbiterMap/queryArbiterMapList],耗时:[30]毫秒
2025-10-21 15:51:31 [XNIO-1 task-13] INFO  c.r.f.i.PlusWebInvokeTimeInterceptor - [PLUS]结束请求 => URL[GET /business/product/queryProductList],耗时:[30]毫秒
2025-10-21 15:51:31 [XNIO-1 task-12] INFO  c.r.f.i.PlusWebInvokeTimeInterceptor - [PLUS]结束请求 => URL[GET /business/scenario/list],耗时:[56]毫秒
2025-10-21 15:51:35 [XNIO-1 task-12] INFO  c.r.f.i.PlusWebInvokeTimeInterceptor - [PLUS]开始请求 => URL[GET /business/product/queryProductList],无参数
2025-10-21 15:51:35 [XNIO-1 task-11] INFO  c.r.f.i.PlusWebInvokeTimeInterceptor - [PLUS]开始请求 => URL[GET /business/weapon/list],参数类型[param],参数:[{"pageSize":["10"],"pageNum":["1"]}]
2025-10-21 15:51:35 [XNIO-1 task-12] INFO  c.r.f.i.PlusWebInvokeTimeInterceptor - [PLUS]结束请求 => URL[GET /business/product/queryProductList],耗时:[30]毫秒
2025-10-21 15:51:35 [XNIO-1 task-11] INFO  c.r.f.i.PlusWebInvokeTimeInterceptor - [PLUS]结束请求 => URL[GET /business/weapon/list],耗时:[81]毫秒
2025-10-21 15:51:38 [XNIO-1 task-12] INFO  c.r.f.i.PlusWebInvokeTimeInterceptor - [PLUS]开始请求 => URL[GET /business/product/queryProductList],无参数
2025-10-21 15:51:38 [XNIO-1 task-13] INFO  c.r.f.i.PlusWebInvokeTimeInterceptor - [PLUS]开始请求 => URL[GET /business/arbiterMap/queryArbiterMapList],无参数
2025-10-21 15:51:38 [XNIO-1 task-11] INFO  c.r.f.i.PlusWebInvokeTimeInterceptor - [PLUS]开始请求 => URL[GET /business/scenario/list],参数类型[param],参数:[{"pageSize":["10"],"pageNum":["1"]}]
2025-10-21 15:51:38 [XNIO-1 task-12] INFO  c.r.f.i.PlusWebInvokeTimeInterceptor - [PLUS]结束请求 => URL[GET /business/product/queryProductList],耗时:[31]毫秒
2025-10-21 15:51:38 [XNIO-1 task-13] INFO  c.r.f.i.PlusWebInvokeTimeInterceptor - [PLUS]结束请求 => URL[GET /business/arbiterMap/queryArbiterMapList],耗时:[32]毫秒
2025-10-21 15:51:38 [XNIO-1 task-11] INFO  c.r.f.i.PlusWebInvokeTimeInterceptor - [PLUS]结束请求 => URL[GET /business/scenario/list],耗时:[59]毫秒
2025-10-21 15:51:41 [XNIO-1 task-11] INFO  c.r.f.i.PlusWebInvokeTimeInterceptor - [PLUS]开始请求 => URL[GET /system/menu/list],无参数
2025-10-21 15:51:41 [XNIO-1 task-11] INFO  c.r.f.i.PlusWebInvokeTimeInterceptor - [PLUS]结束请求 => URL[GET /system/menu/list],耗时:[69]毫秒
2025-10-21 15:51:56 [XNIO-1 task-11] INFO  c.r.f.i.PlusWebInvokeTimeInterceptor - [PLUS]开始请求 => URL[DELETE /system/menu/1759503588346810371],无参数
2025-10-21 15:51:56 [XNIO-1 task-11] INFO  c.r.f.i.PlusWebInvokeTimeInterceptor - [PLUS]结束请求 => URL[DELETE /system/menu/1759503588346810371],耗时:[68]毫秒
2025-10-21 15:51:56 [XNIO-1 task-11] INFO  c.r.f.i.PlusWebInvokeTimeInterceptor - [PLUS]开始请求 => URL[GET /system/menu/list],无参数
2025-10-21 15:51:56 [XNIO-1 task-11] INFO  c.r.f.i.PlusWebInvokeTimeInterceptor - [PLUS]结束请求 => URL[GET /system/menu/list],耗时:[61]毫秒
2025-10-21 15:51:58 [XNIO-1 task-11] INFO  c.r.f.i.PlusWebInvokeTimeInterceptor - [PLUS]开始请求 => URL[DELETE /system/menu/1759503588346810370],无参数
2025-10-21 15:51:58 [XNIO-1 task-11] INFO  c.r.f.i.PlusWebInvokeTimeInterceptor - [PLUS]结束请求 => URL[DELETE /system/menu/1759503588346810370],耗时:[60]毫秒
2025-10-21 15:51:59 [XNIO-1 task-11] INFO  c.r.f.i.PlusWebInvokeTimeInterceptor - [PLUS]开始请求 => URL[DELETE /system/menu/1759503588346810372],无参数
2025-10-21 15:51:59 [XNIO-1 task-11] INFO  c.r.f.i.PlusWebInvokeTimeInterceptor - [PLUS]结束请求 => URL[DELETE /system/menu/1759503588346810372],耗时:[68]毫秒
2025-10-21 15:51:59 [XNIO-1 task-11] INFO  c.r.f.i.PlusWebInvokeTimeInterceptor - [PLUS]开始请求 => URL[GET /system/menu/list],无参数
2025-10-21 15:51:59 [XNIO-1 task-11] INFO  c.r.f.i.PlusWebInvokeTimeInterceptor - [PLUS]结束请求 => URL[GET /system/menu/list],耗时:[68]毫秒
2025-10-21 15:52:00 [XNIO-1 task-11] INFO  c.r.f.i.PlusWebInvokeTimeInterceptor - [PLUS]开始请求 => URL[DELETE /system/menu/1759503588346810370],无参数
2025-10-21 15:52:00 [XNIO-1 task-11] INFO  c.r.f.i.PlusWebInvokeTimeInterceptor - [PLUS]结束请求 => URL[DELETE /system/menu/1759503588346810370],耗时:[57]毫秒
2025-10-21 15:52:02 [XNIO-1 task-11] INFO  c.r.f.i.PlusWebInvokeTimeInterceptor - [PLUS]开始请求 => URL[DELETE /system/menu/1759503588346810374],无参数
2025-10-21 15:52:02 [XNIO-1 task-11] INFO  c.r.f.i.PlusWebInvokeTimeInterceptor - [PLUS]结束请求 => URL[DELETE /system/menu/1759503588346810374],耗时:[67]毫秒
2025-10-21 15:52:02 [XNIO-1 task-11] INFO  c.r.f.i.PlusWebInvokeTimeInterceptor - [PLUS]开始请求 => URL[GET /system/menu/list],无参数
2025-10-21 15:52:02 [XNIO-1 task-11] INFO  c.r.f.i.PlusWebInvokeTimeInterceptor - [PLUS]结束请求 => URL[GET /system/menu/list],耗时:[61]毫秒
2025-10-21 15:52:03 [XNIO-1 task-11] INFO  c.r.f.i.PlusWebInvokeTimeInterceptor - [PLUS]开始请求 => URL[DELETE /system/menu/1759503588346810373],无参数
2025-10-21 15:52:03 [XNIO-1 task-11] INFO  c.r.f.i.PlusWebInvokeTimeInterceptor - [PLUS]结束请求 => URL[DELETE /system/menu/1759503588346810373],耗时:[67]毫秒
2025-10-21 15:52:03 [XNIO-1 task-11] INFO  c.r.f.i.PlusWebInvokeTimeInterceptor - [PLUS]开始请求 => URL[GET /system/menu/list],无参数
2025-10-21 15:52:03 [XNIO-1 task-11] INFO  c.r.f.i.PlusWebInvokeTimeInterceptor - [PLUS]结束请求 => URL[GET /system/menu/list],耗时:[62]毫秒
2025-10-21 15:52:04 [XNIO-1 task-11] INFO  c.r.f.i.PlusWebInvokeTimeInterceptor - [PLUS]开始请求 => URL[DELETE /system/menu/1759503588346810375],无参数
2025-10-21 15:52:04 [XNIO-1 task-11] INFO  c.r.f.i.PlusWebInvokeTimeInterceptor - [PLUS]结束请求 => URL[DELETE /system/menu/1759503588346810375],耗时:[68]毫秒
2025-10-21 15:52:04 [XNIO-1 task-11] INFO  c.r.f.i.PlusWebInvokeTimeInterceptor - [PLUS]开始请求 => URL[GET /system/menu/list],无参数
2025-10-21 15:52:04 [XNIO-1 task-11] INFO  c.r.f.i.PlusWebInvokeTimeInterceptor - [PLUS]结束请求 => URL[GET /system/menu/list],耗时:[65]毫秒
2025-10-21 15:52:07 [XNIO-1 task-11] INFO  c.r.f.i.PlusWebInvokeTimeInterceptor - [PLUS]开始请求 => URL[DELETE /system/menu/1759503588346810370],无参数
2025-10-21 15:52:07 [XNIO-1 task-11] INFO  c.r.f.i.PlusWebInvokeTimeInterceptor - [PLUS]结束请求 => URL[DELETE /system/menu/1759503588346810370],耗时:[73]毫秒
2025-10-21 15:52:07 [XNIO-1 task-11] INFO  c.r.f.i.PlusWebInvokeTimeInterceptor - [PLUS]开始请求 => URL[GET /system/menu/list],无参数
2025-10-21 15:52:07 [XNIO-1 task-11] INFO  c.r.f.i.PlusWebInvokeTimeInterceptor - [PLUS]结束请求 => URL[GET /system/menu/list],耗时:[64]毫秒
2025-10-21 15:52:16 [XNIO-1 task-13] INFO  c.r.f.i.PlusWebInvokeTimeInterceptor - [PLUS]开始请求 => URL[GET /business/chessPieces/queryChessPiecesList],无参数
2025-10-21 15:52:16 [XNIO-1 task-11] INFO  c.r.f.i.PlusWebInvokeTimeInterceptor - [PLUS]开始请求 => URL[GET /business/product/list],参数类型[param],参数:[{"pageSize":["10"],"pageNum":["1"]}]
2025-10-21 15:52:16 [XNIO-1 task-12] INFO  c.r.f.i.PlusWebInvokeTimeInterceptor - [PLUS]开始请求 => URL[GET /business/scenario/queryScenarioList],无参数
2025-10-21 15:52:16 [XNIO-1 task-12] INFO  c.r.f.i.PlusWebInvokeTimeInterceptor - [PLUS]结束请求 => URL[GET /business/scenario/queryScenarioList],耗时:[35]毫秒
2025-10-21 15:52:16 [XNIO-1 task-11] INFO  c.r.f.i.PlusWebInvokeTimeInterceptor - [PLUS]结束请求 => URL[GET /business/product/list],耗时:[67]毫秒
2025-10-21 15:52:16 [XNIO-1 task-13] INFO  c.r.f.i.PlusWebInvokeTimeInterceptor - [PLUS]结束请求 => URL[GET /business/chessPieces/queryChessPiecesList],耗时:[74]毫秒
2025-10-21 15:52:17 [XNIO-1 task-12] INFO  c.r.f.i.PlusWebInvokeTimeInterceptor - [PLUS]开始请求 => URL[GET /business/chessPiecesType/queryChessPiecesTypeList],无参数
2025-10-21 15:52:17 [XNIO-1 task-13] INFO  c.r.f.i.PlusWebInvokeTimeInterceptor - [PLUS]开始请求 => URL[GET /business/chessPieces/list],参数类型[param],参数:[{"pageSize":["10"],"pageNum":["1"]}]
2025-10-21 15:52:17 [XNIO-1 task-11] INFO  c.r.f.i.PlusWebInvokeTimeInterceptor - [PLUS]开始请求 => URL[GET /business/product/queryProductList],无参数
2025-10-21 15:52:17 [XNIO-1 task-5] INFO  c.r.f.i.PlusWebInvokeTimeInterceptor - [PLUS]开始请求 => URL[GET /business/chessPiecesCamp/queryChessPiecesCampList],无参数
2025-10-21 15:52:17 [XNIO-1 task-12] ERROR c.r.f.w.e.GlobalExceptionHandler - 请求地址'/business/chessPiecesType/queryChessPiecesTypeList',发生未知异常.
java.lang.NullPointerException: null
	at com.ruoyi.business.service.impl.BizChessPiecesTypeServiceImpl.buildQueryWrapper(BizChessPiecesTypeServiceImpl.java:65)
	at com.ruoyi.business.service.impl.BizChessPiecesTypeServiceImpl.queryList(BizChessPiecesTypeServiceImpl.java:57)
	at com.ruoyi.business.controller.BizChessPiecesTypeController.queryChessPiecesTypeList(BizChessPiecesTypeController.java:52)
	at com.ruoyi.business.controller.BizChessPiecesTypeController$$FastClassBySpringCGLIB$$bec31b8b.invoke(<generated>)
	at org.springframework.cglib.proxy.MethodProxy.invoke(MethodProxy.java:218)
	at org.springframework.aop.framework.CglibAopProxy$CglibMethodInvocation.invokeJoinpoint(CglibAopProxy.java:792)
	at org.springframework.aop.framework.ReflectiveMethodInvocation.proceed(ReflectiveMethodInvocation.java:163)
	at org.springframework.aop.framework.CglibAopProxy$CglibMethodInvocation.proceed(CglibAopProxy.java:762)
	at org.springframework.validation.beanvalidation.MethodValidationInterceptor.invoke(MethodValidationInterceptor.java:123)
	at org.springframework.aop.framework.ReflectiveMethodInvocation.proceed(ReflectiveMethodInvocation.java:186)
	at org.springframework.aop.framework.CglibAopProxy$CglibMethodInvocation.proceed(CglibAopProxy.java:762)
	at org.springframework.aop.interceptor.ExposeInvocationInterceptor.invoke(ExposeInvocationInterceptor.java:97)
	at org.springframework.aop.framework.ReflectiveMethodInvocation.proceed(ReflectiveMethodInvocation.java:186)
	at org.springframework.aop.framework.CglibAopProxy$CglibMethodInvocation.proceed(CglibAopProxy.java:762)
	at org.springframework.aop.framework.CglibAopProxy$DynamicAdvisedInterceptor.intercept(CglibAopProxy.java:707)
	at com.ruoyi.business.controller.BizChessPiecesTypeController$$EnhancerBySpringCGLIB$$b6b5c2b4.queryChessPiecesTypeList(<generated>)
	at sun.reflect.NativeMethodAccessorImpl.invoke0(Native Method)
	at sun.reflect.NativeMethodAccessorImpl.invoke(NativeMethodAccessorImpl.java:62)
	at sun.reflect.DelegatingMethodAccessorImpl.invoke(DelegatingMethodAccessorImpl.java:43)
	at java.lang.reflect.Method.invoke(Method.java:498)
	at org.springframework.web.method.support.InvocableHandlerMethod.doInvoke(InvocableHandlerMethod.java:205)
	at org.springframework.web.method.support.InvocableHandlerMethod.invokeForRequest(InvocableHandlerMethod.java:150)
	at org.springframework.web.servlet.mvc.method.annotation.ServletInvocableHandlerMethod.invokeAndHandle(ServletInvocableHandlerMethod.java:117)
	at org.springframework.web.servlet.mvc.method.annotation.RequestMappingHandlerAdapter.invokeHandlerMethod(RequestMappingHandlerAdapter.java:895)
	at org.springframework.web.servlet.mvc.method.annotation.RequestMappingHandlerAdapter.handleInternal(RequestMappingHandlerAdapter.java:808)
	at org.springframework.web.servlet.mvc.method.AbstractHandlerMethodAdapter.handle(AbstractHandlerMethodAdapter.java:87)
	at org.springframework.web.servlet.DispatcherServlet.doDispatch(DispatcherServlet.java:1072)
	at org.springframework.web.servlet.DispatcherServlet.doService(DispatcherServlet.java:965)
	at org.springframework.web.servlet.FrameworkServlet.processRequest(FrameworkServlet.java:1006)
	at org.springframework.web.servlet.FrameworkServlet.doGet(FrameworkServlet.java:898)
	at javax.servlet.http.HttpServlet.service(HttpServlet.java:497)
	at org.springframework.web.servlet.FrameworkServlet.service(FrameworkServlet.java:883)
	at javax.servlet.http.HttpServlet.service(HttpServlet.java:584)
	at io.undertow.servlet.handlers.ServletHandler.handleRequest(ServletHandler.java:74)
	at io.undertow.servlet.handlers.FilterHandler$FilterChainImpl.doFilter(FilterHandler.java:129)
	at org.springframework.web.filter.CorsFilter.doFilterInternal(CorsFilter.java:91)
	at org.springframework.web.filter.OncePerRequestFilter.doFilter(OncePerRequestFilter.java:117)
	at io.undertow.servlet.core.ManagedFilter.doFilter(ManagedFilter.java:67)
	at io.undertow.servlet.handlers.FilterHandler$FilterChainImpl.doFilter(FilterHandler.java:131)
	at com.ruoyi.common.filter.RepeatableFilter.doFilter(RepeatableFilter.java:30)
	at io.undertow.servlet.core.ManagedFilter.doFilter(ManagedFilter.java:67)
	at io.undertow.servlet.handlers.FilterHandler$FilterChainImpl.doFilter(FilterHandler.java:131)
	at org.springframework.web.filter.RequestContextFilter.doFilterInternal(RequestContextFilter.java:100)
	at org.springframework.web.filter.OncePerRequestFilter.doFilter(OncePerRequestFilter.java:117)
	at io.undertow.servlet.core.ManagedFilter.doFilter(ManagedFilter.java:67)
	at io.undertow.servlet.handlers.FilterHandler$FilterChainImpl.doFilter(FilterHandler.java:131)
	at cn.dev33.satoken.filter.SaPathCheckFilterForServlet.doFilter(SaPathCheckFilterForServlet.java:55)
	at io.undertow.servlet.core.ManagedFilter.doFilter(ManagedFilter.java:67)
	at io.undertow.servlet.handlers.FilterHandler$FilterChainImpl.doFilter(FilterHandler.java:131)
	at org.springframework.web.filter.FormContentFilter.doFilterInternal(FormContentFilter.java:93)
	at org.springframework.web.filter.OncePerRequestFilter.doFilter(OncePerRequestFilter.java:117)
	at io.undertow.servlet.core.ManagedFilter.doFilter(ManagedFilter.java:67)
	at io.undertow.servlet.handlers.FilterHandler$FilterChainImpl.doFilter(FilterHandler.java:131)
	at org.springframework.boot.actuate.metrics.web.servlet.WebMvcMetricsFilter.doFilterInternal(WebMvcMetricsFilter.java:96)
	at org.springframework.web.filter.OncePerRequestFilter.doFilter(OncePerRequestFilter.java:117)
	at io.undertow.servlet.core.ManagedFilter.doFilter(ManagedFilter.java:67)
	at io.undertow.servlet.handlers.FilterHandler$FilterChainImpl.doFilter(FilterHandler.java:131)
	at org.springframework.web.filter.CharacterEncodingFilter.doFilterInternal(CharacterEncodingFilter.java:201)
	at org.springframework.web.filter.OncePerRequestFilter.doFilter(OncePerRequestFilter.java:117)
	at io.undertow.servlet.core.ManagedFilter.doFilter(ManagedFilter.java:67)
	at io.undertow.servlet.handlers.FilterHandler$FilterChainImpl.doFilter(FilterHandler.java:131)
	at io.undertow.servlet.handlers.FilterHandler.handleRequest(FilterHandler.java:84)
	at io.undertow.servlet.handlers.security.ServletSecurityRoleHandler.handleRequest(ServletSecurityRoleHandler.java:62)
	at io.undertow.servlet.handlers.ServletChain$1.handleRequest(ServletChain.java:68)
	at io.undertow.servlet.handlers.ServletDispatchingHandler.handleRequest(ServletDispatchingHandler.java:36)
	at io.undertow.servlet.handlers.RedirectDirHandler.handleRequest(RedirectDirHandler.java:68)
	at io.undertow.servlet.handlers.security.SSLInformationAssociationHandler.handleRequest(SSLInformationAssociationHandler.java:117)
	at io.undertow.servlet.handlers.security.ServletAuthenticationCallHandler.handleRequest(ServletAuthenticationCallHandler.java:57)
	at io.undertow.server.handlers.PredicateHandler.handleRequest(PredicateHandler.java:43)
	at io.undertow.security.handlers.AbstractConfidentialityHandler.handleRequest(AbstractConfidentialityHandler.java:46)
	at io.undertow.servlet.handlers.security.ServletConfidentialityConstraintHandler.handleRequest(ServletConfidentialityConstraintHandler.java:64)
	at io.undertow.security.handlers.AuthenticationMechanismsHandler.handleRequest(AuthenticationMechanismsHandler.java:60)
	at io.undertow.servlet.handlers.security.CachedAuthenticatedSessionHandler.handleRequest(CachedAuthenticatedSessionHandler.java:77)
	at io.undertow.security.handlers.AbstractSecurityContextAssociationHandler.handleRequest(AbstractSecurityContextAssociationHandler.java:43)
	at io.undertow.server.handlers.PredicateHandler.handleRequest(PredicateHandler.java:43)
	at io.undertow.servlet.handlers.SendErrorPageHandler.handleRequest(SendErrorPageHandler.java:52)
	at io.undertow.server.handlers.PredicateHandler.handleRequest(PredicateHandler.java:43)
	at io.undertow.servlet.handlers.ServletInitialHandler.handleFirstRequest(ServletInitialHandler.java:275)
	at io.undertow.servlet.handlers.ServletInitialHandler.access$100(ServletInitialHandler.java:79)
	at io.undertow.servlet.handlers.ServletInitialHandler$2.call(ServletInitialHandler.java:134)
	at io.undertow.servlet.handlers.ServletInitialHandler$2.call(ServletInitialHandler.java:131)
	at io.undertow.servlet.core.ServletRequestContextThreadSetupAction$1.call(ServletRequestContextThreadSetupAction.java:48)
	at io.undertow.servlet.core.ContextClassLoaderSetupAction$1.call(ContextClassLoaderSetupAction.java:43)
	at io.undertow.servlet.handlers.ServletInitialHandler.dispatchRequest(ServletInitialHandler.java:255)
	at io.undertow.servlet.handlers.ServletInitialHandler.access$000(ServletInitialHandler.java:79)
	at io.undertow.servlet.handlers.ServletInitialHandler$1.handleRequest(ServletInitialHandler.java:100)
	at io.undertow.server.Connectors.executeRootHandler(Connectors.java:393)
	at io.undertow.server.HttpServerExchange$1.run(HttpServerExchange.java:852)
	at org.jboss.threads.ContextClassLoaderSavingRunnable.run(ContextClassLoaderSavingRunnable.java:35)
	at org.jboss.threads.EnhancedQueueExecutor.safeRun(EnhancedQueueExecutor.java:2019)
	at org.jboss.threads.EnhancedQueueExecutor$ThreadBody.doRunTask(EnhancedQueueExecutor.java:1558)
	at org.jboss.threads.EnhancedQueueExecutor$ThreadBody.run(EnhancedQueueExecutor.java:1449)
	at org.xnio.XnioWorker$WorkerThreadFactory$1$1.run(XnioWorker.java:1282)
	at java.lang.Thread.run(Thread.java:750)
2025-10-21 15:52:17 [XNIO-1 task-12] INFO  c.r.f.i.PlusWebInvokeTimeInterceptor - [PLUS]结束请求 => URL[GET /business/chessPiecesType/queryChessPiecesTypeList],耗时:[32]毫秒
2025-10-21 15:52:17 [XNIO-1 task-11] INFO  c.r.f.i.PlusWebInvokeTimeInterceptor - [PLUS]结束请求 => URL[GET /business/product/queryProductList],耗时:[40]毫秒
2025-10-21 15:52:17 [XNIO-1 task-5] INFO  c.r.f.i.PlusWebInvokeTimeInterceptor - [PLUS]结束请求 => URL[GET /business/chessPiecesCamp/queryChessPiecesCampList],耗时:[39]毫秒
2025-10-21 15:52:18 [XNIO-1 task-13] INFO  c.r.f.i.PlusWebInvokeTimeInterceptor - [PLUS]结束请求 => URL[GET /business/chessPieces/list],耗时:[83]毫秒
2025-10-21 15:52:18 [XNIO-1 task-11] INFO  c.r.f.i.PlusWebInvokeTimeInterceptor - [PLUS]开始请求 => URL[GET /api/system/getOssById/1856590815659003905],无参数
2025-10-21 15:52:18 [XNIO-1 task-5] INFO  c.r.f.i.PlusWebInvokeTimeInterceptor - [PLUS]开始请求 => URL[GET /api/system/getOssById/1856590846159982594],无参数
2025-10-21 15:52:18 [XNIO-1 task-13] INFO  c.r.f.i.PlusWebInvokeTimeInterceptor - [PLUS]开始请求 => URL[GET /api/system/getOssById/1856587777389072386],无参数
2025-10-21 15:52:18 [XNIO-1 task-11] INFO  c.r.f.i.PlusWebInvokeTimeInterceptor - [PLUS]结束请求 => URL[GET /api/system/getOssById/1856590815659003905],耗时:[23]毫秒
2025-10-21 15:52:18 [XNIO-1 task-13] INFO  c.r.f.i.PlusWebInvokeTimeInterceptor - [PLUS]结束请求 => URL[GET /api/system/getOssById/1856587777389072386],耗时:[23]毫秒
2025-10-21 15:52:18 [XNIO-1 task-5] INFO  c.r.f.i.PlusWebInvokeTimeInterceptor - [PLUS]结束请求 => URL[GET /api/system/getOssById/1856590846159982594],耗时:[28]毫秒
2025-10-21 15:52:18 [XNIO-1 task-13] INFO  c.r.f.i.PlusWebInvokeTimeInterceptor - [PLUS]开始请求 => URL[GET /api/system/getOssById/1856590815659003905],无参数
2025-10-21 15:52:18 [XNIO-1 task-5] INFO  c.r.f.i.PlusWebInvokeTimeInterceptor - [PLUS]开始请求 => URL[GET /api/system/getOssById/1856587777389072386],无参数
2025-10-21 15:52:18 [XNIO-1 task-11] INFO  c.r.f.i.PlusWebInvokeTimeInterceptor - [PLUS]开始请求 => URL[GET /api/system/getOssById/1856590846159982594],无参数
2025-10-21 15:52:18 [XNIO-1 task-13] INFO  c.r.f.i.PlusWebInvokeTimeInterceptor - [PLUS]结束请求 => URL[GET /api/system/getOssById/1856590815659003905],耗时:[20]毫秒
2025-10-21 15:52:18 [XNIO-1 task-5] INFO  c.r.f.i.PlusWebInvokeTimeInterceptor - [PLUS]结束请求 => URL[GET /api/system/getOssById/1856587777389072386],耗时:[20]毫秒
2025-10-21 15:52:18 [XNIO-1 task-11] INFO  c.r.f.i.PlusWebInvokeTimeInterceptor - [PLUS]结束请求 => URL[GET /api/system/getOssById/1856590846159982594],耗时:[19]毫秒
2025-10-21 15:52:18 [XNIO-1 task-11] INFO  c.r.f.i.PlusWebInvokeTimeInterceptor - [PLUS]开始请求 => URL[GET /api/system/getOssById/1856590846159982594],无参数
2025-10-21 15:52:18 [XNIO-1 task-5] INFO  c.r.f.i.PlusWebInvokeTimeInterceptor - [PLUS]开始请求 => URL[GET /api/system/getOssById/1856587777389072386],无参数
2025-10-21 15:52:18 [XNIO-1 task-11] INFO  c.r.f.i.PlusWebInvokeTimeInterceptor - [PLUS]结束请求 => URL[GET /api/system/getOssById/1856590846159982594],耗时:[23]毫秒
2025-10-21 15:52:18 [XNIO-1 task-5] INFO  c.r.f.i.PlusWebInvokeTimeInterceptor - [PLUS]结束请求 => URL[GET /api/system/getOssById/1856587777389072386],耗时:[23]毫秒
2025-10-21 15:52:18 [XNIO-1 task-5] INFO  c.r.f.i.PlusWebInvokeTimeInterceptor - [PLUS]开始请求 => URL[GET /api/system/getOssById/1856587777389072386],无参数
2025-10-21 15:52:18 [XNIO-1 task-5] INFO  c.r.f.i.PlusWebInvokeTimeInterceptor - [PLUS]结束请求 => URL[GET /api/system/getOssById/1856587777389072386],耗时:[21]毫秒
2025-10-21 15:52:18 [XNIO-1 task-5] INFO  c.r.f.i.PlusWebInvokeTimeInterceptor - [PLUS]开始请求 => URL[GET /api/system/getOssById/1856587777389072386],无参数
2025-10-21 15:52:18 [XNIO-1 task-5] INFO  c.r.f.i.PlusWebInvokeTimeInterceptor - [PLUS]结束请求 => URL[GET /api/system/getOssById/1856587777389072386],耗时:[26]毫秒
2025-10-21 15:52:19 [XNIO-1 task-5] INFO  c.r.f.i.PlusWebInvokeTimeInterceptor - [PLUS]开始请求 => URL[GET /business/product/list],参数类型[param],参数:[{"pageSize":["10"],"pageNum":["1"]}]
2025-10-21 15:52:19 [XNIO-1 task-5] INFO  c.r.f.i.PlusWebInvokeTimeInterceptor - [PLUS]结束请求 => URL[GET /business/product/list],耗时:[65]毫秒
2025-10-21 15:52:19 [XNIO-1 task-5] INFO  c.r.f.i.PlusWebInvokeTimeInterceptor - [PLUS]开始请求 => URL[GET /business/chessPiecesAttribute/list],参数类型[param],参数:[{"productId":["1690375113702400000"],"pageSize":["10"],"pageNum":["1"]}]
2025-10-21 15:52:19 [XNIO-1 task-5] INFO  c.r.f.i.PlusWebInvokeTimeInterceptor - [PLUS]结束请求 => URL[GET /business/chessPiecesAttribute/list],耗时:[57]毫秒
2025-10-21 15:52:27 [XNIO-1 task-5] INFO  c.r.f.i.PlusWebInvokeTimeInterceptor - [PLUS]开始请求 => URL[GET /business/product/list],无参数
2025-10-21 15:52:27 [XNIO-1 task-11] INFO  c.r.f.i.PlusWebInvokeTimeInterceptor - [PLUS]开始请求 => URL[GET /system/dict/type/optionselect],无参数
2025-10-21 15:52:27 [XNIO-1 task-13] INFO  c.r.f.i.PlusWebInvokeTimeInterceptor - [PLUS]开始请求 => URL[GET /business/verdictDimension/listAll],无参数
2025-10-21 15:52:27 [XNIO-1 task-13] INFO  c.r.f.i.PlusWebInvokeTimeInterceptor - [PLUS]结束请求 => URL[GET /business/verdictDimension/listAll],耗时:[29]毫秒
2025-10-21 15:52:27 [XNIO-1 task-11] INFO  c.r.f.i.PlusWebInvokeTimeInterceptor - [PLUS]结束请求 => URL[GET /system/dict/type/optionselect],耗时:[30]毫秒
2025-10-21 15:52:27 [XNIO-1 task-5] INFO  c.r.f.i.PlusWebInvokeTimeInterceptor - [PLUS]结束请求 => URL[GET /business/product/list],耗时:[65]毫秒
2025-10-21 15:52:27 [XNIO-1 task-5] INFO  c.r.f.i.PlusWebInvokeTimeInterceptor - [PLUS]开始请求 => URL[GET /app/verdictType/bizVerdictTypeTree],参数类型[param],参数:[{"productId":["1690375113702400000"],"productName":["火力战"]}]
2025-10-21 15:52:27 [XNIO-1 task-5] INFO  c.r.f.i.PlusWebInvokeTimeInterceptor - [PLUS]结束请求 => URL[GET /app/verdictType/bizVerdictTypeTree],耗时:[23]毫秒
2025-10-21 15:52:43 [XNIO-1 task-13] INFO  c.r.f.i.PlusWebInvokeTimeInterceptor - [PLUS]开始请求 => URL[GET /system/oss/list],参数类型[param],参数:[{"pageSize":["10"],"pageNum":["1"]}]
2025-10-21 15:52:43 [XNIO-1 task-5] INFO  c.r.f.i.PlusWebInvokeTimeInterceptor - [PLUS]开始请求 => URL[GET /system/config/configKey/sys.oss.previewListResource],无参数
2025-10-21 15:52:43 [XNIO-1 task-5] INFO  c.r.f.i.PlusWebInvokeTimeInterceptor - [PLUS]结束请求 => URL[GET /system/config/configKey/sys.oss.previewListResource],耗时:[23]毫秒
2025-10-21 15:52:43 [XNIO-1 task-13] INFO  c.r.f.i.PlusWebInvokeTimeInterceptor - [PLUS]结束请求 => URL[GET /system/oss/list],耗时:[93]毫秒
2025-10-21 15:52:51 [XNIO-1 task-13] INFO  c.r.f.i.PlusWebInvokeTimeInterceptor - [PLUS]开始请求 => URL[GET /system/role/list],参数类型[param],参数:[{"pageSize":["10"],"pageNum":["1"]}]
2025-10-21 15:52:51 [XNIO-1 task-13] INFO  c.r.f.i.PlusWebInvokeTimeInterceptor - [PLUS]结束请求 => URL[GET /system/role/list],耗时:[71]毫秒
2025-10-21 15:53:11 [XNIO-1 task-13] INFO  c.r.f.i.PlusWebInvokeTimeInterceptor - [PLUS]开始请求 => URL[GET /system/menu/list],无参数
2025-10-21 15:53:11 [XNIO-1 task-5] INFO  c.r.f.i.PlusWebInvokeTimeInterceptor - [PLUS]开始请求 => URL[GET /system/menu/118],无参数
2025-10-21 15:53:11 [XNIO-1 task-5] INFO  c.r.f.i.PlusWebInvokeTimeInterceptor - [PLUS]结束请求 => URL[GET /system/menu/118],耗时:[60]毫秒
2025-10-21 15:53:11 [XNIO-1 task-13] INFO  c.r.f.i.PlusWebInvokeTimeInterceptor - [PLUS]结束请求 => URL[GET /system/menu/list],耗时:[70]毫秒
2025-10-21 15:53:15 [XNIO-1 task-13] INFO  c.r.f.i.PlusWebInvokeTimeInterceptor - [PLUS]开始请求 => URL[PUT /system/menu],参数类型[json],参数:[{"createBy":"admin","createTime":"2024-02-19 14:34:50","updateBy":"","updateTime":null,"parentName":null,"parentId":1,"children":[],"menuId":118,"menuName":"文件管理","orderNum":10,"path":"oss","component":"system/oss/index","queryParam":"","isFrame":"1","isCache":"0","menuType":"C","visible":"1","status":"1","perms":"system:oss:list","icon":"upload","remark":"文件管理菜单"}]
2025-10-21 15:53:15 [XNIO-1 task-13] INFO  c.r.f.i.PlusWebInvokeTimeInterceptor - [PLUS]结束请求 => URL[PUT /system/menu],耗时:[74]毫秒
2025-10-21 15:53:15 [XNIO-1 task-13] INFO  c.r.f.i.PlusWebInvokeTimeInterceptor - [PLUS]开始请求 => URL[GET /system/menu/list],无参数
2025-10-21 15:53:15 [XNIO-1 task-13] INFO  c.r.f.i.PlusWebInvokeTimeInterceptor - [PLUS]结束请求 => URL[GET /system/menu/list],耗时:[88]毫秒
2025-10-21 15:53:24 [XNIO-1 task-13] INFO  c.r.f.i.PlusWebInvokeTimeInterceptor - [PLUS]开始请求 => URL[GET /system/menu/list],无参数
2025-10-21 15:53:24 [XNIO-1 task-5] INFO  c.r.f.i.PlusWebInvokeTimeInterceptor - [PLUS]开始请求 => URL[GET /system/menu/1833064781008461826],无参数
2025-10-21 15:53:24 [XNIO-1 task-5] INFO  c.r.f.i.PlusWebInvokeTimeInterceptor - [PLUS]结束请求 => URL[GET /system/menu/1833064781008461826],耗时:[58]毫秒
2025-10-21 15:53:24 [XNIO-1 task-13] INFO  c.r.f.i.PlusWebInvokeTimeInterceptor - [PLUS]结束请求 => URL[GET /system/menu/list],耗时:[72]毫秒
2025-10-21 15:53:29 [XNIO-1 task-13] INFO  c.r.f.i.PlusWebInvokeTimeInterceptor - [PLUS]开始请求 => URL[PUT /system/menu],参数类型[json],参数:[{"createBy":"admin","createTime":"2024-09-09 16:52:41","updateBy":"admin","updateTime":"2024-09-10 14:53:24","parentName":null,"parentId":"1759475177796603906","children":[],"menuId":"1833064781008461826","menuName":"裁决维度定义","orderNum":41,"path":"verdictDimension","component":"business/verdictDimension/index","queryParam":null,"isFrame":"1","isCache":"1","menuType":"C","visible":"1","status":"1","perms":"business:verdictDimension:list","icon":"dict","remark":"裁决维度定义菜单"}]
2025-10-21 15:53:29 [XNIO-1 task-13] INFO  c.r.f.i.PlusWebInvokeTimeInterceptor - [PLUS]结束请求 => URL[PUT /system/menu],耗时:[69]毫秒
2025-10-21 15:53:29 [XNIO-1 task-13] INFO  c.r.f.i.PlusWebInvokeTimeInterceptor - [PLUS]开始请求 => URL[GET /system/menu/list],无参数
2025-10-21 15:53:29 [XNIO-1 task-13] INFO  c.r.f.i.PlusWebInvokeTimeInterceptor - [PLUS]结束请求 => URL[GET /system/menu/list],耗时:[64]毫秒
2025-10-21 15:53:31 [XNIO-1 task-13] INFO  c.r.f.i.PlusWebInvokeTimeInterceptor - [PLUS]开始请求 => URL[GET /system/menu/list],无参数
2025-10-21 15:53:31 [XNIO-1 task-5] INFO  c.r.f.i.PlusWebInvokeTimeInterceptor - [PLUS]开始请求 => URL[GET /system/menu/1823365164670726146],无参数
2025-10-21 15:53:31 [XNIO-1 task-5] INFO  c.r.f.i.PlusWebInvokeTimeInterceptor - [PLUS]结束请求 => URL[GET /system/menu/1823365164670726146],耗时:[56]毫秒
2025-10-21 15:53:31 [XNIO-1 task-13] INFO  c.r.f.i.PlusWebInvokeTimeInterceptor - [PLUS]结束请求 => URL[GET /system/menu/list],耗时:[70]毫秒
2025-10-21 15:53:35 [XNIO-1 task-13] INFO  c.r.f.i.PlusWebInvokeTimeInterceptor - [PLUS]开始请求 => URL[PUT /system/menu],参数类型[json],参数:[{"createBy":"admin","createTime":"2024-08-13 22:25:06","updateBy":"admin","updateTime":"2024-09-09 16:55:36","parentName":null,"parentId":"1759475177796603906","children":[],"menuId":"1823365164670726146","menuName":"裁决规则配置","orderNum":40,"path":"bizVerdictRule","component":"app/bizVerdictRule/index","queryParam":null,"isFrame":"1","isCache":"1","menuType":"C","visible":"1","status":"1","perms":"app:bizVerdictRule:list","icon":"tab","remark":""}]
2025-10-21 15:53:35 [XNIO-1 task-13] INFO  c.r.f.i.PlusWebInvokeTimeInterceptor - [PLUS]结束请求 => URL[PUT /system/menu],耗时:[82]毫秒
2025-10-21 15:53:35 [XNIO-1 task-13] INFO  c.r.f.i.PlusWebInvokeTimeInterceptor - [PLUS]开始请求 => URL[GET /system/menu/list],无参数
2025-10-21 15:53:35 [XNIO-1 task-13] INFO  c.r.f.i.PlusWebInvokeTimeInterceptor - [PLUS]结束请求 => URL[GET /system/menu/list],耗时:[70]毫秒
2025-10-21 15:53:41 [XNIO-1 task-13] INFO  c.r.f.i.PlusWebInvokeTimeInterceptor - [PLUS]开始请求 => URL[GET /system/menu/list],无参数
2025-10-21 15:53:41 [XNIO-1 task-5] INFO  c.r.f.i.PlusWebInvokeTimeInterceptor - [PLUS]开始请求 => URL[GET /system/menu/1830511045841022978],无参数
2025-10-21 15:53:41 [XNIO-1 task-5] INFO  c.r.f.i.PlusWebInvokeTimeInterceptor - [PLUS]结束请求 => URL[GET /system/menu/1830511045841022978],耗时:[57]毫秒
2025-10-21 15:53:41 [XNIO-1 task-13] INFO  c.r.f.i.PlusWebInvokeTimeInterceptor - [PLUS]结束请求 => URL[GET /system/menu/list],耗时:[71]毫秒
2025-10-21 15:53:44 [XNIO-1 task-13] INFO  c.r.f.i.PlusWebInvokeTimeInterceptor - [PLUS]开始请求 => URL[PUT /system/menu],参数类型[json],参数:[{"createBy":"admin","createTime":"2024-09-02 16:43:19","updateBy":"admin","updateTime":"2024-09-09 16:55:05","parentName":null,"parentId":"1759475177796603906","children":[],"menuId":"1830511045841022978","menuName":"棋子属性定义","orderNum":35,"path":"chessPiecesAttribute","component":"business/chessPiecesAttribute/index","queryParam":null,"isFrame":"1","isCache":"1","menuType":"C","visible":"1","status":"1","perms":"business:chessPiecesAttribute:list","icon":"dict","remark":"棋子属性定义菜单"}]
2025-10-21 15:53:44 [XNIO-1 task-13] INFO  c.r.f.i.PlusWebInvokeTimeInterceptor - [PLUS]结束请求 => URL[PUT /system/menu],耗时:[70]毫秒
2025-10-21 15:53:44 [XNIO-1 task-13] INFO  c.r.f.i.PlusWebInvokeTimeInterceptor - [PLUS]开始请求 => URL[GET /system/menu/list],无参数
2025-10-21 15:53:44 [XNIO-1 task-13] INFO  c.r.f.i.PlusWebInvokeTimeInterceptor - [PLUS]结束请求 => URL[GET /system/menu/list],耗时:[67]毫秒
2025-10-21 15:53:48 [XNIO-1 task-13] INFO  c.r.f.i.PlusWebInvokeTimeInterceptor - [PLUS]开始请求 => URL[GET /getInfo],无参数
2025-10-21 15:53:48 [XNIO-1 task-13] INFO  c.r.f.i.PlusWebInvokeTimeInterceptor - [PLUS]结束请求 => URL[GET /getInfo],耗时:[48]毫秒
2025-10-21 15:53:48 [XNIO-1 task-13] INFO  c.r.f.i.PlusWebInvokeTimeInterceptor - [PLUS]开始请求 => URL[GET /getRouters],无参数
2025-10-21 15:53:48 [XNIO-1 task-13] INFO  c.r.f.i.PlusWebInvokeTimeInterceptor - [PLUS]结束请求 => URL[GET /getRouters],耗时:[25]毫秒
2025-10-21 15:53:49 [XNIO-1 task-13] INFO  c.r.f.i.PlusWebInvokeTimeInterceptor - [PLUS]开始请求 => URL[GET /system/menu/list],无参数
2025-10-21 15:53:49 [XNIO-1 task-11] INFO  c.r.f.i.PlusWebInvokeTimeInterceptor - [PLUS]开始请求 => URL[GET /system/dict/data/type/sys_show_hide],无参数
2025-10-21 15:53:49 [XNIO-1 task-5] INFO  c.r.f.i.PlusWebInvokeTimeInterceptor - [PLUS]开始请求 => URL[GET /system/dict/data/type/sys_normal_disable],无参数
2025-10-21 15:53:49 [XNIO-1 task-5] INFO  c.r.f.i.PlusWebInvokeTimeInterceptor - [PLUS]结束请求 => URL[GET /system/dict/data/type/sys_normal_disable],耗时:[19]毫秒
2025-10-21 15:53:49 [XNIO-1 task-11] INFO  c.r.f.i.PlusWebInvokeTimeInterceptor - [PLUS]结束请求 => URL[GET /system/dict/data/type/sys_show_hide],耗时:[19]毫秒
2025-10-21 15:53:49 [XNIO-1 task-13] INFO  c.r.f.i.PlusWebInvokeTimeInterceptor - [PLUS]结束请求 => URL[GET /system/menu/list],耗时:[60]毫秒
2025-10-21 15:53:57 [XNIO-1 task-11] INFO  c.r.f.i.PlusWebInvokeTimeInterceptor - [PLUS]开始请求 => URL[GET /business/user/list],参数类型[param],参数:[{"pageSize":["10"],"pageNum":["1"]}]
2025-10-21 15:53:57 [XNIO-1 task-13] INFO  c.r.f.i.PlusWebInvokeTimeInterceptor - [PLUS]开始请求 => URL[GET /system/dict/data/type/biz_permission],无参数
2025-10-21 15:53:57 [XNIO-1 task-13] INFO  c.r.f.i.PlusWebInvokeTimeInterceptor - [PLUS]结束请求 => URL[GET /system/dict/data/type/biz_permission],耗时:[23]毫秒
2025-10-21 15:53:57 [XNIO-1 task-11] INFO  c.r.f.i.PlusWebInvokeTimeInterceptor - [PLUS]结束请求 => URL[GET /business/user/list],耗时:[70]毫秒
2025-10-21 15:53:59 [XNIO-1 task-11] INFO  c.r.f.i.PlusWebInvokeTimeInterceptor - [PLUS]开始请求 => URL[GET /business/arbiterMap/list],参数类型[param],参数:[{"pageSize":["10"],"pageNum":["1"]}]
2025-10-21 15:53:59 [XNIO-1 task-13] INFO  c.r.f.i.PlusWebInvokeTimeInterceptor - [PLUS]开始请求 => URL[GET /business/product/queryProductList],无参数
2025-10-21 15:53:59 [XNIO-1 task-13] INFO  c.r.f.i.PlusWebInvokeTimeInterceptor - [PLUS]结束请求 => URL[GET /business/product/queryProductList],耗时:[32]毫秒
2025-10-21 15:53:59 [XNIO-1 task-11] INFO  c.r.f.i.PlusWebInvokeTimeInterceptor - [PLUS]结束请求 => URL[GET /business/arbiterMap/list],耗时:[59]毫秒
2025-10-21 15:54:00 [XNIO-1 task-11] INFO  c.r.f.i.PlusWebInvokeTimeInterceptor - [PLUS]开始请求 => URL[GET /business/arbiterMapLegend/list],参数类型[param],参数:[{"pageSize":["10"],"pageNum":["1"]}]
2025-10-21 15:54:00 [XNIO-1 task-11] INFO  c.r.f.i.PlusWebInvokeTimeInterceptor - [PLUS]结束请求 => URL[GET /business/arbiterMapLegend/list],耗时:[60]毫秒
2025-10-21 15:54:05 [XNIO-1 task-11] INFO  c.r.f.i.PlusWebInvokeTimeInterceptor - [PLUS]开始请求 => URL[GET /business/arbiterMapRoad/list],参数类型[param],参数:[{"pageSize":["10"],"pageNum":["1"]}]
2025-10-21 15:54:05 [XNIO-1 task-11] INFO  c.r.f.i.PlusWebInvokeTimeInterceptor - [PLUS]结束请求 => URL[GET /business/arbiterMapRoad/list],耗时:[73]毫秒
2025-10-21 15:54:16 [XNIO-1 task-11] INFO  c.r.f.i.PlusWebInvokeTimeInterceptor - [PLUS]开始请求 => URL[GET /system/dict/data/type/action_type],无参数
2025-10-21 15:54:16 [XNIO-1 task-12] INFO  c.r.f.i.PlusWebInvokeTimeInterceptor - [PLUS]开始请求 => URL[GET /business/chessPiecesCamp/queryChessPiecesCampList],无参数
2025-10-21 15:54:16 [XNIO-1 task-5] INFO  c.r.f.i.PlusWebInvokeTimeInterceptor - [PLUS]开始请求 => URL[GET /business/chessPiecesType/queryChessPiecesTypeList],无参数
2025-10-21 15:54:16 [XNIO-1 task-13] INFO  c.r.f.i.PlusWebInvokeTimeInterceptor - [PLUS]开始请求 => URL[GET /business/chessPieces/list],参数类型[param],参数:[{"pageSize":["10"],"pageNum":["1"]}]
2025-10-21 15:54:16 [XNIO-1 task-7] INFO  c.r.f.i.PlusWebInvokeTimeInterceptor - [PLUS]开始请求 => URL[GET /business/product/queryProductList],无参数
2025-10-21 15:54:16 [XNIO-1 task-11] INFO  c.r.f.i.PlusWebInvokeTimeInterceptor - [PLUS]结束请求 => URL[GET /system/dict/data/type/action_type],耗时:[25]毫秒
2025-10-21 15:54:16 [XNIO-1 task-5] ERROR c.r.f.w.e.GlobalExceptionHandler - 请求地址'/business/chessPiecesType/queryChessPiecesTypeList',发生未知异常.
java.lang.NullPointerException: null
	at com.ruoyi.business.service.impl.BizChessPiecesTypeServiceImpl.buildQueryWrapper(BizChessPiecesTypeServiceImpl.java:65)
	at com.ruoyi.business.service.impl.BizChessPiecesTypeServiceImpl.queryList(BizChessPiecesTypeServiceImpl.java:57)
	at com.ruoyi.business.controller.BizChessPiecesTypeController.queryChessPiecesTypeList(BizChessPiecesTypeController.java:52)
	at com.ruoyi.business.controller.BizChessPiecesTypeController$$FastClassBySpringCGLIB$$bec31b8b.invoke(<generated>)
	at org.springframework.cglib.proxy.MethodProxy.invoke(MethodProxy.java:218)
	at org.springframework.aop.framework.CglibAopProxy$CglibMethodInvocation.invokeJoinpoint(CglibAopProxy.java:792)
	at org.springframework.aop.framework.ReflectiveMethodInvocation.proceed(ReflectiveMethodInvocation.java:163)
	at org.springframework.aop.framework.CglibAopProxy$CglibMethodInvocation.proceed(CglibAopProxy.java:762)
	at org.springframework.validation.beanvalidation.MethodValidationInterceptor.invoke(MethodValidationInterceptor.java:123)
	at org.springframework.aop.framework.ReflectiveMethodInvocation.proceed(ReflectiveMethodInvocation.java:186)
	at org.springframework.aop.framework.CglibAopProxy$CglibMethodInvocation.proceed(CglibAopProxy.java:762)
	at org.springframework.aop.interceptor.ExposeInvocationInterceptor.invoke(ExposeInvocationInterceptor.java:97)
	at org.springframework.aop.framework.ReflectiveMethodInvocation.proceed(ReflectiveMethodInvocation.java:186)
	at org.springframework.aop.framework.CglibAopProxy$CglibMethodInvocation.proceed(CglibAopProxy.java:762)
	at org.springframework.aop.framework.CglibAopProxy$DynamicAdvisedInterceptor.intercept(CglibAopProxy.java:707)
	at com.ruoyi.business.controller.BizChessPiecesTypeController$$EnhancerBySpringCGLIB$$b6b5c2b4.queryChessPiecesTypeList(<generated>)
	at sun.reflect.NativeMethodAccessorImpl.invoke0(Native Method)
	at sun.reflect.NativeMethodAccessorImpl.invoke(NativeMethodAccessorImpl.java:62)
	at sun.reflect.DelegatingMethodAccessorImpl.invoke(DelegatingMethodAccessorImpl.java:43)
	at java.lang.reflect.Method.invoke(Method.java:498)
	at org.springframework.web.method.support.InvocableHandlerMethod.doInvoke(InvocableHandlerMethod.java:205)
	at org.springframework.web.method.support.InvocableHandlerMethod.invokeForRequest(InvocableHandlerMethod.java:150)
	at org.springframework.web.servlet.mvc.method.annotation.ServletInvocableHandlerMethod.invokeAndHandle(ServletInvocableHandlerMethod.java:117)
	at org.springframework.web.servlet.mvc.method.annotation.RequestMappingHandlerAdapter.invokeHandlerMethod(RequestMappingHandlerAdapter.java:895)
	at org.springframework.web.servlet.mvc.method.annotation.RequestMappingHandlerAdapter.handleInternal(RequestMappingHandlerAdapter.java:808)
	at org.springframework.web.servlet.mvc.method.AbstractHandlerMethodAdapter.handle(AbstractHandlerMethodAdapter.java:87)
	at org.springframework.web.servlet.DispatcherServlet.doDispatch(DispatcherServlet.java:1072)
	at org.springframework.web.servlet.DispatcherServlet.doService(DispatcherServlet.java:965)
	at org.springframework.web.servlet.FrameworkServlet.processRequest(FrameworkServlet.java:1006)
	at org.springframework.web.servlet.FrameworkServlet.doGet(FrameworkServlet.java:898)
	at javax.servlet.http.HttpServlet.service(HttpServlet.java:497)
	at org.springframework.web.servlet.FrameworkServlet.service(FrameworkServlet.java:883)
	at javax.servlet.http.HttpServlet.service(HttpServlet.java:584)
	at io.undertow.servlet.handlers.ServletHandler.handleRequest(ServletHandler.java:74)
	at io.undertow.servlet.handlers.FilterHandler$FilterChainImpl.doFilter(FilterHandler.java:129)
	at org.springframework.web.filter.CorsFilter.doFilterInternal(CorsFilter.java:91)
	at org.springframework.web.filter.OncePerRequestFilter.doFilter(OncePerRequestFilter.java:117)
	at io.undertow.servlet.core.ManagedFilter.doFilter(ManagedFilter.java:67)
	at io.undertow.servlet.handlers.FilterHandler$FilterChainImpl.doFilter(FilterHandler.java:131)
	at com.ruoyi.common.filter.RepeatableFilter.doFilter(RepeatableFilter.java:30)
	at io.undertow.servlet.core.ManagedFilter.doFilter(ManagedFilter.java:67)
	at io.undertow.servlet.handlers.FilterHandler$FilterChainImpl.doFilter(FilterHandler.java:131)
	at org.springframework.web.filter.RequestContextFilter.doFilterInternal(RequestContextFilter.java:100)
	at org.springframework.web.filter.OncePerRequestFilter.doFilter(OncePerRequestFilter.java:117)
	at io.undertow.servlet.core.ManagedFilter.doFilter(ManagedFilter.java:67)
	at io.undertow.servlet.handlers.FilterHandler$FilterChainImpl.doFilter(FilterHandler.java:131)
	at cn.dev33.satoken.filter.SaPathCheckFilterForServlet.doFilter(SaPathCheckFilterForServlet.java:55)
	at io.undertow.servlet.core.ManagedFilter.doFilter(ManagedFilter.java:67)
	at io.undertow.servlet.handlers.FilterHandler$FilterChainImpl.doFilter(FilterHandler.java:131)
	at org.springframework.web.filter.FormContentFilter.doFilterInternal(FormContentFilter.java:93)
	at org.springframework.web.filter.OncePerRequestFilter.doFilter(OncePerRequestFilter.java:117)
	at io.undertow.servlet.core.ManagedFilter.doFilter(ManagedFilter.java:67)
	at io.undertow.servlet.handlers.FilterHandler$FilterChainImpl.doFilter(FilterHandler.java:131)
	at org.springframework.boot.actuate.metrics.web.servlet.WebMvcMetricsFilter.doFilterInternal(WebMvcMetricsFilter.java:96)
	at org.springframework.web.filter.OncePerRequestFilter.doFilter(OncePerRequestFilter.java:117)
	at io.undertow.servlet.core.ManagedFilter.doFilter(ManagedFilter.java:67)
	at io.undertow.servlet.handlers.FilterHandler$FilterChainImpl.doFilter(FilterHandler.java:131)
	at org.springframework.web.filter.CharacterEncodingFilter.doFilterInternal(CharacterEncodingFilter.java:201)
	at org.springframework.web.filter.OncePerRequestFilter.doFilter(OncePerRequestFilter.java:117)
	at io.undertow.servlet.core.ManagedFilter.doFilter(ManagedFilter.java:67)
	at io.undertow.servlet.handlers.FilterHandler$FilterChainImpl.doFilter(FilterHandler.java:131)
	at io.undertow.servlet.handlers.FilterHandler.handleRequest(FilterHandler.java:84)
	at io.undertow.servlet.handlers.security.ServletSecurityRoleHandler.handleRequest(ServletSecurityRoleHandler.java:62)
	at io.undertow.servlet.handlers.ServletChain$1.handleRequest(ServletChain.java:68)
	at io.undertow.servlet.handlers.ServletDispatchingHandler.handleRequest(ServletDispatchingHandler.java:36)
	at io.undertow.servlet.handlers.RedirectDirHandler.handleRequest(RedirectDirHandler.java:68)
	at io.undertow.servlet.handlers.security.SSLInformationAssociationHandler.handleRequest(SSLInformationAssociationHandler.java:117)
	at io.undertow.servlet.handlers.security.ServletAuthenticationCallHandler.handleRequest(ServletAuthenticationCallHandler.java:57)
	at io.undertow.server.handlers.PredicateHandler.handleRequest(PredicateHandler.java:43)
	at io.undertow.security.handlers.AbstractConfidentialityHandler.handleRequest(AbstractConfidentialityHandler.java:46)
	at io.undertow.servlet.handlers.security.ServletConfidentialityConstraintHandler.handleRequest(ServletConfidentialityConstraintHandler.java:64)
	at io.undertow.security.handlers.AuthenticationMechanismsHandler.handleRequest(AuthenticationMechanismsHandler.java:60)
	at io.undertow.servlet.handlers.security.CachedAuthenticatedSessionHandler.handleRequest(CachedAuthenticatedSessionHandler.java:77)
	at io.undertow.security.handlers.AbstractSecurityContextAssociationHandler.handleRequest(AbstractSecurityContextAssociationHandler.java:43)
	at io.undertow.server.handlers.PredicateHandler.handleRequest(PredicateHandler.java:43)
	at io.undertow.servlet.handlers.SendErrorPageHandler.handleRequest(SendErrorPageHandler.java:52)
	at io.undertow.server.handlers.PredicateHandler.handleRequest(PredicateHandler.java:43)
	at io.undertow.servlet.handlers.ServletInitialHandler.handleFirstRequest(ServletInitialHandler.java:275)
	at io.undertow.servlet.handlers.ServletInitialHandler.access$100(ServletInitialHandler.java:79)
	at io.undertow.servlet.handlers.ServletInitialHandler$2.call(ServletInitialHandler.java:134)
	at io.undertow.servlet.handlers.ServletInitialHandler$2.call(ServletInitialHandler.java:131)
	at io.undertow.servlet.core.ServletRequestContextThreadSetupAction$1.call(ServletRequestContextThreadSetupAction.java:48)
	at io.undertow.servlet.core.ContextClassLoaderSetupAction$1.call(ContextClassLoaderSetupAction.java:43)
	at io.undertow.servlet.handlers.ServletInitialHandler.dispatchRequest(ServletInitialHandler.java:255)
	at io.undertow.servlet.handlers.ServletInitialHandler.access$000(ServletInitialHandler.java:79)
	at io.undertow.servlet.handlers.ServletInitialHandler$1.handleRequest(ServletInitialHandler.java:100)
	at io.undertow.server.Connectors.executeRootHandler(Connectors.java:393)
	at io.undertow.server.HttpServerExchange$1.run(HttpServerExchange.java:852)
	at org.jboss.threads.ContextClassLoaderSavingRunnable.run(ContextClassLoaderSavingRunnable.java:35)
	at org.jboss.threads.EnhancedQueueExecutor.safeRun(EnhancedQueueExecutor.java:2019)
	at org.jboss.threads.EnhancedQueueExecutor$ThreadBody.doRunTask(EnhancedQueueExecutor.java:1558)
	at org.jboss.threads.EnhancedQueueExecutor$ThreadBody.run(EnhancedQueueExecutor.java:1449)
	at org.xnio.XnioWorker$WorkerThreadFactory$1$1.run(XnioWorker.java:1282)
	at java.lang.Thread.run(Thread.java:750)
2025-10-21 15:54:16 [XNIO-1 task-5] INFO  c.r.f.i.PlusWebInvokeTimeInterceptor - [PLUS]结束请求 => URL[GET /business/chessPiecesType/queryChessPiecesTypeList],耗时:[28]毫秒
2025-10-21 15:54:16 [XNIO-1 task-12] INFO  c.r.f.i.PlusWebInvokeTimeInterceptor - [PLUS]结束请求 => URL[GET /business/chessPiecesCamp/queryChessPiecesCampList],耗时:[32]毫秒
2025-10-21 15:54:16 [XNIO-1 task-7] INFO  c.r.f.i.PlusWebInvokeTimeInterceptor - [PLUS]结束请求 => URL[GET /business/product/queryProductList],耗时:[32]毫秒
2025-10-21 15:54:16 [XNIO-1 task-13] INFO  c.r.f.i.PlusWebInvokeTimeInterceptor - [PLUS]结束请求 => URL[GET /business/chessPieces/list],耗时:[71]毫秒
2025-10-21 15:54:16 [XNIO-1 task-7] INFO  c.r.f.i.PlusWebInvokeTimeInterceptor - [PLUS]开始请求 => URL[GET /api/system/getOssById/1856590815659003905],无参数
2025-10-21 15:54:16 [XNIO-1 task-12] INFO  c.r.f.i.PlusWebInvokeTimeInterceptor - [PLUS]开始请求 => URL[GET /api/system/getOssById/1856590846159982594],无参数
2025-10-21 15:54:16 [XNIO-1 task-13] INFO  c.r.f.i.PlusWebInvokeTimeInterceptor - [PLUS]开始请求 => URL[GET /api/system/getOssById/1856587777389072386],无参数
2025-10-21 15:54:16 [XNIO-1 task-7] INFO  c.r.f.i.PlusWebInvokeTimeInterceptor - [PLUS]结束请求 => URL[GET /api/system/getOssById/1856590815659003905],耗时:[21]毫秒
2025-10-21 15:54:16 [XNIO-1 task-12] INFO  c.r.f.i.PlusWebInvokeTimeInterceptor - [PLUS]结束请求 => URL[GET /api/system/getOssById/1856590846159982594],耗时:[20]毫秒
2025-10-21 15:54:16 [XNIO-1 task-13] INFO  c.r.f.i.PlusWebInvokeTimeInterceptor - [PLUS]结束请求 => URL[GET /api/system/getOssById/1856587777389072386],耗时:[23]毫秒
2025-10-21 15:54:16 [XNIO-1 task-12] INFO  c.r.f.i.PlusWebInvokeTimeInterceptor - [PLUS]开始请求 => URL[GET /api/system/getOssById/1856590846159982594],无参数
2025-10-21 15:54:16 [XNIO-1 task-7] INFO  c.r.f.i.PlusWebInvokeTimeInterceptor - [PLUS]开始请求 => URL[GET /api/system/getOssById/1856590815659003905],无参数
2025-10-21 15:54:16 [XNIO-1 task-13] INFO  c.r.f.i.PlusWebInvokeTimeInterceptor - [PLUS]开始请求 => URL[GET /api/system/getOssById/1856587777389072386],无参数
2025-10-21 15:54:16 [XNIO-1 task-12] INFO  c.r.f.i.PlusWebInvokeTimeInterceptor - [PLUS]结束请求 => URL[GET /api/system/getOssById/1856590846159982594],耗时:[22]毫秒
2025-10-21 15:54:16 [XNIO-1 task-7] INFO  c.r.f.i.PlusWebInvokeTimeInterceptor - [PLUS]结束请求 => URL[GET /api/system/getOssById/1856590815659003905],耗时:[22]毫秒
2025-10-21 15:54:16 [XNIO-1 task-7] INFO  c.r.f.i.PlusWebInvokeTimeInterceptor - [PLUS]开始请求 => URL[GET /api/system/getOssById/1856590846159982594],无参数
2025-10-21 15:54:16 [XNIO-1 task-13] INFO  c.r.f.i.PlusWebInvokeTimeInterceptor - [PLUS]结束请求 => URL[GET /api/system/getOssById/1856587777389072386],耗时:[22]毫秒
2025-10-21 15:54:16 [XNIO-1 task-13] INFO  c.r.f.i.PlusWebInvokeTimeInterceptor - [PLUS]开始请求 => URL[GET /api/system/getOssById/1856587777389072386],无参数
2025-10-21 15:54:16 [XNIO-1 task-7] INFO  c.r.f.i.PlusWebInvokeTimeInterceptor - [PLUS]结束请求 => URL[GET /api/system/getOssById/1856590846159982594],耗时:[20]毫秒
2025-10-21 15:54:16 [XNIO-1 task-13] INFO  c.r.f.i.PlusWebInvokeTimeInterceptor - [PLUS]结束请求 => URL[GET /api/system/getOssById/1856587777389072386],耗时:[21]毫秒
2025-10-21 15:54:16 [XNIO-1 task-13] INFO  c.r.f.i.PlusWebInvokeTimeInterceptor - [PLUS]开始请求 => URL[GET /api/system/getOssById/1856587777389072386],无参数
2025-10-21 15:54:16 [XNIO-1 task-13] INFO  c.r.f.i.PlusWebInvokeTimeInterceptor - [PLUS]结束请求 => URL[GET /api/system/getOssById/1856587777389072386],耗时:[20]毫秒
2025-10-21 15:54:16 [XNIO-1 task-13] INFO  c.r.f.i.PlusWebInvokeTimeInterceptor - [PLUS]开始请求 => URL[GET /api/system/getOssById/1856587777389072386],无参数
2025-10-21 15:54:16 [XNIO-1 task-13] INFO  c.r.f.i.PlusWebInvokeTimeInterceptor - [PLUS]结束请求 => URL[GET /api/system/getOssById/1856587777389072386],耗时:[21]毫秒
2025-10-21 15:54:34 [XNIO-1 task-13] INFO  c.r.f.i.PlusWebInvokeTimeInterceptor - [PLUS]开始请求 => URL[GET /getInfo],无参数
2025-10-21 15:54:34 [XNIO-1 task-13] INFO  c.r.f.i.PlusWebInvokeTimeInterceptor - [PLUS]结束请求 => URL[GET /getInfo],耗时:[44]毫秒
2025-10-21 15:54:34 [XNIO-1 task-13] INFO  c.r.f.i.PlusWebInvokeTimeInterceptor - [PLUS]开始请求 => URL[GET /getRouters],无参数
2025-10-21 15:54:34 [XNIO-1 task-13] INFO  c.r.f.i.PlusWebInvokeTimeInterceptor - [PLUS]结束请求 => URL[GET /getRouters],耗时:[25]毫秒
2025-10-21 15:54:34 [XNIO-1 task-11] INFO  c.r.f.i.PlusWebInvokeTimeInterceptor - [PLUS]开始请求 => URL[GET /business/chessPiecesCamp/queryChessPiecesCampList],无参数
2025-10-21 15:54:34 [XNIO-1 task-5] INFO  c.r.f.i.PlusWebInvokeTimeInterceptor - [PLUS]开始请求 => URL[GET /business/chessPiecesType/queryChessPiecesTypeList],无参数
2025-10-21 15:54:34 [XNIO-1 task-7] INFO  c.r.f.i.PlusWebInvokeTimeInterceptor - [PLUS]开始请求 => URL[GET /business/product/queryProductList],无参数
2025-10-21 15:54:34 [XNIO-1 task-13] INFO  c.r.f.i.PlusWebInvokeTimeInterceptor - [PLUS]开始请求 => URL[GET /system/dict/data/type/action_type],无参数
2025-10-21 15:54:34 [XNIO-1 task-12] INFO  c.r.f.i.PlusWebInvokeTimeInterceptor - [PLUS]开始请求 => URL[GET /business/chessPieces/list],参数类型[param],参数:[{"pageSize":["10"],"pageNum":["1"]}]
2025-10-21 15:54:34 [XNIO-1 task-5] ERROR c.r.f.w.e.GlobalExceptionHandler - 请求地址'/business/chessPiecesType/queryChessPiecesTypeList',发生未知异常.
java.lang.NullPointerException: null
	at com.ruoyi.business.service.impl.BizChessPiecesTypeServiceImpl.buildQueryWrapper(BizChessPiecesTypeServiceImpl.java:65)
	at com.ruoyi.business.service.impl.BizChessPiecesTypeServiceImpl.queryList(BizChessPiecesTypeServiceImpl.java:57)
	at com.ruoyi.business.controller.BizChessPiecesTypeController.queryChessPiecesTypeList(BizChessPiecesTypeController.java:52)
	at com.ruoyi.business.controller.BizChessPiecesTypeController$$FastClassBySpringCGLIB$$bec31b8b.invoke(<generated>)
	at org.springframework.cglib.proxy.MethodProxy.invoke(MethodProxy.java:218)
	at org.springframework.aop.framework.CglibAopProxy$CglibMethodInvocation.invokeJoinpoint(CglibAopProxy.java:792)
	at org.springframework.aop.framework.ReflectiveMethodInvocation.proceed(ReflectiveMethodInvocation.java:163)
	at org.springframework.aop.framework.CglibAopProxy$CglibMethodInvocation.proceed(CglibAopProxy.java:762)
	at org.springframework.validation.beanvalidation.MethodValidationInterceptor.invoke(MethodValidationInterceptor.java:123)
	at org.springframework.aop.framework.ReflectiveMethodInvocation.proceed(ReflectiveMethodInvocation.java:186)
	at org.springframework.aop.framework.CglibAopProxy$CglibMethodInvocation.proceed(CglibAopProxy.java:762)
	at org.springframework.aop.interceptor.ExposeInvocationInterceptor.invoke(ExposeInvocationInterceptor.java:97)
	at org.springframework.aop.framework.ReflectiveMethodInvocation.proceed(ReflectiveMethodInvocation.java:186)
	at org.springframework.aop.framework.CglibAopProxy$CglibMethodInvocation.proceed(CglibAopProxy.java:762)
	at org.springframework.aop.framework.CglibAopProxy$DynamicAdvisedInterceptor.intercept(CglibAopProxy.java:707)
	at com.ruoyi.business.controller.BizChessPiecesTypeController$$EnhancerBySpringCGLIB$$b6b5c2b4.queryChessPiecesTypeList(<generated>)
	at sun.reflect.NativeMethodAccessorImpl.invoke0(Native Method)
	at sun.reflect.NativeMethodAccessorImpl.invoke(NativeMethodAccessorImpl.java:62)
	at sun.reflect.DelegatingMethodAccessorImpl.invoke(DelegatingMethodAccessorImpl.java:43)
	at java.lang.reflect.Method.invoke(Method.java:498)
	at org.springframework.web.method.support.InvocableHandlerMethod.doInvoke(InvocableHandlerMethod.java:205)
	at org.springframework.web.method.support.InvocableHandlerMethod.invokeForRequest(InvocableHandlerMethod.java:150)
	at org.springframework.web.servlet.mvc.method.annotation.ServletInvocableHandlerMethod.invokeAndHandle(ServletInvocableHandlerMethod.java:117)
	at org.springframework.web.servlet.mvc.method.annotation.RequestMappingHandlerAdapter.invokeHandlerMethod(RequestMappingHandlerAdapter.java:895)
	at org.springframework.web.servlet.mvc.method.annotation.RequestMappingHandlerAdapter.handleInternal(RequestMappingHandlerAdapter.java:808)
	at org.springframework.web.servlet.mvc.method.AbstractHandlerMethodAdapter.handle(AbstractHandlerMethodAdapter.java:87)
	at org.springframework.web.servlet.DispatcherServlet.doDispatch(DispatcherServlet.java:1072)
	at org.springframework.web.servlet.DispatcherServlet.doService(DispatcherServlet.java:965)
	at org.springframework.web.servlet.FrameworkServlet.processRequest(FrameworkServlet.java:1006)
	at org.springframework.web.servlet.FrameworkServlet.doGet(FrameworkServlet.java:898)
	at javax.servlet.http.HttpServlet.service(HttpServlet.java:497)
	at org.springframework.web.servlet.FrameworkServlet.service(FrameworkServlet.java:883)
	at javax.servlet.http.HttpServlet.service(HttpServlet.java:584)
	at io.undertow.servlet.handlers.ServletHandler.handleRequest(ServletHandler.java:74)
	at io.undertow.servlet.handlers.FilterHandler$FilterChainImpl.doFilter(FilterHandler.java:129)
	at org.springframework.web.filter.CorsFilter.doFilterInternal(CorsFilter.java:91)
	at org.springframework.web.filter.OncePerRequestFilter.doFilter(OncePerRequestFilter.java:117)
	at io.undertow.servlet.core.ManagedFilter.doFilter(ManagedFilter.java:67)
	at io.undertow.servlet.handlers.FilterHandler$FilterChainImpl.doFilter(FilterHandler.java:131)
	at com.ruoyi.common.filter.RepeatableFilter.doFilter(RepeatableFilter.java:30)
	at io.undertow.servlet.core.ManagedFilter.doFilter(ManagedFilter.java:67)
	at io.undertow.servlet.handlers.FilterHandler$FilterChainImpl.doFilter(FilterHandler.java:131)
	at org.springframework.web.filter.RequestContextFilter.doFilterInternal(RequestContextFilter.java:100)
	at org.springframework.web.filter.OncePerRequestFilter.doFilter(OncePerRequestFilter.java:117)
	at io.undertow.servlet.core.ManagedFilter.doFilter(ManagedFilter.java:67)
	at io.undertow.servlet.handlers.FilterHandler$FilterChainImpl.doFilter(FilterHandler.java:131)
	at cn.dev33.satoken.filter.SaPathCheckFilterForServlet.doFilter(SaPathCheckFilterForServlet.java:55)
	at io.undertow.servlet.core.ManagedFilter.doFilter(ManagedFilter.java:67)
	at io.undertow.servlet.handlers.FilterHandler$FilterChainImpl.doFilter(FilterHandler.java:131)
	at org.springframework.web.filter.FormContentFilter.doFilterInternal(FormContentFilter.java:93)
	at org.springframework.web.filter.OncePerRequestFilter.doFilter(OncePerRequestFilter.java:117)
	at io.undertow.servlet.core.ManagedFilter.doFilter(ManagedFilter.java:67)
	at io.undertow.servlet.handlers.FilterHandler$FilterChainImpl.doFilter(FilterHandler.java:131)
	at org.springframework.boot.actuate.metrics.web.servlet.WebMvcMetricsFilter.doFilterInternal(WebMvcMetricsFilter.java:96)
	at org.springframework.web.filter.OncePerRequestFilter.doFilter(OncePerRequestFilter.java:117)
	at io.undertow.servlet.core.ManagedFilter.doFilter(ManagedFilter.java:67)
	at io.undertow.servlet.handlers.FilterHandler$FilterChainImpl.doFilter(FilterHandler.java:131)
	at org.springframework.web.filter.CharacterEncodingFilter.doFilterInternal(CharacterEncodingFilter.java:201)
	at org.springframework.web.filter.OncePerRequestFilter.doFilter(OncePerRequestFilter.java:117)
	at io.undertow.servlet.core.ManagedFilter.doFilter(ManagedFilter.java:67)
	at io.undertow.servlet.handlers.FilterHandler$FilterChainImpl.doFilter(FilterHandler.java:131)
	at io.undertow.servlet.handlers.FilterHandler.handleRequest(FilterHandler.java:84)
	at io.undertow.servlet.handlers.security.ServletSecurityRoleHandler.handleRequest(ServletSecurityRoleHandler.java:62)
	at io.undertow.servlet.handlers.ServletChain$1.handleRequest(ServletChain.java:68)
	at io.undertow.servlet.handlers.ServletDispatchingHandler.handleRequest(ServletDispatchingHandler.java:36)
	at io.undertow.servlet.handlers.RedirectDirHandler.handleRequest(RedirectDirHandler.java:68)
	at io.undertow.servlet.handlers.security.SSLInformationAssociationHandler.handleRequest(SSLInformationAssociationHandler.java:117)
	at io.undertow.servlet.handlers.security.ServletAuthenticationCallHandler.handleRequest(ServletAuthenticationCallHandler.java:57)
	at io.undertow.server.handlers.PredicateHandler.handleRequest(PredicateHandler.java:43)
	at io.undertow.security.handlers.AbstractConfidentialityHandler.handleRequest(AbstractConfidentialityHandler.java:46)
	at io.undertow.servlet.handlers.security.ServletConfidentialityConstraintHandler.handleRequest(ServletConfidentialityConstraintHandler.java:64)
	at io.undertow.security.handlers.AuthenticationMechanismsHandler.handleRequest(AuthenticationMechanismsHandler.java:60)
	at io.undertow.servlet.handlers.security.CachedAuthenticatedSessionHandler.handleRequest(CachedAuthenticatedSessionHandler.java:77)
	at io.undertow.security.handlers.AbstractSecurityContextAssociationHandler.handleRequest(AbstractSecurityContextAssociationHandler.java:43)
	at io.undertow.server.handlers.PredicateHandler.handleRequest(PredicateHandler.java:43)
	at io.undertow.servlet.handlers.SendErrorPageHandler.handleRequest(SendErrorPageHandler.java:52)
	at io.undertow.server.handlers.PredicateHandler.handleRequest(PredicateHandler.java:43)
	at io.undertow.servlet.handlers.ServletInitialHandler.handleFirstRequest(ServletInitialHandler.java:275)
	at io.undertow.servlet.handlers.ServletInitialHandler.access$100(ServletInitialHandler.java:79)
	at io.undertow.servlet.handlers.ServletInitialHandler$2.call(ServletInitialHandler.java:134)
	at io.undertow.servlet.handlers.ServletInitialHandler$2.call(ServletInitialHandler.java:131)
	at io.undertow.servlet.core.ServletRequestContextThreadSetupAction$1.call(ServletRequestContextThreadSetupAction.java:48)
	at io.undertow.servlet.core.ContextClassLoaderSetupAction$1.call(ContextClassLoaderSetupAction.java:43)
	at io.undertow.servlet.handlers.ServletInitialHandler.dispatchRequest(ServletInitialHandler.java:255)
	at io.undertow.servlet.handlers.ServletInitialHandler.access$000(ServletInitialHandler.java:79)
	at io.undertow.servlet.handlers.ServletInitialHandler$1.handleRequest(ServletInitialHandler.java:100)
	at io.undertow.server.Connectors.executeRootHandler(Connectors.java:393)
	at io.undertow.server.HttpServerExchange$1.run(HttpServerExchange.java:852)
	at org.jboss.threads.ContextClassLoaderSavingRunnable.run(ContextClassLoaderSavingRunnable.java:35)
	at org.jboss.threads.EnhancedQueueExecutor.safeRun(EnhancedQueueExecutor.java:2019)
	at org.jboss.threads.EnhancedQueueExecutor$ThreadBody.doRunTask(EnhancedQueueExecutor.java:1558)
	at org.jboss.threads.EnhancedQueueExecutor$ThreadBody.run(EnhancedQueueExecutor.java:1449)
	at org.xnio.XnioWorker$WorkerThreadFactory$1$1.run(XnioWorker.java:1282)
	at java.lang.Thread.run(Thread.java:750)
2025-10-21 15:54:34 [XNIO-1 task-5] INFO  c.r.f.i.PlusWebInvokeTimeInterceptor - [PLUS]结束请求 => URL[GET /business/chessPiecesType/queryChessPiecesTypeList],耗时:[22]毫秒
2025-10-21 15:54:34 [XNIO-1 task-13] INFO  c.r.f.i.PlusWebInvokeTimeInterceptor - [PLUS]结束请求 => URL[GET /system/dict/data/type/action_type],耗时:[24]毫秒
2025-10-21 15:54:34 [XNIO-1 task-11] INFO  c.r.f.i.PlusWebInvokeTimeInterceptor - [PLUS]结束请求 => URL[GET /business/chessPiecesCamp/queryChessPiecesCampList],耗时:[28]毫秒
2025-10-21 15:54:34 [XNIO-1 task-7] INFO  c.r.f.i.PlusWebInvokeTimeInterceptor - [PLUS]结束请求 => URL[GET /business/product/queryProductList],耗时:[30]毫秒
2025-10-21 15:54:34 [XNIO-1 task-12] INFO  c.r.f.i.PlusWebInvokeTimeInterceptor - [PLUS]结束请求 => URL[GET /business/chessPieces/list],耗时:[69]毫秒
2025-10-21 15:54:34 [XNIO-1 task-12] INFO  c.r.f.i.PlusWebInvokeTimeInterceptor - [PLUS]开始请求 => URL[GET /api/system/getOssById/1856587777389072386],无参数
2025-10-21 15:54:34 [XNIO-1 task-7] INFO  c.r.f.i.PlusWebInvokeTimeInterceptor - [PLUS]开始请求 => URL[GET /api/system/getOssById/1856587777389072386],无参数
2025-10-21 15:54:34 [XNIO-1 task-11] INFO  c.r.f.i.PlusWebInvokeTimeInterceptor - [PLUS]开始请求 => URL[GET /api/system/getOssById/1856587777389072386],无参数
2025-10-21 15:54:34 [XNIO-1 task-13] INFO  c.r.f.i.PlusWebInvokeTimeInterceptor - [PLUS]开始请求 => URL[GET /api/system/getOssById/1856587777389072386],无参数
2025-10-21 15:54:34 [XNIO-1 task-5] INFO  c.r.f.i.PlusWebInvokeTimeInterceptor - [PLUS]开始请求 => URL[GET /api/system/getOssById/1856587777389072386],无参数
2025-10-21 15:54:34 [XNIO-1 task-6] INFO  c.r.f.i.PlusWebInvokeTimeInterceptor - [PLUS]开始请求 => URL[GET /api/system/getOssById/1856590815659003905],无参数
2025-10-21 15:54:34 [XNIO-1 task-13] INFO  c.r.f.i.PlusWebInvokeTimeInterceptor - [PLUS]结束请求 => URL[GET /api/system/getOssById/1856587777389072386],耗时:[22]毫秒
2025-10-21 15:54:34 [XNIO-1 task-12] INFO  c.r.f.i.PlusWebInvokeTimeInterceptor - [PLUS]结束请求 => URL[GET /api/system/getOssById/1856587777389072386],耗时:[27]毫秒
2025-10-21 15:54:34 [XNIO-1 task-7] INFO  c.r.f.i.PlusWebInvokeTimeInterceptor - [PLUS]结束请求 => URL[GET /api/system/getOssById/1856587777389072386],耗时:[24]毫秒
2025-10-21 15:54:34 [XNIO-1 task-11] INFO  c.r.f.i.PlusWebInvokeTimeInterceptor - [PLUS]结束请求 => URL[GET /api/system/getOssById/1856587777389072386],耗时:[27]毫秒
2025-10-21 15:54:34 [XNIO-1 task-11] INFO  c.r.f.i.PlusWebInvokeTimeInterceptor - [PLUS]开始请求 => URL[GET /api/system/getOssById/1856590815659003905],无参数
2025-10-21 15:54:34 [XNIO-1 task-7] INFO  c.r.f.i.PlusWebInvokeTimeInterceptor - [PLUS]开始请求 => URL[GET /api/system/getOssById/1856590846159982594],无参数
2025-10-21 15:54:34 [XNIO-1 task-6] INFO  c.r.f.i.PlusWebInvokeTimeInterceptor - [PLUS]结束请求 => URL[GET /api/system/getOssById/1856590815659003905],耗时:[26]毫秒
2025-10-21 15:54:34 [XNIO-1 task-13] INFO  c.r.f.i.PlusWebInvokeTimeInterceptor - [PLUS]开始请求 => URL[GET /api/system/getOssById/1856590846159982594],无参数
2025-10-21 15:54:34 [XNIO-1 task-5] INFO  c.r.f.i.PlusWebInvokeTimeInterceptor - [PLUS]结束请求 => URL[GET /api/system/getOssById/1856587777389072386],耗时:[26]毫秒
2025-10-21 15:54:34 [XNIO-1 task-12] INFO  c.r.f.i.PlusWebInvokeTimeInterceptor - [PLUS]开始请求 => URL[GET /api/system/getOssById/1856590846159982594],无参数
2025-10-21 15:54:34 [XNIO-1 task-7] INFO  c.r.f.i.PlusWebInvokeTimeInterceptor - [PLUS]结束请求 => URL[GET /api/system/getOssById/1856590846159982594],耗时:[25]毫秒
2025-10-21 15:54:34 [XNIO-1 task-11] INFO  c.r.f.i.PlusWebInvokeTimeInterceptor - [PLUS]结束请求 => URL[GET /api/system/getOssById/1856590815659003905],耗时:[25]毫秒
2025-10-21 15:54:34 [XNIO-1 task-13] INFO  c.r.f.i.PlusWebInvokeTimeInterceptor - [PLUS]结束请求 => URL[GET /api/system/getOssById/1856590846159982594],耗时:[29]毫秒
2025-10-21 15:54:34 [XNIO-1 task-12] INFO  c.r.f.i.PlusWebInvokeTimeInterceptor - [PLUS]结束请求 => URL[GET /api/system/getOssById/1856590846159982594],耗时:[29]毫秒
2025-10-21 15:54:39 [XNIO-1 task-7] INFO  c.r.f.i.PlusWebInvokeTimeInterceptor - [PLUS]开始请求 => URL[GET /business/product/list],无参数
2025-10-21 15:54:39 [XNIO-1 task-13] INFO  c.r.f.i.PlusWebInvokeTimeInterceptor - [PLUS]开始请求 => URL[GET /system/dict/data/type/chess_attr_init],无参数
2025-10-21 15:54:39 [XNIO-1 task-12] INFO  c.r.f.i.PlusWebInvokeTimeInterceptor - [PLUS]开始请求 => URL[GET /system/dict/data/type/chess_attr_type],无参数
2025-10-21 15:54:39 [XNIO-1 task-13] INFO  c.r.f.i.PlusWebInvokeTimeInterceptor - [PLUS]结束请求 => URL[GET /system/dict/data/type/chess_attr_init],耗时:[28]毫秒
2025-10-21 15:54:39 [XNIO-1 task-12] INFO  c.r.f.i.PlusWebInvokeTimeInterceptor - [PLUS]结束请求 => URL[GET /system/dict/data/type/chess_attr_type],耗时:[28]毫秒
2025-10-21 15:54:39 [XNIO-1 task-7] INFO  c.r.f.i.PlusWebInvokeTimeInterceptor - [PLUS]结束请求 => URL[GET /business/product/list],耗时:[72]毫秒
2025-10-21 15:54:39 [XNIO-1 task-12] INFO  c.r.f.i.PlusWebInvokeTimeInterceptor - [PLUS]开始请求 => URL[GET /business/chessPiecesType/list],参数类型[param],参数:[{"productId":["1690375113702400000"],"pageSize":["10"],"pageNum":["1"],"productName":["火力战"]}]
2025-10-21 15:54:39 [XNIO-1 task-7] INFO  c.r.f.i.PlusWebInvokeTimeInterceptor - [PLUS]开始请求 => URL[GET /app/verdictType/list],参数类型[param],参数:[{"productId":["1690375113702400000"],"productName":["火力战"]}]
2025-10-21 15:54:39 [XNIO-1 task-7] INFO  c.r.f.i.PlusWebInvokeTimeInterceptor - [PLUS]结束请求 => URL[GET /app/verdictType/list],耗时:[51]毫秒
2025-10-21 15:54:39 [XNIO-1 task-12] INFO  c.r.f.i.PlusWebInvokeTimeInterceptor - [PLUS]结束请求 => URL[GET /business/chessPiecesType/list],耗时:[56]毫秒
2025-10-21 15:54:45 [XNIO-1 task-7] INFO  c.r.f.i.PlusWebInvokeTimeInterceptor - [PLUS]开始请求 => URL[GET /system/dict/data/type/level_type],无参数
2025-10-21 15:54:45 [XNIO-1 task-13] INFO  c.r.f.i.PlusWebInvokeTimeInterceptor - [PLUS]开始请求 => URL[GET /system/dict/data/type/shelf_flag],无参数
2025-10-21 15:54:45 [XNIO-1 task-6] INFO  c.r.f.i.PlusWebInvokeTimeInterceptor - [PLUS]开始请求 => URL[GET /business/product/list],参数类型[param],参数:[{"pageSize":["10"],"pageNum":["1"]}]
2025-10-21 15:54:45 [XNIO-1 task-12] INFO  c.r.f.i.PlusWebInvokeTimeInterceptor - [PLUS]开始请求 => URL[GET /system/dict/data/type/mode_type],无参数
2025-10-21 15:54:45 [XNIO-1 task-11] INFO  c.r.f.i.PlusWebInvokeTimeInterceptor - [PLUS]开始请求 => URL[GET /system/dict/data/type/subject_type],无参数
2025-10-21 15:54:45 [XNIO-1 task-5] INFO  c.r.f.i.PlusWebInvokeTimeInterceptor - [PLUS]开始请求 => URL[GET /system/dict/data/type/verdict_type],无参数
2025-10-21 15:54:45 [XNIO-1 task-12] INFO  c.r.f.i.PlusWebInvokeTimeInterceptor - [PLUS]结束请求 => URL[GET /system/dict/data/type/mode_type],耗时:[29]毫秒
2025-10-21 15:54:45 [XNIO-1 task-7] INFO  c.r.f.i.PlusWebInvokeTimeInterceptor - [PLUS]结束请求 => URL[GET /system/dict/data/type/level_type],耗时:[30]毫秒
2025-10-21 15:54:45 [XNIO-1 task-13] INFO  c.r.f.i.PlusWebInvokeTimeInterceptor - [PLUS]结束请求 => URL[GET /system/dict/data/type/shelf_flag],耗时:[33]毫秒
2025-10-21 15:54:45 [XNIO-1 task-5] INFO  c.r.f.i.PlusWebInvokeTimeInterceptor - [PLUS]结束请求 => URL[GET /system/dict/data/type/verdict_type],耗时:[32]毫秒
2025-10-21 15:54:45 [XNIO-1 task-11] INFO  c.r.f.i.PlusWebInvokeTimeInterceptor - [PLUS]结束请求 => URL[GET /system/dict/data/type/subject_type],耗时:[32]毫秒
2025-10-21 15:54:45 [XNIO-1 task-5] INFO  c.r.f.i.PlusWebInvokeTimeInterceptor - [PLUS]开始请求 => URL[GET /business/chessPieces/queryChessPiecesList],无参数
2025-10-21 15:54:45 [XNIO-1 task-11] INFO  c.r.f.i.PlusWebInvokeTimeInterceptor - [PLUS]开始请求 => URL[GET /business/scenario/queryScenarioList],无参数
2025-10-21 15:54:45 [XNIO-1 task-11] INFO  c.r.f.i.PlusWebInvokeTimeInterceptor - [PLUS]结束请求 => URL[GET /business/scenario/queryScenarioList],耗时:[29]毫秒
2025-10-21 15:54:45 [XNIO-1 task-6] INFO  c.r.f.i.PlusWebInvokeTimeInterceptor - [PLUS]结束请求 => URL[GET /business/product/list],耗时:[70]毫秒
2025-10-21 15:54:45 [XNIO-1 task-5] INFO  c.r.f.i.PlusWebInvokeTimeInterceptor - [PLUS]结束请求 => URL[GET /business/chessPieces/queryChessPiecesList],耗时:[53]毫秒
2025-10-21 15:54:49 [XNIO-1 task-5] INFO  c.r.f.i.PlusWebInvokeTimeInterceptor - [PLUS]开始请求 => URL[GET /business/arbiterMapRoad/list],参数类型[param],参数:[{"pageSize":["10"],"pageNum":["1"]}]
2025-10-21 15:54:49 [XNIO-1 task-5] INFO  c.r.f.i.PlusWebInvokeTimeInterceptor - [PLUS]结束请求 => URL[GET /business/arbiterMapRoad/list],耗时:[70]毫秒
2025-10-21 15:54:51 [XNIO-1 task-5] INFO  c.r.f.i.PlusWebInvokeTimeInterceptor - [PLUS]开始请求 => URL[GET /business/arbiterMapRiver/list],参数类型[param],参数:[{"pageSize":["10"],"pageNum":["1"]}]
2025-10-21 15:54:51 [XNIO-1 task-5] INFO  c.r.f.i.PlusWebInvokeTimeInterceptor - [PLUS]结束请求 => URL[GET /business/arbiterMapRiver/list],耗时:[65]毫秒
2025-10-21 15:54:52 [XNIO-1 task-5] INFO  c.r.f.i.PlusWebInvokeTimeInterceptor - [PLUS]开始请求 => URL[GET /business/arbiterMapLegend/list],参数类型[param],参数:[{"pageSize":["10"],"pageNum":["1"]}]
2025-10-21 15:54:52 [XNIO-1 task-5] INFO  c.r.f.i.PlusWebInvokeTimeInterceptor - [PLUS]结束请求 => URL[GET /business/arbiterMapLegend/list],耗时:[70]毫秒
2025-10-21 15:54:58 [XNIO-1 task-11] INFO  c.r.f.i.PlusWebInvokeTimeInterceptor - [PLUS]开始请求 => URL[GET /business/arbiterMap/queryArbiterMapList],无参数
2025-10-21 15:54:58 [XNIO-1 task-6] INFO  c.r.f.i.PlusWebInvokeTimeInterceptor - [PLUS]开始请求 => URL[GET /business/scenario/list],参数类型[param],参数:[{"pageSize":["10"],"pageNum":["1"]}]
2025-10-21 15:54:58 [XNIO-1 task-5] INFO  c.r.f.i.PlusWebInvokeTimeInterceptor - [PLUS]开始请求 => URL[GET /business/product/queryProductList],无参数
2025-10-21 15:54:58 [XNIO-1 task-11] INFO  c.r.f.i.PlusWebInvokeTimeInterceptor - [PLUS]结束请求 => URL[GET /business/arbiterMap/queryArbiterMapList],耗时:[27]毫秒
2025-10-21 15:54:58 [XNIO-1 task-5] INFO  c.r.f.i.PlusWebInvokeTimeInterceptor - [PLUS]结束请求 => URL[GET /business/product/queryProductList],耗时:[27]毫秒
2025-10-21 15:54:58 [XNIO-1 task-6] INFO  c.r.f.i.PlusWebInvokeTimeInterceptor - [PLUS]结束请求 => URL[GET /business/scenario/list],耗时:[62]毫秒
2025-10-21 15:55:02 [XNIO-1 task-5] INFO  c.r.f.i.PlusWebInvokeTimeInterceptor - [PLUS]开始请求 => URL[GET /system/menu/list],无参数
2025-10-21 15:55:02 [XNIO-1 task-11] INFO  c.r.f.i.PlusWebInvokeTimeInterceptor - [PLUS]开始请求 => URL[GET /system/dict/data/type/sys_show_hide],无参数
2025-10-21 15:55:02 [XNIO-1 task-6] INFO  c.r.f.i.PlusWebInvokeTimeInterceptor - [PLUS]开始请求 => URL[GET /system/dict/data/type/sys_normal_disable],无参数
2025-10-21 15:55:02 [XNIO-1 task-11] INFO  c.r.f.i.PlusWebInvokeTimeInterceptor - [PLUS]结束请求 => URL[GET /system/dict/data/type/sys_show_hide],耗时:[23]毫秒
2025-10-21 15:55:02 [XNIO-1 task-6] INFO  c.r.f.i.PlusWebInvokeTimeInterceptor - [PLUS]结束请求 => URL[GET /system/dict/data/type/sys_normal_disable],耗时:[23]毫秒
2025-10-21 15:55:02 [XNIO-1 task-5] INFO  c.r.f.i.PlusWebInvokeTimeInterceptor - [PLUS]结束请求 => URL[GET /system/menu/list],耗时:[63]毫秒
2025-10-21 15:55:07 [XNIO-1 task-5] INFO  c.r.f.i.PlusWebInvokeTimeInterceptor - [PLUS]开始请求 => URL[GET /system/menu/list],无参数
2025-10-21 15:55:07 [XNIO-1 task-6] INFO  c.r.f.i.PlusWebInvokeTimeInterceptor - [PLUS]开始请求 => URL[GET /system/menu/1826826537358970882],无参数
2025-10-21 15:55:07 [XNIO-1 task-6] INFO  c.r.f.i.PlusWebInvokeTimeInterceptor - [PLUS]结束请求 => URL[GET /system/menu/1826826537358970882],耗时:[60]毫秒
2025-10-21 15:55:07 [XNIO-1 task-5] INFO  c.r.f.i.PlusWebInvokeTimeInterceptor - [PLUS]结束请求 => URL[GET /system/menu/list],耗时:[68]毫秒
2025-10-21 15:55:11 [XNIO-1 task-5] INFO  c.r.f.i.PlusWebInvokeTimeInterceptor - [PLUS]开始请求 => URL[PUT /system/menu],参数类型[json],参数:[{"createBy":"admin","createTime":"2024-08-23 11:39:21","updateBy":"admin","updateTime":"2024-08-23 11:39:21","parentName":null,"parentId":"1759475177796603906","children":[],"menuId":"1826826537358970882","menuName":"棋子定义","orderNum":30,"path":"chessPiecesType","component":"business/chessPiecesType/index","queryParam":null,"isFrame":"1","isCache":"1","menuType":"C","visible":"1","status":"1","perms":"business:chessPiecesType:list","icon":"component","remark":""}]
2025-10-21 15:55:11 [XNIO-1 task-5] INFO  c.r.f.i.PlusWebInvokeTimeInterceptor - [PLUS]结束请求 => URL[PUT /system/menu],耗时:[110]毫秒
2025-10-21 15:55:11 [XNIO-1 task-5] INFO  c.r.f.i.PlusWebInvokeTimeInterceptor - [PLUS]开始请求 => URL[GET /system/menu/list],无参数
2025-10-21 15:55:11 [XNIO-1 task-5] INFO  c.r.f.i.PlusWebInvokeTimeInterceptor - [PLUS]结束请求 => URL[GET /system/menu/list],耗时:[62]毫秒
2025-10-21 15:55:34 [XNIO-1 task-5] INFO  c.r.f.i.PlusWebInvokeTimeInterceptor - [PLUS]开始请求 => URL[GET /business/product/queryProductList],无参数
2025-10-21 15:55:34 [XNIO-1 task-6] INFO  c.r.f.i.PlusWebInvokeTimeInterceptor - [PLUS]开始请求 => URL[GET /business/arbiterMap/list],参数类型[param],参数:[{"pageSize":["10"],"pageNum":["1"]}]
2025-10-21 15:55:34 [XNIO-1 task-5] INFO  c.r.f.i.PlusWebInvokeTimeInterceptor - [PLUS]结束请求 => URL[GET /business/product/queryProductList],耗时:[63]毫秒
2025-10-21 15:55:34 [XNIO-1 task-6] INFO  c.r.f.i.PlusWebInvokeTimeInterceptor - [PLUS]结束请求 => URL[GET /business/arbiterMap/list],耗时:[95]毫秒
2025-10-21 15:55:36 [XNIO-1 task-5] INFO  c.r.f.i.PlusWebInvokeTimeInterceptor - [PLUS]开始请求 => URL[GET /business/user/list],参数类型[param],参数:[{"pageSize":["10"],"pageNum":["1"]}]
2025-10-21 15:55:36 [XNIO-1 task-6] INFO  c.r.f.i.PlusWebInvokeTimeInterceptor - [PLUS]开始请求 => URL[GET /system/dict/data/type/biz_permission],无参数
2025-10-21 15:55:36 [XNIO-1 task-6] INFO  c.r.f.i.PlusWebInvokeTimeInterceptor - [PLUS]结束请求 => URL[GET /system/dict/data/type/biz_permission],耗时:[23]毫秒
2025-10-21 15:55:36 [XNIO-1 task-5] INFO  c.r.f.i.PlusWebInvokeTimeInterceptor - [PLUS]结束请求 => URL[GET /business/user/list],耗时:[75]毫秒
2025-10-21 16:01:36 [XNIO-1 task-5] INFO  c.r.f.i.PlusWebInvokeTimeInterceptor - [PLUS]开始请求 => URL[GET /getInfo],无参数
2025-10-21 16:01:36 [XNIO-1 task-5] INFO  c.r.f.i.PlusWebInvokeTimeInterceptor - [PLUS]结束请求 => URL[GET /getInfo],耗时:[59]毫秒
2025-10-21 16:01:36 [XNIO-1 task-5] INFO  c.r.f.i.PlusWebInvokeTimeInterceptor - [PLUS]开始请求 => URL[GET /getRouters],无参数
2025-10-21 16:01:36 [XNIO-1 task-5] INFO  c.r.f.i.PlusWebInvokeTimeInterceptor - [PLUS]结束请求 => URL[GET /getRouters],耗时:[30]毫秒
2025-10-21 16:02:14 [XNIO-1 task-5] INFO  c.r.f.i.PlusWebInvokeTimeInterceptor - [PLUS]开始请求 => URL[GET /getInfo],无参数
2025-10-21 16:02:14 [XNIO-1 task-5] INFO  c.r.f.i.PlusWebInvokeTimeInterceptor - [PLUS]结束请求 => URL[GET /getInfo],耗时:[51]毫秒
2025-10-21 16:02:14 [XNIO-1 task-5] INFO  c.r.f.i.PlusWebInvokeTimeInterceptor - [PLUS]开始请求 => URL[GET /getRouters],无参数
2025-10-21 16:02:14 [XNIO-1 task-5] INFO  c.r.f.i.PlusWebInvokeTimeInterceptor - [PLUS]结束请求 => URL[GET /getRouters],耗时:[28]毫秒
2025-10-21 16:02:17 [XNIO-1 task-5] INFO  c.r.f.i.PlusWebInvokeTimeInterceptor - [PLUS]开始请求 => URL[GET /system/user/profile],无参数
2025-10-21 16:02:17 [XNIO-1 task-5] INFO  c.r.f.i.PlusWebInvokeTimeInterceptor - [PLUS]结束请求 => URL[GET /system/user/profile],耗时:[61]毫秒
2025-10-21 16:02:20 [XNIO-1 task-5] INFO  c.r.f.i.PlusWebInvokeTimeInterceptor - [PLUS]开始请求 => URL[GET /business/arbiterMap/undefined],无参数
2025-10-21 16:02:20 [XNIO-1 task-6] INFO  c.r.f.i.PlusWebInvokeTimeInterceptor - [PLUS]开始请求 => URL[GET /business/arbiterMapLegend/queryArbiterMapLegendList],无参数
2025-10-21 16:02:20 [XNIO-1 task-5] ERROR c.r.f.w.e.GlobalExceptionHandler - 请求参数类型不匹配'/business/arbiterMap/undefined',发生系统异常.
2025-10-21 16:02:20 [XNIO-1 task-6] ERROR c.r.f.w.e.GlobalExceptionHandler - 请求参数类型不匹配'/business/arbiterMapLegend/queryArbiterMapLegendList',发生系统异常.
2025-10-21 16:02:20 [XNIO-1 task-6] INFO  c.r.f.i.PlusWebInvokeTimeInterceptor - [PLUS]结束请求 => URL[GET /business/arbiterMapLegend/queryArbiterMapLegendList],耗时:[49]毫秒
2025-10-21 16:02:20 [XNIO-1 task-5] INFO  c.r.f.i.PlusWebInvokeTimeInterceptor - [PLUS]结束请求 => URL[GET /business/arbiterMap/undefined],耗时:[49]毫秒
2025-10-21 16:02:25 [XNIO-1 task-6] INFO  c.r.f.i.PlusWebInvokeTimeInterceptor - [PLUS]开始请求 => URL[GET /business/product/queryProductList],无参数
2025-10-21 16:02:25 [XNIO-1 task-5] INFO  c.r.f.i.PlusWebInvokeTimeInterceptor - [PLUS]开始请求 => URL[GET /business/arbiterMap/list],参数类型[param],参数:[{"pageSize":["10"],"pageNum":["1"]}]
2025-10-21 16:02:25 [XNIO-1 task-6] INFO  c.r.f.i.PlusWebInvokeTimeInterceptor - [PLUS]结束请求 => URL[GET /business/product/queryProductList],耗时:[30]毫秒
2025-10-21 16:02:25 [XNIO-1 task-5] INFO  c.r.f.i.PlusWebInvokeTimeInterceptor - [PLUS]结束请求 => URL[GET /business/arbiterMap/list],耗时:[58]毫秒
2025-10-21 16:02:32 [XNIO-1 task-6] INFO  c.r.f.i.PlusWebInvokeTimeInterceptor - [PLUS]开始请求 => URL[GET /business/arbiterMap/queryArbiterMapList],无参数
2025-10-21 16:02:32 [XNIO-1 task-5] INFO  c.r.f.i.PlusWebInvokeTimeInterceptor - [PLUS]开始请求 => URL[GET /business/product/queryProductList],无参数
2025-10-21 16:02:32 [XNIO-1 task-5] INFO  c.r.f.i.PlusWebInvokeTimeInterceptor - [PLUS]结束请求 => URL[GET /business/product/queryProductList],耗时:[28]毫秒
2025-10-21 16:02:32 [XNIO-1 task-6] INFO  c.r.f.i.PlusWebInvokeTimeInterceptor - [PLUS]结束请求 => URL[GET /business/arbiterMap/queryArbiterMapList],耗时:[28]毫秒
2025-10-21 16:02:36 [XNIO-1 task-6] INFO  c.r.f.i.PlusWebInvokeTimeInterceptor - [PLUS]开始请求 => URL[GET /business/product/queryProductList],无参数
2025-10-21 16:02:36 [XNIO-1 task-5] INFO  c.r.f.i.PlusWebInvokeTimeInterceptor - [PLUS]开始请求 => URL[GET /business/arbiterMap/queryArbiterMapList],无参数
2025-10-21 16:02:36 [XNIO-1 task-6] INFO  c.r.f.i.PlusWebInvokeTimeInterceptor - [PLUS]结束请求 => URL[GET /business/product/queryProductList],耗时:[30]毫秒
2025-10-21 16:02:36 [XNIO-1 task-5] INFO  c.r.f.i.PlusWebInvokeTimeInterceptor - [PLUS]结束请求 => URL[GET /business/arbiterMap/queryArbiterMapList],耗时:[30]毫秒
2025-10-21 16:02:51 [XNIO-1 task-5] INFO  c.r.f.i.PlusWebInvokeTimeInterceptor - [PLUS]开始请求 => URL[GET /business/arbiterMapLegend/list],参数类型[param],参数:[{"pageSize":["10"],"pageNum":["1"]}]
2025-10-21 16:02:51 [XNIO-1 task-5] INFO  c.r.f.i.PlusWebInvokeTimeInterceptor - [PLUS]结束请求 => URL[GET /business/arbiterMapLegend/list],耗时:[60]毫秒
2025-10-21 16:02:55 [XNIO-1 task-5] INFO  c.r.f.i.PlusWebInvokeTimeInterceptor - [PLUS]开始请求 => URL[GET /business/product/queryProductList],无参数
2025-10-21 16:02:55 [XNIO-1 task-6] INFO  c.r.f.i.PlusWebInvokeTimeInterceptor - [PLUS]开始请求 => URL[GET /business/scenario/list],参数类型[param],参数:[{"pageSize":["10"],"pageNum":["1"]}]
2025-10-21 16:02:55 [XNIO-1 task-11] INFO  c.r.f.i.PlusWebInvokeTimeInterceptor - [PLUS]开始请求 => URL[GET /business/arbiterMap/queryArbiterMapList],无参数
2025-10-21 16:02:55 [XNIO-1 task-5] INFO  c.r.f.i.PlusWebInvokeTimeInterceptor - [PLUS]结束请求 => URL[GET /business/product/queryProductList],耗时:[32]毫秒
2025-10-21 16:02:55 [XNIO-1 task-11] INFO  c.r.f.i.PlusWebInvokeTimeInterceptor - [PLUS]结束请求 => URL[GET /business/arbiterMap/queryArbiterMapList],耗时:[31]毫秒
2025-10-21 16:02:55 [XNIO-1 task-6] INFO  c.r.f.i.PlusWebInvokeTimeInterceptor - [PLUS]结束请求 => URL[GET /business/scenario/list],耗时:[63]毫秒
2025-10-21 16:03:03 [XNIO-1 task-5] INFO  c.r.f.i.PlusWebInvokeTimeInterceptor - [PLUS]开始请求 => URL[GET /business/product/queryProductList],无参数
2025-10-21 16:03:03 [XNIO-1 task-6] INFO  c.r.f.i.PlusWebInvokeTimeInterceptor - [PLUS]开始请求 => URL[GET /business/arbiterMap/queryArbiterMapList],无参数
2025-10-21 16:03:03 [XNIO-1 task-5] INFO  c.r.f.i.PlusWebInvokeTimeInterceptor - [PLUS]结束请求 => URL[GET /business/product/queryProductList],耗时:[27]毫秒
2025-10-21 16:03:03 [XNIO-1 task-6] INFO  c.r.f.i.PlusWebInvokeTimeInterceptor - [PLUS]结束请求 => URL[GET /business/arbiterMap/queryArbiterMapList],耗时:[27]毫秒
2025-10-21 16:03:23 [XNIO-1 task-6] INFO  c.r.f.i.PlusWebInvokeTimeInterceptor - [PLUS]开始请求 => URL[GET /business/product/queryProductList],无参数
2025-10-21 16:03:23 [XNIO-1 task-5] INFO  c.r.f.i.PlusWebInvokeTimeInterceptor - [PLUS]开始请求 => URL[GET /business/arbiterMap/queryArbiterMapList],无参数
2025-10-21 16:03:23 [XNIO-1 task-6] INFO  c.r.f.i.PlusWebInvokeTimeInterceptor - [PLUS]结束请求 => URL[GET /business/product/queryProductList],耗时:[31]毫秒
2025-10-21 16:03:23 [XNIO-1 task-5] INFO  c.r.f.i.PlusWebInvokeTimeInterceptor - [PLUS]结束请求 => URL[GET /business/arbiterMap/queryArbiterMapList],耗时:[31]毫秒
2025-10-21 16:03:29 [XNIO-1 task-11] INFO  c.r.f.i.PlusWebInvokeTimeInterceptor - [PLUS]开始请求 => URL[GET /business/arbiterMap/queryArbiterMapList],无参数
2025-10-21 16:03:29 [XNIO-1 task-5] INFO  c.r.f.i.PlusWebInvokeTimeInterceptor - [PLUS]开始请求 => URL[GET /business/scenario/list],参数类型[param],参数:[{"pageSize":["10"],"pageNum":["1"]}]
2025-10-21 16:03:29 [XNIO-1 task-6] INFO  c.r.f.i.PlusWebInvokeTimeInterceptor - [PLUS]开始请求 => URL[GET /business/product/queryProductList],无参数
2025-10-21 16:03:29 [XNIO-1 task-6] INFO  c.r.f.i.PlusWebInvokeTimeInterceptor - [PLUS]结束请求 => URL[GET /business/product/queryProductList],耗时:[33]毫秒
2025-10-21 16:03:29 [XNIO-1 task-11] INFO  c.r.f.i.PlusWebInvokeTimeInterceptor - [PLUS]结束请求 => URL[GET /business/arbiterMap/queryArbiterMapList],耗时:[33]毫秒
2025-10-21 16:03:29 [XNIO-1 task-5] INFO  c.r.f.i.PlusWebInvokeTimeInterceptor - [PLUS]结束请求 => URL[GET /business/scenario/list],耗时:[61]毫秒
2025-10-21 16:03:31 [XNIO-1 task-5] INFO  c.r.f.i.PlusWebInvokeTimeInterceptor - [PLUS]开始请求 => URL[GET /business/arbiterMap/queryArbiterMapList],无参数
2025-10-21 16:03:31 [XNIO-1 task-11] INFO  c.r.f.i.PlusWebInvokeTimeInterceptor - [PLUS]开始请求 => URL[GET /business/product/queryProductList],无参数
2025-10-21 16:03:31 [XNIO-1 task-11] INFO  c.r.f.i.PlusWebInvokeTimeInterceptor - [PLUS]结束请求 => URL[GET /business/product/queryProductList],耗时:[25]毫秒
2025-10-21 16:03:31 [XNIO-1 task-5] INFO  c.r.f.i.PlusWebInvokeTimeInterceptor - [PLUS]结束请求 => URL[GET /business/arbiterMap/queryArbiterMapList],耗时:[27]毫秒
2025-10-21 16:03:32 [XNIO-1 task-11] INFO  c.r.f.i.PlusWebInvokeTimeInterceptor - [PLUS]开始请求 => URL[GET /business/product/queryProductList],无参数
2025-10-21 16:03:32 [XNIO-1 task-6] INFO  c.r.f.i.PlusWebInvokeTimeInterceptor - [PLUS]开始请求 => URL[GET /business/scenario/list],参数类型[param],参数:[{"pageSize":["10"],"pageNum":["1"]}]
2025-10-21 16:03:32 [XNIO-1 task-5] INFO  c.r.f.i.PlusWebInvokeTimeInterceptor - [PLUS]开始请求 => URL[GET /business/arbiterMap/queryArbiterMapList],无参数
2025-10-21 16:03:33 [XNIO-1 task-11] INFO  c.r.f.i.PlusWebInvokeTimeInterceptor - [PLUS]结束请求 => URL[GET /business/product/queryProductList],耗时:[81]毫秒
2025-10-21 16:03:33 [XNIO-1 task-5] INFO  c.r.f.i.PlusWebInvokeTimeInterceptor - [PLUS]结束请求 => URL[GET /business/arbiterMap/queryArbiterMapList],耗时:[81]毫秒
2025-10-21 16:03:33 [XNIO-1 task-6] INFO  c.r.f.i.PlusWebInvokeTimeInterceptor - [PLUS]结束请求 => URL[GET /business/scenario/list],耗时:[112]毫秒
2025-10-21 16:03:50 [XNIO-1 task-6] INFO  c.r.f.i.PlusWebInvokeTimeInterceptor - [PLUS]开始请求 => URL[GET /monitor/cache/getNames],无参数
2025-10-21 16:03:50 [XNIO-1 task-6] INFO  c.r.f.i.PlusWebInvokeTimeInterceptor - [PLUS]结束请求 => URL[GET /monitor/cache/getNames],耗时:[49]毫秒
2025-10-21 16:03:51 [XNIO-1 task-11] INFO  c.r.f.i.PlusWebInvokeTimeInterceptor - [PLUS]开始请求 => URL[GET /system/menu/list],无参数
2025-10-21 16:03:51 [XNIO-1 task-6] INFO  c.r.f.i.PlusWebInvokeTimeInterceptor - [PLUS]开始请求 => URL[GET /system/dict/data/type/sys_show_hide],无参数
2025-10-21 16:03:51 [XNIO-1 task-5] INFO  c.r.f.i.PlusWebInvokeTimeInterceptor - [PLUS]开始请求 => URL[GET /system/dict/data/type/sys_normal_disable],无参数
2025-10-21 16:03:51 [XNIO-1 task-5] INFO  c.r.f.i.PlusWebInvokeTimeInterceptor - [PLUS]结束请求 => URL[GET /system/dict/data/type/sys_normal_disable],耗时:[23]毫秒
2025-10-21 16:03:51 [XNIO-1 task-6] INFO  c.r.f.i.PlusWebInvokeTimeInterceptor - [PLUS]结束请求 => URL[GET /system/dict/data/type/sys_show_hide],耗时:[23]毫秒
2025-10-21 16:03:51 [XNIO-1 task-11] INFO  c.r.f.i.PlusWebInvokeTimeInterceptor - [PLUS]结束请求 => URL[GET /system/menu/list],耗时:[70]毫秒
2025-10-21 16:03:58 [XNIO-1 task-11] INFO  c.r.f.i.PlusWebInvokeTimeInterceptor - [PLUS]开始请求 => URL[GET /system/menu/list],无参数
2025-10-21 16:03:58 [XNIO-1 task-6] INFO  c.r.f.i.PlusWebInvokeTimeInterceptor - [PLUS]开始请求 => URL[GET /system/menu/1759503588921430017],无参数
2025-10-21 16:03:58 [XNIO-1 task-6] INFO  c.r.f.i.PlusWebInvokeTimeInterceptor - [PLUS]结束请求 => URL[GET /system/menu/1759503588921430017],耗时:[68]毫秒
2025-10-21 16:03:58 [XNIO-1 task-11] INFO  c.r.f.i.PlusWebInvokeTimeInterceptor - [PLUS]结束请求 => URL[GET /system/menu/list],耗时:[79]毫秒
2025-10-21 16:04:00 [XNIO-1 task-11] INFO  c.r.f.i.PlusWebInvokeTimeInterceptor - [PLUS]开始请求 => URL[PUT /system/menu],参数类型[json],参数:[{"createBy":"admin","createTime":"2024-02-19 17:05:44","updateBy":"admin","updateTime":"2024-02-19 17:40:48","parentName":null,"parentId":"1759475177796603906","children":[],"menuId":"1759503588921430017","menuName":"想定管理","orderNum":50,"path":"scenario","component":"business/scenario/index","queryParam":null,"isFrame":"1","isCache":"1","menuType":"C","visible":"1","status":"1","perms":"business:scenario:list","icon":"skill","remark":"想定管理菜单"}]
2025-10-21 16:04:00 [XNIO-1 task-11] INFO  c.r.f.i.PlusWebInvokeTimeInterceptor - [PLUS]结束请求 => URL[PUT /system/menu],耗时:[67]毫秒
2025-10-21 16:04:00 [XNIO-1 task-11] INFO  c.r.f.i.PlusWebInvokeTimeInterceptor - [PLUS]开始请求 => URL[GET /system/menu/list],无参数
2025-10-21 16:04:00 [XNIO-1 task-11] INFO  c.r.f.i.PlusWebInvokeTimeInterceptor - [PLUS]结束请求 => URL[GET /system/menu/list],耗时:[64]毫秒
2025-10-21 16:04:09 [XNIO-1 task-11] INFO  c.r.f.i.PlusWebInvokeTimeInterceptor - [PLUS]开始请求 => URL[GET /business/arbiterMapLegend/queryArbiterMapLegendList],无参数
2025-10-21 16:04:09 [XNIO-1 task-6] INFO  c.r.f.i.PlusWebInvokeTimeInterceptor - [PLUS]开始请求 => URL[GET /business/arbiterMap/undefined],无参数
2025-10-21 16:04:09 [XNIO-1 task-11] ERROR c.r.f.w.e.GlobalExceptionHandler - 请求参数类型不匹配'/business/arbiterMapLegend/queryArbiterMapLegendList',发生系统异常.
2025-10-21 16:04:09 [XNIO-1 task-6] ERROR c.r.f.w.e.GlobalExceptionHandler - 请求参数类型不匹配'/business/arbiterMap/undefined',发生系统异常.
2025-10-21 16:04:09 [XNIO-1 task-6] INFO  c.r.f.i.PlusWebInvokeTimeInterceptor - [PLUS]结束请求 => URL[GET /business/arbiterMap/undefined],耗时:[50]毫秒
2025-10-21 16:04:09 [XNIO-1 task-11] INFO  c.r.f.i.PlusWebInvokeTimeInterceptor - [PLUS]结束请求 => URL[GET /business/arbiterMapLegend/queryArbiterMapLegendList],耗时:[50]毫秒
2025-10-21 16:04:13 [XNIO-1 task-6] INFO  c.r.f.i.PlusWebInvokeTimeInterceptor - [PLUS]开始请求 => URL[GET /business/arbiterMap/list],参数类型[param],参数:[{"pageSize":["10"],"pageNum":["1"]}]
2025-10-21 16:04:13 [XNIO-1 task-11] INFO  c.r.f.i.PlusWebInvokeTimeInterceptor - [PLUS]开始请求 => URL[GET /business/product/queryProductList],无参数
2025-10-21 16:04:13 [XNIO-1 task-11] INFO  c.r.f.i.PlusWebInvokeTimeInterceptor - [PLUS]结束请求 => URL[GET /business/product/queryProductList],耗时:[30]毫秒
2025-10-21 16:04:13 [XNIO-1 task-6] INFO  c.r.f.i.PlusWebInvokeTimeInterceptor - [PLUS]结束请求 => URL[GET /business/arbiterMap/list],耗时:[65]毫秒
2025-10-21 16:04:19 [XNIO-1 task-6] INFO  c.r.f.i.PlusWebInvokeTimeInterceptor - [PLUS]开始请求 => URL[GET /business/arbiterMapLegend/list],参数类型[param],参数:[{"pageSize":["10"],"pageNum":["1"]}]
2025-10-21 16:04:19 [XNIO-1 task-6] INFO  c.r.f.i.PlusWebInvokeTimeInterceptor - [PLUS]结束请求 => URL[GET /business/arbiterMapLegend/list],耗时:[64]毫秒
2025-10-21 16:04:25 [XNIO-1 task-11] INFO  c.r.f.i.PlusWebInvokeTimeInterceptor - [PLUS]开始请求 => URL[GET /business/product/queryProductList],无参数
2025-10-21 16:04:25 [XNIO-1 task-6] INFO  c.r.f.i.PlusWebInvokeTimeInterceptor - [PLUS]开始请求 => URL[GET /business/scenario/list],参数类型[param],参数:[{"pageSize":["10"],"pageNum":["1"]}]
2025-10-21 16:04:25 [XNIO-1 task-5] INFO  c.r.f.i.PlusWebInvokeTimeInterceptor - [PLUS]开始请求 => URL[GET /business/arbiterMap/queryArbiterMapList],无参数
2025-10-21 16:04:25 [XNIO-1 task-11] INFO  c.r.f.i.PlusWebInvokeTimeInterceptor - [PLUS]结束请求 => URL[GET /business/product/queryProductList],耗时:[25]毫秒
2025-10-21 16:04:25 [XNIO-1 task-5] INFO  c.r.f.i.PlusWebInvokeTimeInterceptor - [PLUS]结束请求 => URL[GET /business/arbiterMap/queryArbiterMapList],耗时:[30]毫秒
2025-10-21 16:04:25 [XNIO-1 task-6] INFO  c.r.f.i.PlusWebInvokeTimeInterceptor - [PLUS]结束请求 => URL[GET /business/scenario/list],耗时:[57]毫秒
2025-10-21 16:09:52 [XNIO-1 task-6] INFO  c.r.f.i.PlusWebInvokeTimeInterceptor - [PLUS]开始请求 => URL[GET /system/user/deptTree],无参数
2025-10-21 16:09:52 [XNIO-1 task-13] INFO  c.r.f.i.PlusWebInvokeTimeInterceptor - [PLUS]开始请求 => URL[GET /system/user/list],参数类型[param],参数:[{"pageSize":["10"],"pageNum":["1"]}]
2025-10-21 16:09:52 [XNIO-1 task-11] INFO  c.r.f.i.PlusWebInvokeTimeInterceptor - [PLUS]开始请求 => URL[GET /system/dict/data/type/sys_user_sex],无参数
2025-10-21 16:09:52 [XNIO-1 task-5] INFO  c.r.f.i.PlusWebInvokeTimeInterceptor - [PLUS]开始请求 => URL[GET /system/config/configKey/sys.user.initPassword],无参数
2025-10-21 16:09:52 [XNIO-1 task-5] INFO  c.r.f.i.PlusWebInvokeTimeInterceptor - [PLUS]结束请求 => URL[GET /system/config/configKey/sys.user.initPassword],耗时:[28]毫秒
2025-10-21 16:09:52 [XNIO-1 task-11] INFO  c.r.f.i.PlusWebInvokeTimeInterceptor - [PLUS]结束请求 => URL[GET /system/dict/data/type/sys_user_sex],耗时:[28]毫秒
2025-10-21 16:09:52 [XNIO-1 task-6] INFO  c.r.f.i.PlusWebInvokeTimeInterceptor - [PLUS]结束请求 => URL[GET /system/user/deptTree],耗时:[82]毫秒
2025-10-21 16:09:52 [XNIO-1 task-13] INFO  c.r.f.i.PlusWebInvokeTimeInterceptor - [PLUS]结束请求 => URL[GET /system/user/list],耗时:[87]毫秒
2025-10-21 16:10:00 [XNIO-1 task-6] INFO  c.r.f.i.PlusWebInvokeTimeInterceptor - [PLUS]开始请求 => URL[GET /business/product/queryProductList],无参数
2025-10-21 16:10:00 [XNIO-1 task-13] INFO  c.r.f.i.PlusWebInvokeTimeInterceptor - [PLUS]开始请求 => URL[GET /business/arbiterMap/list],参数类型[param],参数:[{"pageSize":["10"],"pageNum":["1"]}]
2025-10-21 16:10:00 [XNIO-1 task-6] INFO  c.r.f.i.PlusWebInvokeTimeInterceptor - [PLUS]结束请求 => URL[GET /business/product/queryProductList],耗时:[26]毫秒
2025-10-21 16:10:00 [XNIO-1 task-13] INFO  c.r.f.i.PlusWebInvokeTimeInterceptor - [PLUS]结束请求 => URL[GET /business/arbiterMap/list],耗时:[59]毫秒
2025-10-21 16:10:03 [XNIO-1 task-13] INFO  c.r.f.i.PlusWebInvokeTimeInterceptor - [PLUS]开始请求 => URL[GET /system/dict/data/type/mode_type],无参数
2025-10-21 16:10:03 [XNIO-1 task-7] INFO  c.r.f.i.PlusWebInvokeTimeInterceptor - [PLUS]开始请求 => URL[GET /system/dict/data/type/verdict_type],无参数
2025-10-21 16:10:03 [XNIO-1 task-5] INFO  c.r.f.i.PlusWebInvokeTimeInterceptor - [PLUS]开始请求 => URL[GET /system/dict/data/type/subject_type],无参数
2025-10-21 16:10:03 [XNIO-1 task-6] INFO  c.r.f.i.PlusWebInvokeTimeInterceptor - [PLUS]开始请求 => URL[GET /system/dict/data/type/level_type],无参数
2025-10-21 16:10:03 [XNIO-1 task-11] INFO  c.r.f.i.PlusWebInvokeTimeInterceptor - [PLUS]开始请求 => URL[GET /system/dict/data/type/shelf_flag],无参数
2025-10-21 16:10:03 [XNIO-1 task-12] INFO  c.r.f.i.PlusWebInvokeTimeInterceptor - [PLUS]开始请求 => URL[GET /business/product/list],参数类型[param],参数:[{"pageSize":["10"],"pageNum":["1"]}]
2025-10-21 16:10:04 [XNIO-1 task-6] INFO  c.r.f.i.PlusWebInvokeTimeInterceptor - [PLUS]结束请求 => URL[GET /system/dict/data/type/level_type],耗时:[33]毫秒
2025-10-21 16:10:04 [XNIO-1 task-7] INFO  c.r.f.i.PlusWebInvokeTimeInterceptor - [PLUS]结束请求 => URL[GET /system/dict/data/type/verdict_type],耗时:[33]毫秒
2025-10-21 16:10:04 [XNIO-1 task-5] INFO  c.r.f.i.PlusWebInvokeTimeInterceptor - [PLUS]结束请求 => URL[GET /system/dict/data/type/subject_type],耗时:[33]毫秒
2025-10-21 16:10:04 [XNIO-1 task-13] INFO  c.r.f.i.PlusWebInvokeTimeInterceptor - [PLUS]结束请求 => URL[GET /system/dict/data/type/mode_type],耗时:[33]毫秒
2025-10-21 16:10:04 [XNIO-1 task-11] INFO  c.r.f.i.PlusWebInvokeTimeInterceptor - [PLUS]结束请求 => URL[GET /system/dict/data/type/shelf_flag],耗时:[33]毫秒
2025-10-21 16:10:04 [XNIO-1 task-13] INFO  c.r.f.i.PlusWebInvokeTimeInterceptor - [PLUS]开始请求 => URL[GET /business/scenario/queryScenarioList],无参数
2025-10-21 16:10:04 [XNIO-1 task-11] INFO  c.r.f.i.PlusWebInvokeTimeInterceptor - [PLUS]开始请求 => URL[GET /business/chessPieces/queryChessPiecesList],无参数
2025-10-21 16:10:04 [XNIO-1 task-13] INFO  c.r.f.i.PlusWebInvokeTimeInterceptor - [PLUS]结束请求 => URL[GET /business/scenario/queryScenarioList],耗时:[32]毫秒
2025-10-21 16:10:04 [XNIO-1 task-12] INFO  c.r.f.i.PlusWebInvokeTimeInterceptor - [PLUS]结束请求 => URL[GET /business/product/list],耗时:[77]毫秒
2025-10-21 16:10:04 [XNIO-1 task-11] INFO  c.r.f.i.PlusWebInvokeTimeInterceptor - [PLUS]结束请求 => URL[GET /business/chessPieces/queryChessPiecesList],耗时:[59]毫秒
2025-10-21 16:10:07 [XNIO-1 task-12] INFO  c.r.f.i.PlusWebInvokeTimeInterceptor - [PLUS]开始请求 => URL[GET /business/chessPieces/list],参数类型[param],参数:[{"pageSize":["10"],"pageNum":["1"]}]
2025-10-21 16:10:07 [XNIO-1 task-7] INFO  c.r.f.i.PlusWebInvokeTimeInterceptor - [PLUS]开始请求 => URL[GET /business/chessPiecesType/queryChessPiecesTypeList],无参数
2025-10-21 16:10:07 [XNIO-1 task-6] INFO  c.r.f.i.PlusWebInvokeTimeInterceptor - [PLUS]开始请求 => URL[GET /business/chessPiecesCamp/queryChessPiecesCampList],无参数
2025-10-21 16:10:07 [XNIO-1 task-13] INFO  c.r.f.i.PlusWebInvokeTimeInterceptor - [PLUS]开始请求 => URL[GET /business/product/queryProductList],无参数
2025-10-21 16:10:07 [XNIO-1 task-11] INFO  c.r.f.i.PlusWebInvokeTimeInterceptor - [PLUS]开始请求 => URL[GET /system/dict/data/type/action_type],无参数
2025-10-21 16:10:07 [XNIO-1 task-7] ERROR c.r.f.w.e.GlobalExceptionHandler - 请求地址'/business/chessPiecesType/queryChessPiecesTypeList',发生未知异常.
java.lang.NullPointerException: null
	at com.ruoyi.business.service.impl.BizChessPiecesTypeServiceImpl.buildQueryWrapper(BizChessPiecesTypeServiceImpl.java:65)
	at com.ruoyi.business.service.impl.BizChessPiecesTypeServiceImpl.queryList(BizChessPiecesTypeServiceImpl.java:57)
	at com.ruoyi.business.controller.BizChessPiecesTypeController.queryChessPiecesTypeList(BizChessPiecesTypeController.java:52)
	at com.ruoyi.business.controller.BizChessPiecesTypeController$$FastClassBySpringCGLIB$$bec31b8b.invoke(<generated>)
	at org.springframework.cglib.proxy.MethodProxy.invoke(MethodProxy.java:218)
	at org.springframework.aop.framework.CglibAopProxy$CglibMethodInvocation.invokeJoinpoint(CglibAopProxy.java:792)
	at org.springframework.aop.framework.ReflectiveMethodInvocation.proceed(ReflectiveMethodInvocation.java:163)
	at org.springframework.aop.framework.CglibAopProxy$CglibMethodInvocation.proceed(CglibAopProxy.java:762)
	at org.springframework.validation.beanvalidation.MethodValidationInterceptor.invoke(MethodValidationInterceptor.java:123)
	at org.springframework.aop.framework.ReflectiveMethodInvocation.proceed(ReflectiveMethodInvocation.java:186)
	at org.springframework.aop.framework.CglibAopProxy$CglibMethodInvocation.proceed(CglibAopProxy.java:762)
	at org.springframework.aop.interceptor.ExposeInvocationInterceptor.invoke(ExposeInvocationInterceptor.java:97)
	at org.springframework.aop.framework.ReflectiveMethodInvocation.proceed(ReflectiveMethodInvocation.java:186)
	at org.springframework.aop.framework.CglibAopProxy$CglibMethodInvocation.proceed(CglibAopProxy.java:762)
	at org.springframework.aop.framework.CglibAopProxy$DynamicAdvisedInterceptor.intercept(CglibAopProxy.java:707)
	at com.ruoyi.business.controller.BizChessPiecesTypeController$$EnhancerBySpringCGLIB$$b6b5c2b4.queryChessPiecesTypeList(<generated>)
	at sun.reflect.NativeMethodAccessorImpl.invoke0(Native Method)
	at sun.reflect.NativeMethodAccessorImpl.invoke(NativeMethodAccessorImpl.java:62)
	at sun.reflect.DelegatingMethodAccessorImpl.invoke(DelegatingMethodAccessorImpl.java:43)
	at java.lang.reflect.Method.invoke(Method.java:498)
	at org.springframework.web.method.support.InvocableHandlerMethod.doInvoke(InvocableHandlerMethod.java:205)
	at org.springframework.web.method.support.InvocableHandlerMethod.invokeForRequest(InvocableHandlerMethod.java:150)
	at org.springframework.web.servlet.mvc.method.annotation.ServletInvocableHandlerMethod.invokeAndHandle(ServletInvocableHandlerMethod.java:117)
	at org.springframework.web.servlet.mvc.method.annotation.RequestMappingHandlerAdapter.invokeHandlerMethod(RequestMappingHandlerAdapter.java:895)
	at org.springframework.web.servlet.mvc.method.annotation.RequestMappingHandlerAdapter.handleInternal(RequestMappingHandlerAdapter.java:808)
	at org.springframework.web.servlet.mvc.method.AbstractHandlerMethodAdapter.handle(AbstractHandlerMethodAdapter.java:87)
	at org.springframework.web.servlet.DispatcherServlet.doDispatch(DispatcherServlet.java:1072)
	at org.springframework.web.servlet.DispatcherServlet.doService(DispatcherServlet.java:965)
	at org.springframework.web.servlet.FrameworkServlet.processRequest(FrameworkServlet.java:1006)
	at org.springframework.web.servlet.FrameworkServlet.doGet(FrameworkServlet.java:898)
	at javax.servlet.http.HttpServlet.service(HttpServlet.java:497)
	at org.springframework.web.servlet.FrameworkServlet.service(FrameworkServlet.java:883)
	at javax.servlet.http.HttpServlet.service(HttpServlet.java:584)
	at io.undertow.servlet.handlers.ServletHandler.handleRequest(ServletHandler.java:74)
	at io.undertow.servlet.handlers.FilterHandler$FilterChainImpl.doFilter(FilterHandler.java:129)
	at org.springframework.web.filter.CorsFilter.doFilterInternal(CorsFilter.java:91)
	at org.springframework.web.filter.OncePerRequestFilter.doFilter(OncePerRequestFilter.java:117)
	at io.undertow.servlet.core.ManagedFilter.doFilter(ManagedFilter.java:67)
	at io.undertow.servlet.handlers.FilterHandler$FilterChainImpl.doFilter(FilterHandler.java:131)
	at com.ruoyi.common.filter.RepeatableFilter.doFilter(RepeatableFilter.java:30)
	at io.undertow.servlet.core.ManagedFilter.doFilter(ManagedFilter.java:67)
	at io.undertow.servlet.handlers.FilterHandler$FilterChainImpl.doFilter(FilterHandler.java:131)
	at org.springframework.web.filter.RequestContextFilter.doFilterInternal(RequestContextFilter.java:100)
	at org.springframework.web.filter.OncePerRequestFilter.doFilter(OncePerRequestFilter.java:117)
	at io.undertow.servlet.core.ManagedFilter.doFilter(ManagedFilter.java:67)
	at io.undertow.servlet.handlers.FilterHandler$FilterChainImpl.doFilter(FilterHandler.java:131)
	at cn.dev33.satoken.filter.SaPathCheckFilterForServlet.doFilter(SaPathCheckFilterForServlet.java:55)
	at io.undertow.servlet.core.ManagedFilter.doFilter(ManagedFilter.java:67)
	at io.undertow.servlet.handlers.FilterHandler$FilterChainImpl.doFilter(FilterHandler.java:131)
	at org.springframework.web.filter.FormContentFilter.doFilterInternal(FormContentFilter.java:93)
	at org.springframework.web.filter.OncePerRequestFilter.doFilter(OncePerRequestFilter.java:117)
	at io.undertow.servlet.core.ManagedFilter.doFilter(ManagedFilter.java:67)
	at io.undertow.servlet.handlers.FilterHandler$FilterChainImpl.doFilter(FilterHandler.java:131)
	at org.springframework.boot.actuate.metrics.web.servlet.WebMvcMetricsFilter.doFilterInternal(WebMvcMetricsFilter.java:96)
	at org.springframework.web.filter.OncePerRequestFilter.doFilter(OncePerRequestFilter.java:117)
	at io.undertow.servlet.core.ManagedFilter.doFilter(ManagedFilter.java:67)
	at io.undertow.servlet.handlers.FilterHandler$FilterChainImpl.doFilter(FilterHandler.java:131)
	at org.springframework.web.filter.CharacterEncodingFilter.doFilterInternal(CharacterEncodingFilter.java:201)
	at org.springframework.web.filter.OncePerRequestFilter.doFilter(OncePerRequestFilter.java:117)
	at io.undertow.servlet.core.ManagedFilter.doFilter(ManagedFilter.java:67)
	at io.undertow.servlet.handlers.FilterHandler$FilterChainImpl.doFilter(FilterHandler.java:131)
	at io.undertow.servlet.handlers.FilterHandler.handleRequest(FilterHandler.java:84)
	at io.undertow.servlet.handlers.security.ServletSecurityRoleHandler.handleRequest(ServletSecurityRoleHandler.java:62)
	at io.undertow.servlet.handlers.ServletChain$1.handleRequest(ServletChain.java:68)
	at io.undertow.servlet.handlers.ServletDispatchingHandler.handleRequest(ServletDispatchingHandler.java:36)
	at io.undertow.servlet.handlers.RedirectDirHandler.handleRequest(RedirectDirHandler.java:68)
	at io.undertow.servlet.handlers.security.SSLInformationAssociationHandler.handleRequest(SSLInformationAssociationHandler.java:117)
	at io.undertow.servlet.handlers.security.ServletAuthenticationCallHandler.handleRequest(ServletAuthenticationCallHandler.java:57)
	at io.undertow.server.handlers.PredicateHandler.handleRequest(PredicateHandler.java:43)
	at io.undertow.security.handlers.AbstractConfidentialityHandler.handleRequest(AbstractConfidentialityHandler.java:46)
	at io.undertow.servlet.handlers.security.ServletConfidentialityConstraintHandler.handleRequest(ServletConfidentialityConstraintHandler.java:64)
	at io.undertow.security.handlers.AuthenticationMechanismsHandler.handleRequest(AuthenticationMechanismsHandler.java:60)
	at io.undertow.servlet.handlers.security.CachedAuthenticatedSessionHandler.handleRequest(CachedAuthenticatedSessionHandler.java:77)
	at io.undertow.security.handlers.AbstractSecurityContextAssociationHandler.handleRequest(AbstractSecurityContextAssociationHandler.java:43)
	at io.undertow.server.handlers.PredicateHandler.handleRequest(PredicateHandler.java:43)
	at io.undertow.servlet.handlers.SendErrorPageHandler.handleRequest(SendErrorPageHandler.java:52)
	at io.undertow.server.handlers.PredicateHandler.handleRequest(PredicateHandler.java:43)
	at io.undertow.servlet.handlers.ServletInitialHandler.handleFirstRequest(ServletInitialHandler.java:275)
	at io.undertow.servlet.handlers.ServletInitialHandler.access$100(ServletInitialHandler.java:79)
	at io.undertow.servlet.handlers.ServletInitialHandler$2.call(ServletInitialHandler.java:134)
	at io.undertow.servlet.handlers.ServletInitialHandler$2.call(ServletInitialHandler.java:131)
	at io.undertow.servlet.core.ServletRequestContextThreadSetupAction$1.call(ServletRequestContextThreadSetupAction.java:48)
	at io.undertow.servlet.core.ContextClassLoaderSetupAction$1.call(ContextClassLoaderSetupAction.java:43)
	at io.undertow.servlet.handlers.ServletInitialHandler.dispatchRequest(ServletInitialHandler.java:255)
	at io.undertow.servlet.handlers.ServletInitialHandler.access$000(ServletInitialHandler.java:79)
	at io.undertow.servlet.handlers.ServletInitialHandler$1.handleRequest(ServletInitialHandler.java:100)
	at io.undertow.server.Connectors.executeRootHandler(Connectors.java:393)
	at io.undertow.server.HttpServerExchange$1.run(HttpServerExchange.java:852)
	at org.jboss.threads.ContextClassLoaderSavingRunnable.run(ContextClassLoaderSavingRunnable.java:35)
	at org.jboss.threads.EnhancedQueueExecutor.safeRun(EnhancedQueueExecutor.java:2019)
	at org.jboss.threads.EnhancedQueueExecutor$ThreadBody.doRunTask(EnhancedQueueExecutor.java:1558)
	at org.jboss.threads.EnhancedQueueExecutor$ThreadBody.run(EnhancedQueueExecutor.java:1449)
	at org.xnio.XnioWorker$WorkerThreadFactory$1$1.run(XnioWorker.java:1282)
	at java.lang.Thread.run(Thread.java:750)
2025-10-21 16:10:07 [XNIO-1 task-7] INFO  c.r.f.i.PlusWebInvokeTimeInterceptor - [PLUS]结束请求 => URL[GET /business/chessPiecesType/queryChessPiecesTypeList],耗时:[24]毫秒
2025-10-21 16:10:07 [XNIO-1 task-11] INFO  c.r.f.i.PlusWebInvokeTimeInterceptor - [PLUS]结束请求 => URL[GET /system/dict/data/type/action_type],耗时:[26]毫秒
2025-10-21 16:10:07 [XNIO-1 task-6] INFO  c.r.f.i.PlusWebInvokeTimeInterceptor - [PLUS]结束请求 => URL[GET /business/chessPiecesCamp/queryChessPiecesCampList],耗时:[29]毫秒
2025-10-21 16:10:07 [XNIO-1 task-13] INFO  c.r.f.i.PlusWebInvokeTimeInterceptor - [PLUS]结束请求 => URL[GET /business/product/queryProductList],耗时:[30]毫秒
2025-10-21 16:10:07 [XNIO-1 task-12] INFO  c.r.f.i.PlusWebInvokeTimeInterceptor - [PLUS]结束请求 => URL[GET /business/chessPieces/list],耗时:[67]毫秒
2025-10-21 16:10:07 [XNIO-1 task-6] INFO  c.r.f.i.PlusWebInvokeTimeInterceptor - [PLUS]开始请求 => URL[GET /api/system/getOssById/1856590846159982594],无参数
2025-10-21 16:10:07 [XNIO-1 task-12] INFO  c.r.f.i.PlusWebInvokeTimeInterceptor - [PLUS]开始请求 => URL[GET /api/system/getOssById/1856587777389072386],无参数
2025-10-21 16:10:07 [XNIO-1 task-13] INFO  c.r.f.i.PlusWebInvokeTimeInterceptor - [PLUS]开始请求 => URL[GET /api/system/getOssById/1856590815659003905],无参数
2025-10-21 16:10:07 [XNIO-1 task-6] INFO  c.r.f.i.PlusWebInvokeTimeInterceptor - [PLUS]结束请求 => URL[GET /api/system/getOssById/1856590846159982594],耗时:[24]毫秒
2025-10-21 16:10:07 [XNIO-1 task-13] INFO  c.r.f.i.PlusWebInvokeTimeInterceptor - [PLUS]结束请求 => URL[GET /api/system/getOssById/1856590815659003905],耗时:[24]毫秒
2025-10-21 16:10:07 [XNIO-1 task-12] INFO  c.r.f.i.PlusWebInvokeTimeInterceptor - [PLUS]结束请求 => URL[GET /api/system/getOssById/1856587777389072386],耗时:[24]毫秒
2025-10-21 16:10:07 [XNIO-1 task-13] INFO  c.r.f.i.PlusWebInvokeTimeInterceptor - [PLUS]开始请求 => URL[GET /api/system/getOssById/1856590846159982594],无参数
2025-10-21 16:10:07 [XNIO-1 task-6] INFO  c.r.f.i.PlusWebInvokeTimeInterceptor - [PLUS]开始请求 => URL[GET /api/system/getOssById/1856587777389072386],无参数
2025-10-21 16:10:07 [XNIO-1 task-12] INFO  c.r.f.i.PlusWebInvokeTimeInterceptor - [PLUS]开始请求 => URL[GET /api/system/getOssById/1856590815659003905],无参数
2025-10-21 16:10:07 [XNIO-1 task-13] INFO  c.r.f.i.PlusWebInvokeTimeInterceptor - [PLUS]结束请求 => URL[GET /api/system/getOssById/1856590846159982594],耗时:[22]毫秒
2025-10-21 16:10:07 [XNIO-1 task-12] INFO  c.r.f.i.PlusWebInvokeTimeInterceptor - [PLUS]结束请求 => URL[GET /api/system/getOssById/1856590815659003905],耗时:[22]毫秒
2025-10-21 16:10:07 [XNIO-1 task-6] INFO  c.r.f.i.PlusWebInvokeTimeInterceptor - [PLUS]结束请求 => URL[GET /api/system/getOssById/1856587777389072386],耗时:[22]毫秒
2025-10-21 16:10:07 [XNIO-1 task-6] INFO  c.r.f.i.PlusWebInvokeTimeInterceptor - [PLUS]开始请求 => URL[GET /api/system/getOssById/1856587777389072386],无参数
2025-10-21 16:10:07 [XNIO-1 task-12] INFO  c.r.f.i.PlusWebInvokeTimeInterceptor - [PLUS]开始请求 => URL[GET /api/system/getOssById/1856590846159982594],无参数
2025-10-21 16:10:07 [XNIO-1 task-6] INFO  c.r.f.i.PlusWebInvokeTimeInterceptor - [PLUS]结束请求 => URL[GET /api/system/getOssById/1856587777389072386],耗时:[22]毫秒
2025-10-21 16:10:07 [XNIO-1 task-12] INFO  c.r.f.i.PlusWebInvokeTimeInterceptor - [PLUS]结束请求 => URL[GET /api/system/getOssById/1856590846159982594],耗时:[23]毫秒
2025-10-21 16:10:07 [XNIO-1 task-12] INFO  c.r.f.i.PlusWebInvokeTimeInterceptor - [PLUS]开始请求 => URL[GET /api/system/getOssById/1856587777389072386],无参数
2025-10-21 16:10:07 [XNIO-1 task-12] INFO  c.r.f.i.PlusWebInvokeTimeInterceptor - [PLUS]结束请求 => URL[GET /api/system/getOssById/1856587777389072386],耗时:[23]毫秒
2025-10-21 16:10:07 [XNIO-1 task-12] INFO  c.r.f.i.PlusWebInvokeTimeInterceptor - [PLUS]开始请求 => URL[GET /api/system/getOssById/1856587777389072386],无参数
2025-10-21 16:10:07 [XNIO-1 task-12] INFO  c.r.f.i.PlusWebInvokeTimeInterceptor - [PLUS]结束请求 => URL[GET /api/system/getOssById/1856587777389072386],耗时:[23]毫秒
2025-10-21 16:27:04 [master housekeeper] WARN  com.zaxxer.hikari.pool.HikariPool - master - Thread starvation or clock leap detected (housekeeper delta=15m40s95ms).
2025-10-21 16:27:16 [redisson-netty-2-3] ERROR o.r.c.handler.ErrorsLoggingHandler - Exception occured. Channel: [id: 0x17249062, L:/192.168.1.101:58036 - R:192.10.84.130/192.10.84.130:6381]
java.io.IOException: Operation timed out
	at sun.nio.ch.FileDispatcherImpl.read0(Native Method)
	at sun.nio.ch.SocketDispatcher.read(SocketDispatcher.java:39)
	at sun.nio.ch.IOUtil.readIntoNativeBuffer(IOUtil.java:223)
	at sun.nio.ch.IOUtil.read(IOUtil.java:192)
	at sun.nio.ch.SocketChannelImpl.read(SocketChannelImpl.java:379)
	at io.netty.buffer.PooledByteBuf.setBytes(PooledByteBuf.java:254)
	at io.netty.buffer.AbstractByteBuf.writeBytes(AbstractByteBuf.java:1132)
	at io.netty.channel.socket.nio.NioSocketChannel.doReadBytes(NioSocketChannel.java:357)
	at io.netty.channel.nio.AbstractNioByteChannel$NioByteUnsafe.read(AbstractNioByteChannel.java:151)
	at io.netty.channel.nio.NioEventLoop.processSelectedKey(NioEventLoop.java:788)
	at io.netty.channel.nio.NioEventLoop.processSelectedKeysOptimized(NioEventLoop.java:724)
	at io.netty.channel.nio.NioEventLoop.processSelectedKeys(NioEventLoop.java:650)
	at io.netty.channel.nio.NioEventLoop.run(NioEventLoop.java:562)
	at io.netty.util.concurrent.SingleThreadEventExecutor$4.run(SingleThreadEventExecutor.java:997)
	at io.netty.util.internal.ThreadExecutorMap$2.run(ThreadExecutorMap.java:74)
	at io.netty.util.concurrent.FastThreadLocalRunnable.run(FastThreadLocalRunnable.java:30)
	at java.lang.Thread.run(Thread.java:750)
2025-10-21 16:27:16 [redisson-netty-2-2] ERROR o.r.c.handler.ErrorsLoggingHandler - Exception occured. Channel: [id: 0xcde49ba6, L:/192.168.1.101:58037 - R:192.10.84.130/192.10.84.130:6381]
java.io.IOException: Operation timed out
	at sun.nio.ch.FileDispatcherImpl.read0(Native Method)
	at sun.nio.ch.SocketDispatcher.read(SocketDispatcher.java:39)
	at sun.nio.ch.IOUtil.readIntoNativeBuffer(IOUtil.java:223)
	at sun.nio.ch.IOUtil.read(IOUtil.java:192)
	at sun.nio.ch.SocketChannelImpl.read(SocketChannelImpl.java:379)
	at io.netty.buffer.PooledByteBuf.setBytes(PooledByteBuf.java:254)
	at io.netty.buffer.AbstractByteBuf.writeBytes(AbstractByteBuf.java:1132)
	at io.netty.channel.socket.nio.NioSocketChannel.doReadBytes(NioSocketChannel.java:357)
	at io.netty.channel.nio.AbstractNioByteChannel$NioByteUnsafe.read(AbstractNioByteChannel.java:151)
	at io.netty.channel.nio.NioEventLoop.processSelectedKey(NioEventLoop.java:788)
	at io.netty.channel.nio.NioEventLoop.processSelectedKeysOptimized(NioEventLoop.java:724)
	at io.netty.channel.nio.NioEventLoop.processSelectedKeys(NioEventLoop.java:650)
	at io.netty.channel.nio.NioEventLoop.run(NioEventLoop.java:562)
	at io.netty.util.concurrent.SingleThreadEventExecutor$4.run(SingleThreadEventExecutor.java:997)
	at io.netty.util.internal.ThreadExecutorMap$2.run(ThreadExecutorMap.java:74)
	at io.netty.util.concurrent.FastThreadLocalRunnable.run(FastThreadLocalRunnable.java:30)
	at java.lang.Thread.run(Thread.java:750)
2025-10-21 16:27:16 [redisson-netty-2-4] ERROR o.r.c.handler.ErrorsLoggingHandler - Exception occured. Channel: [id: 0xd1acddfe, L:/192.168.1.101:58038 - R:192.10.84.130/192.10.84.130:6381]
java.io.IOException: Operation timed out
	at sun.nio.ch.FileDispatcherImpl.read0(Native Method)
	at sun.nio.ch.SocketDispatcher.read(SocketDispatcher.java:39)
	at sun.nio.ch.IOUtil.readIntoNativeBuffer(IOUtil.java:223)
	at sun.nio.ch.IOUtil.read(IOUtil.java:192)
	at sun.nio.ch.SocketChannelImpl.read(SocketChannelImpl.java:379)
	at io.netty.buffer.PooledByteBuf.setBytes(PooledByteBuf.java:254)
	at io.netty.buffer.AbstractByteBuf.writeBytes(AbstractByteBuf.java:1132)
	at io.netty.channel.socket.nio.NioSocketChannel.doReadBytes(NioSocketChannel.java:357)
	at io.netty.channel.nio.AbstractNioByteChannel$NioByteUnsafe.read(AbstractNioByteChannel.java:151)
	at io.netty.channel.nio.NioEventLoop.processSelectedKey(NioEventLoop.java:788)
	at io.netty.channel.nio.NioEventLoop.processSelectedKeysOptimized(NioEventLoop.java:724)
	at io.netty.channel.nio.NioEventLoop.processSelectedKeys(NioEventLoop.java:650)
	at io.netty.channel.nio.NioEventLoop.run(NioEventLoop.java:562)
	at io.netty.util.concurrent.SingleThreadEventExecutor$4.run(SingleThreadEventExecutor.java:997)
	at io.netty.util.internal.ThreadExecutorMap$2.run(ThreadExecutorMap.java:74)
	at io.netty.util.concurrent.FastThreadLocalRunnable.run(FastThreadLocalRunnable.java:30)
	at java.lang.Thread.run(Thread.java:750)
2025-10-21 16:27:18 [redisson-netty-2-5] ERROR o.r.c.handler.ErrorsLoggingHandler - Exception occured. Channel: [id: 0x6d9a5bce, L:/192.168.1.101:58084 - R:192.10.84.130/192.10.84.130:6381]
java.io.IOException: Operation timed out
	at sun.nio.ch.FileDispatcherImpl.read0(Native Method)
	at sun.nio.ch.SocketDispatcher.read(SocketDispatcher.java:39)
	at sun.nio.ch.IOUtil.readIntoNativeBuffer(IOUtil.java:223)
	at sun.nio.ch.IOUtil.read(IOUtil.java:192)
	at sun.nio.ch.SocketChannelImpl.read(SocketChannelImpl.java:379)
	at io.netty.buffer.PooledByteBuf.setBytes(PooledByteBuf.java:254)
	at io.netty.buffer.AbstractByteBuf.writeBytes(AbstractByteBuf.java:1132)
	at io.netty.channel.socket.nio.NioSocketChannel.doReadBytes(NioSocketChannel.java:357)
	at io.netty.channel.nio.AbstractNioByteChannel$NioByteUnsafe.read(AbstractNioByteChannel.java:151)
	at io.netty.channel.nio.NioEventLoop.processSelectedKey(NioEventLoop.java:788)
	at io.netty.channel.nio.NioEventLoop.processSelectedKeysOptimized(NioEventLoop.java:724)
	at io.netty.channel.nio.NioEventLoop.processSelectedKeys(NioEventLoop.java:650)
	at io.netty.channel.nio.NioEventLoop.run(NioEventLoop.java:562)
	at io.netty.util.concurrent.SingleThreadEventExecutor$4.run(SingleThreadEventExecutor.java:997)
	at io.netty.util.internal.ThreadExecutorMap$2.run(ThreadExecutorMap.java:74)
	at io.netty.util.concurrent.FastThreadLocalRunnable.run(FastThreadLocalRunnable.java:30)
	at java.lang.Thread.run(Thread.java:750)
2025-10-21 16:27:18 [redisson-netty-2-6] ERROR o.r.c.handler.ErrorsLoggingHandler - Exception occured. Channel: [id: 0xb0fcc6d6, L:/192.168.1.101:58088 - R:192.10.84.130/192.10.84.130:6381]
java.io.IOException: Operation timed out
	at sun.nio.ch.FileDispatcherImpl.read0(Native Method)
	at sun.nio.ch.SocketDispatcher.read(SocketDispatcher.java:39)
	at sun.nio.ch.IOUtil.readIntoNativeBuffer(IOUtil.java:223)
	at sun.nio.ch.IOUtil.read(IOUtil.java:192)
	at sun.nio.ch.SocketChannelImpl.read(SocketChannelImpl.java:379)
	at io.netty.buffer.PooledByteBuf.setBytes(PooledByteBuf.java:254)
	at io.netty.buffer.AbstractByteBuf.writeBytes(AbstractByteBuf.java:1132)
	at io.netty.channel.socket.nio.NioSocketChannel.doReadBytes(NioSocketChannel.java:357)
	at io.netty.channel.nio.AbstractNioByteChannel$NioByteUnsafe.read(AbstractNioByteChannel.java:151)
	at io.netty.channel.nio.NioEventLoop.processSelectedKey(NioEventLoop.java:788)
	at io.netty.channel.nio.NioEventLoop.processSelectedKeysOptimized(NioEventLoop.java:724)
	at io.netty.channel.nio.NioEventLoop.processSelectedKeys(NioEventLoop.java:650)
	at io.netty.channel.nio.NioEventLoop.run(NioEventLoop.java:562)
	at io.netty.util.concurrent.SingleThreadEventExecutor$4.run(SingleThreadEventExecutor.java:997)
	at io.netty.util.internal.ThreadExecutorMap$2.run(ThreadExecutorMap.java:74)
	at io.netty.util.concurrent.FastThreadLocalRunnable.run(FastThreadLocalRunnable.java:30)
	at java.lang.Thread.run(Thread.java:750)
2025-10-21 16:27:20 [redisson-netty-2-2] ERROR o.r.c.handler.ErrorsLoggingHandler - Exception occured. Channel: [id: 0x37bdd0c3, L:/192.168.1.101:58118 - R:192.10.84.130/192.10.84.130:6381]
java.io.IOException: Operation timed out
	at sun.nio.ch.FileDispatcherImpl.read0(Native Method)
	at sun.nio.ch.SocketDispatcher.read(SocketDispatcher.java:39)
	at sun.nio.ch.IOUtil.readIntoNativeBuffer(IOUtil.java:223)
	at sun.nio.ch.IOUtil.read(IOUtil.java:192)
	at sun.nio.ch.SocketChannelImpl.read(SocketChannelImpl.java:379)
	at io.netty.buffer.PooledByteBuf.setBytes(PooledByteBuf.java:254)
	at io.netty.buffer.AbstractByteBuf.writeBytes(AbstractByteBuf.java:1132)
	at io.netty.channel.socket.nio.NioSocketChannel.doReadBytes(NioSocketChannel.java:357)
	at io.netty.channel.nio.AbstractNioByteChannel$NioByteUnsafe.read(AbstractNioByteChannel.java:151)
	at io.netty.channel.nio.NioEventLoop.processSelectedKey(NioEventLoop.java:788)
	at io.netty.channel.nio.NioEventLoop.processSelectedKeysOptimized(NioEventLoop.java:724)
	at io.netty.channel.nio.NioEventLoop.processSelectedKeys(NioEventLoop.java:650)
	at io.netty.channel.nio.NioEventLoop.run(NioEventLoop.java:562)
	at io.netty.util.concurrent.SingleThreadEventExecutor$4.run(SingleThreadEventExecutor.java:997)
	at io.netty.util.internal.ThreadExecutorMap$2.run(ThreadExecutorMap.java:74)
	at io.netty.util.concurrent.FastThreadLocalRunnable.run(FastThreadLocalRunnable.java:30)
	at java.lang.Thread.run(Thread.java:750)
2025-10-21 16:27:20 [redisson-netty-2-7] ERROR o.r.c.handler.ErrorsLoggingHandler - Exception occured. Channel: [id: 0xef791882, L:/192.168.1.101:58121 - R:192.10.84.130/192.10.84.130:6381]
java.io.IOException: Operation timed out
	at sun.nio.ch.FileDispatcherImpl.read0(Native Method)
	at sun.nio.ch.SocketDispatcher.read(SocketDispatcher.java:39)
	at sun.nio.ch.IOUtil.readIntoNativeBuffer(IOUtil.java:223)
	at sun.nio.ch.IOUtil.read(IOUtil.java:192)
	at sun.nio.ch.SocketChannelImpl.read(SocketChannelImpl.java:379)
	at io.netty.buffer.PooledByteBuf.setBytes(PooledByteBuf.java:254)
	at io.netty.buffer.AbstractByteBuf.writeBytes(AbstractByteBuf.java:1132)
	at io.netty.channel.socket.nio.NioSocketChannel.doReadBytes(NioSocketChannel.java:357)
	at io.netty.channel.nio.AbstractNioByteChannel$NioByteUnsafe.read(AbstractNioByteChannel.java:151)
	at io.netty.channel.nio.NioEventLoop.processSelectedKey(NioEventLoop.java:788)
	at io.netty.channel.nio.NioEventLoop.processSelectedKeysOptimized(NioEventLoop.java:724)
	at io.netty.channel.nio.NioEventLoop.processSelectedKeys(NioEventLoop.java:650)
	at io.netty.channel.nio.NioEventLoop.run(NioEventLoop.java:562)
	at io.netty.util.concurrent.SingleThreadEventExecutor$4.run(SingleThreadEventExecutor.java:997)
	at io.netty.util.internal.ThreadExecutorMap$2.run(ThreadExecutorMap.java:74)
	at io.netty.util.concurrent.FastThreadLocalRunnable.run(FastThreadLocalRunnable.java:30)
	at java.lang.Thread.run(Thread.java:750)
2025-10-21 16:27:20 [redisson-netty-2-1] ERROR o.r.c.handler.ErrorsLoggingHandler - Exception occured. Channel: [id: 0xe26702f3, L:/192.168.1.101:58120 - R:192.10.84.130/192.10.84.130:6381]
java.io.IOException: Operation timed out
	at sun.nio.ch.FileDispatcherImpl.read0(Native Method)
	at sun.nio.ch.SocketDispatcher.read(SocketDispatcher.java:39)
	at sun.nio.ch.IOUtil.readIntoNativeBuffer(IOUtil.java:223)
	at sun.nio.ch.IOUtil.read(IOUtil.java:192)
	at sun.nio.ch.SocketChannelImpl.read(SocketChannelImpl.java:379)
	at io.netty.buffer.PooledByteBuf.setBytes(PooledByteBuf.java:254)
	at io.netty.buffer.AbstractByteBuf.writeBytes(AbstractByteBuf.java:1132)
	at io.netty.channel.socket.nio.NioSocketChannel.doReadBytes(NioSocketChannel.java:357)
	at io.netty.channel.nio.AbstractNioByteChannel$NioByteUnsafe.read(AbstractNioByteChannel.java:151)
	at io.netty.channel.nio.NioEventLoop.processSelectedKey(NioEventLoop.java:788)
	at io.netty.channel.nio.NioEventLoop.processSelectedKeysOptimized(NioEventLoop.java:724)
	at io.netty.channel.nio.NioEventLoop.processSelectedKeys(NioEventLoop.java:650)
	at io.netty.channel.nio.NioEventLoop.run(NioEventLoop.java:562)
	at io.netty.util.concurrent.SingleThreadEventExecutor$4.run(SingleThreadEventExecutor.java:997)
	at io.netty.util.internal.ThreadExecutorMap$2.run(ThreadExecutorMap.java:74)
	at io.netty.util.concurrent.FastThreadLocalRunnable.run(FastThreadLocalRunnable.java:30)
	at java.lang.Thread.run(Thread.java:750)
2025-10-21 16:27:32 [redisson-timer-4-1] ERROR o.r.c.handler.PingConnectionHandler - Unable to send PING command over channel: [id: 0x634ff29f, L:/192.168.1.101:58119 - R:192.10.84.130/192.10.84.130:6381]
org.redisson.client.RedisTimeoutException: Command execution timeout for command: (PING), params: [], Redis client: [addr=redis://192.10.84.130:6381]
	at org.redisson.client.RedisConnection.lambda$async$0(RedisConnection.java:261)
	at io.netty.util.HashedWheelTimer$HashedWheelTimeout.run(HashedWheelTimer.java:715)
	at io.netty.util.concurrent.ImmediateExecutor.execute(ImmediateExecutor.java:34)
	at io.netty.util.HashedWheelTimer$HashedWheelTimeout.expire(HashedWheelTimer.java:703)
	at io.netty.util.HashedWheelTimer$HashedWheelBucket.expireTimeouts(HashedWheelTimer.java:790)
	at io.netty.util.HashedWheelTimer$Worker.run(HashedWheelTimer.java:503)
	at io.netty.util.concurrent.FastThreadLocalRunnable.run(FastThreadLocalRunnable.java:30)
	at java.lang.Thread.run(Thread.java:750)
2025-10-21 16:34:22 [master housekeeper] WARN  com.zaxxer.hikari.pool.HikariPool - master - Thread starvation or clock leap detected (housekeeper delta=4m48s745ms).
2025-10-21 16:37:05 [master housekeeper] WARN  com.zaxxer.hikari.pool.HikariPool - master - Thread starvation or clock leap detected (housekeeper delta=2m12s580ms).
2025-10-21 16:38:24 [master housekeeper] WARN  com.zaxxer.hikari.pool.HikariPool - master - Thread starvation or clock leap detected (housekeeper delta=49s60ms).
2025-10-21 16:47:49 [master housekeeper] WARN  com.zaxxer.hikari.pool.HikariPool - master - Thread starvation or clock leap detected (housekeeper delta=9m24s779ms).
2025-10-21 16:49:27 [master housekeeper] WARN  com.zaxxer.hikari.pool.HikariPool - master - Thread starvation or clock leap detected (housekeeper delta=1m8s7ms).
2025-10-21 17:05:40 [master housekeeper] WARN  com.zaxxer.hikari.pool.HikariPool - master - Thread starvation or clock leap detected (housekeeper delta=16m12s744ms).
2025-10-21 17:05:58 [redisson-netty-2-2] ERROR o.r.c.handler.ErrorsLoggingHandler - Exception occured. Channel: [id: 0x025e043f, L:/192.168.1.101:58782 - R:192.10.84.130/192.10.84.130:6381]
java.io.IOException: Operation timed out
	at sun.nio.ch.FileDispatcherImpl.read0(Native Method)
	at sun.nio.ch.SocketDispatcher.read(SocketDispatcher.java:39)
	at sun.nio.ch.IOUtil.readIntoNativeBuffer(IOUtil.java:223)
	at sun.nio.ch.IOUtil.read(IOUtil.java:192)
	at sun.nio.ch.SocketChannelImpl.read(SocketChannelImpl.java:379)
	at io.netty.buffer.PooledByteBuf.setBytes(PooledByteBuf.java:254)
	at io.netty.buffer.AbstractByteBuf.writeBytes(AbstractByteBuf.java:1132)
	at io.netty.channel.socket.nio.NioSocketChannel.doReadBytes(NioSocketChannel.java:357)
	at io.netty.channel.nio.AbstractNioByteChannel$NioByteUnsafe.read(AbstractNioByteChannel.java:151)
	at io.netty.channel.nio.NioEventLoop.processSelectedKey(NioEventLoop.java:788)
	at io.netty.channel.nio.NioEventLoop.processSelectedKeysOptimized(NioEventLoop.java:724)
	at io.netty.channel.nio.NioEventLoop.processSelectedKeys(NioEventLoop.java:650)
	at io.netty.channel.nio.NioEventLoop.run(NioEventLoop.java:562)
	at io.netty.util.concurrent.SingleThreadEventExecutor$4.run(SingleThreadEventExecutor.java:997)
	at io.netty.util.internal.ThreadExecutorMap$2.run(ThreadExecutorMap.java:74)
	at io.netty.util.concurrent.FastThreadLocalRunnable.run(FastThreadLocalRunnable.java:30)
	at java.lang.Thread.run(Thread.java:750)
2025-10-21 17:06:14 [redisson-netty-2-5] ERROR o.r.c.handler.ErrorsLoggingHandler - Exception occured. Channel: [id: 0xd0e9e4fe, L:/192.168.1.101:58688 - R:192.10.84.130/192.10.84.130:6381]
java.io.IOException: Operation timed out
	at sun.nio.ch.FileDispatcherImpl.read0(Native Method)
	at sun.nio.ch.SocketDispatcher.read(SocketDispatcher.java:39)
	at sun.nio.ch.IOUtil.readIntoNativeBuffer(IOUtil.java:223)
	at sun.nio.ch.IOUtil.read(IOUtil.java:192)
	at sun.nio.ch.SocketChannelImpl.read(SocketChannelImpl.java:379)
	at io.netty.buffer.PooledByteBuf.setBytes(PooledByteBuf.java:254)
	at io.netty.buffer.AbstractByteBuf.writeBytes(AbstractByteBuf.java:1132)
	at io.netty.channel.socket.nio.NioSocketChannel.doReadBytes(NioSocketChannel.java:357)
	at io.netty.channel.nio.AbstractNioByteChannel$NioByteUnsafe.read(AbstractNioByteChannel.java:151)
	at io.netty.channel.nio.NioEventLoop.processSelectedKey(NioEventLoop.java:788)
	at io.netty.channel.nio.NioEventLoop.processSelectedKeysOptimized(NioEventLoop.java:724)
	at io.netty.channel.nio.NioEventLoop.processSelectedKeys(NioEventLoop.java:650)
	at io.netty.channel.nio.NioEventLoop.run(NioEventLoop.java:562)
	at io.netty.util.concurrent.SingleThreadEventExecutor$4.run(SingleThreadEventExecutor.java:997)
	at io.netty.util.internal.ThreadExecutorMap$2.run(ThreadExecutorMap.java:74)
	at io.netty.util.concurrent.FastThreadLocalRunnable.run(FastThreadLocalRunnable.java:30)
	at java.lang.Thread.run(Thread.java:750)
2025-10-21 17:06:15 [redisson-netty-2-6] ERROR o.r.c.handler.ErrorsLoggingHandler - Exception occured. Channel: [id: 0x84e0dbaf, L:/192.168.1.101:58705 - R:192.10.84.130/192.10.84.130:6381]
java.io.IOException: Operation timed out
	at sun.nio.ch.FileDispatcherImpl.read0(Native Method)
	at sun.nio.ch.SocketDispatcher.read(SocketDispatcher.java:39)
	at sun.nio.ch.IOUtil.readIntoNativeBuffer(IOUtil.java:223)
	at sun.nio.ch.IOUtil.read(IOUtil.java:192)
	at sun.nio.ch.SocketChannelImpl.read(SocketChannelImpl.java:379)
	at io.netty.buffer.PooledByteBuf.setBytes(PooledByteBuf.java:254)
	at io.netty.buffer.AbstractByteBuf.writeBytes(AbstractByteBuf.java:1132)
	at io.netty.channel.socket.nio.NioSocketChannel.doReadBytes(NioSocketChannel.java:357)
	at io.netty.channel.nio.AbstractNioByteChannel$NioByteUnsafe.read(AbstractNioByteChannel.java:151)
	at io.netty.channel.nio.NioEventLoop.processSelectedKey(NioEventLoop.java:788)
	at io.netty.channel.nio.NioEventLoop.processSelectedKeysOptimized(NioEventLoop.java:724)
	at io.netty.channel.nio.NioEventLoop.processSelectedKeys(NioEventLoop.java:650)
	at io.netty.channel.nio.NioEventLoop.run(NioEventLoop.java:562)
	at io.netty.util.concurrent.SingleThreadEventExecutor$4.run(SingleThreadEventExecutor.java:997)
	at io.netty.util.internal.ThreadExecutorMap$2.run(ThreadExecutorMap.java:74)
	at io.netty.util.concurrent.FastThreadLocalRunnable.run(FastThreadLocalRunnable.java:30)
	at java.lang.Thread.run(Thread.java:750)
2025-10-21 17:06:23 [redisson-timer-4-1] ERROR o.r.c.handler.PingConnectionHandler - Unable to send PING command over channel: [id: 0x1a382bda, L:/192.168.1.101:58674 - R:192.10.84.130/192.10.84.130:6381]
org.redisson.client.RedisTimeoutException: Command execution timeout for command: (PING), params: [], Redis client: [addr=redis://192.10.84.130:6381]
	at org.redisson.client.RedisConnection.lambda$async$0(RedisConnection.java:261)
	at io.netty.util.HashedWheelTimer$HashedWheelTimeout.run(HashedWheelTimer.java:715)
	at io.netty.util.concurrent.ImmediateExecutor.execute(ImmediateExecutor.java:34)
	at io.netty.util.HashedWheelTimer$HashedWheelTimeout.expire(HashedWheelTimer.java:703)
	at io.netty.util.HashedWheelTimer$HashedWheelBucket.expireTimeouts(HashedWheelTimer.java:790)
	at io.netty.util.HashedWheelTimer$Worker.run(HashedWheelTimer.java:503)
	at io.netty.util.concurrent.FastThreadLocalRunnable.run(FastThreadLocalRunnable.java:30)
	at java.lang.Thread.run(Thread.java:750)
2025-10-21 17:06:23 [redisson-timer-4-1] ERROR o.r.c.handler.PingConnectionHandler - Unable to send PING command over channel: [id: 0xb4aef2c9, L:/192.168.1.101:58675 - R:192.10.84.130/192.10.84.130:6381]
org.redisson.client.RedisTimeoutException: Command execution timeout for command: (PING), params: [], Redis client: [addr=redis://192.10.84.130:6381]
	at org.redisson.client.RedisConnection.lambda$async$0(RedisConnection.java:261)
	at io.netty.util.HashedWheelTimer$HashedWheelTimeout.run(HashedWheelTimer.java:715)
	at io.netty.util.concurrent.ImmediateExecutor.execute(ImmediateExecutor.java:34)
	at io.netty.util.HashedWheelTimer$HashedWheelTimeout.expire(HashedWheelTimer.java:703)
	at io.netty.util.HashedWheelTimer$HashedWheelBucket.expireTimeouts(HashedWheelTimer.java:790)
	at io.netty.util.HashedWheelTimer$Worker.run(HashedWheelTimer.java:503)
	at io.netty.util.concurrent.FastThreadLocalRunnable.run(FastThreadLocalRunnable.java:30)
	at java.lang.Thread.run(Thread.java:750)
2025-10-21 17:06:23 [redisson-timer-4-1] ERROR o.r.c.handler.PingConnectionHandler - Unable to send PING command over channel: [id: 0xcdd79974, L:/192.168.1.101:58676 - R:192.10.84.130/192.10.84.130:6381]
org.redisson.client.RedisTimeoutException: Command execution timeout for command: (PING), params: [], Redis client: [addr=redis://192.10.84.130:6381]
	at org.redisson.client.RedisConnection.lambda$async$0(RedisConnection.java:261)
	at io.netty.util.HashedWheelTimer$HashedWheelTimeout.run(HashedWheelTimer.java:715)
	at io.netty.util.concurrent.ImmediateExecutor.execute(ImmediateExecutor.java:34)
	at io.netty.util.HashedWheelTimer$HashedWheelTimeout.expire(HashedWheelTimer.java:703)
	at io.netty.util.HashedWheelTimer$HashedWheelBucket.expireTimeouts(HashedWheelTimer.java:790)
	at io.netty.util.HashedWheelTimer$Worker.run(HashedWheelTimer.java:503)
	at io.netty.util.concurrent.FastThreadLocalRunnable.run(FastThreadLocalRunnable.java:30)
	at java.lang.Thread.run(Thread.java:750)
2025-10-21 17:06:25 [redisson-netty-2-7] ERROR o.r.c.handler.ErrorsLoggingHandler - Exception occured. Channel: [id: 0xd0420283, L:/192.168.1.101:58717 - R:192.10.84.130/192.10.84.130:6381]
java.io.IOException: Operation timed out
	at sun.nio.ch.FileDispatcherImpl.read0(Native Method)
	at sun.nio.ch.SocketDispatcher.read(SocketDispatcher.java:39)
	at sun.nio.ch.IOUtil.readIntoNativeBuffer(IOUtil.java:223)
	at sun.nio.ch.IOUtil.read(IOUtil.java:192)
	at sun.nio.ch.SocketChannelImpl.read(SocketChannelImpl.java:379)
	at io.netty.buffer.PooledByteBuf.setBytes(PooledByteBuf.java:254)
	at io.netty.buffer.AbstractByteBuf.writeBytes(AbstractByteBuf.java:1132)
	at io.netty.channel.socket.nio.NioSocketChannel.doReadBytes(NioSocketChannel.java:357)
	at io.netty.channel.nio.AbstractNioByteChannel$NioByteUnsafe.read(AbstractNioByteChannel.java:151)
	at io.netty.channel.nio.NioEventLoop.processSelectedKey(NioEventLoop.java:788)
	at io.netty.channel.nio.NioEventLoop.processSelectedKeysOptimized(NioEventLoop.java:724)
	at io.netty.channel.nio.NioEventLoop.processSelectedKeys(NioEventLoop.java:650)
	at io.netty.channel.nio.NioEventLoop.run(NioEventLoop.java:562)
	at io.netty.util.concurrent.SingleThreadEventExecutor$4.run(SingleThreadEventExecutor.java:997)
	at io.netty.util.internal.ThreadExecutorMap$2.run(ThreadExecutorMap.java:74)
	at io.netty.util.concurrent.FastThreadLocalRunnable.run(FastThreadLocalRunnable.java:30)
	at java.lang.Thread.run(Thread.java:750)
2025-10-21 17:06:25 [redisson-netty-2-8] ERROR o.r.c.handler.ErrorsLoggingHandler - Exception occured. Channel: [id: 0x2258ff10, L:/192.168.1.101:58716 - R:192.10.84.130/192.10.84.130:6381]
java.io.IOException: Operation timed out
	at sun.nio.ch.FileDispatcherImpl.read0(Native Method)
	at sun.nio.ch.SocketDispatcher.read(SocketDispatcher.java:39)
	at sun.nio.ch.IOUtil.readIntoNativeBuffer(IOUtil.java:223)
	at sun.nio.ch.IOUtil.read(IOUtil.java:192)
	at sun.nio.ch.SocketChannelImpl.read(SocketChannelImpl.java:379)
	at io.netty.buffer.PooledByteBuf.setBytes(PooledByteBuf.java:254)
	at io.netty.buffer.AbstractByteBuf.writeBytes(AbstractByteBuf.java:1132)
	at io.netty.channel.socket.nio.NioSocketChannel.doReadBytes(NioSocketChannel.java:357)
	at io.netty.channel.nio.AbstractNioByteChannel$NioByteUnsafe.read(AbstractNioByteChannel.java:151)
	at io.netty.channel.nio.NioEventLoop.processSelectedKey(NioEventLoop.java:788)
	at io.netty.channel.nio.NioEventLoop.processSelectedKeysOptimized(NioEventLoop.java:724)
	at io.netty.channel.nio.NioEventLoop.processSelectedKeys(NioEventLoop.java:650)
	at io.netty.channel.nio.NioEventLoop.run(NioEventLoop.java:562)
	at io.netty.util.concurrent.SingleThreadEventExecutor$4.run(SingleThreadEventExecutor.java:997)
	at io.netty.util.internal.ThreadExecutorMap$2.run(ThreadExecutorMap.java:74)
	at io.netty.util.concurrent.FastThreadLocalRunnable.run(FastThreadLocalRunnable.java:30)
	at java.lang.Thread.run(Thread.java:750)
2025-10-21 17:06:25 [redisson-netty-2-1] ERROR o.r.c.handler.ErrorsLoggingHandler - Exception occured. Channel: [id: 0x10486a34, L:/192.168.1.101:58715 - R:192.10.84.130/192.10.84.130:6381]
java.io.IOException: Operation timed out
	at sun.nio.ch.FileDispatcherImpl.read0(Native Method)
	at sun.nio.ch.SocketDispatcher.read(SocketDispatcher.java:39)
	at sun.nio.ch.IOUtil.readIntoNativeBuffer(IOUtil.java:223)
	at sun.nio.ch.IOUtil.read(IOUtil.java:192)
	at sun.nio.ch.SocketChannelImpl.read(SocketChannelImpl.java:379)
	at io.netty.buffer.PooledByteBuf.setBytes(PooledByteBuf.java:254)
	at io.netty.buffer.AbstractByteBuf.writeBytes(AbstractByteBuf.java:1132)
	at io.netty.channel.socket.nio.NioSocketChannel.doReadBytes(NioSocketChannel.java:357)
	at io.netty.channel.nio.AbstractNioByteChannel$NioByteUnsafe.read(AbstractNioByteChannel.java:151)
	at io.netty.channel.nio.NioEventLoop.processSelectedKey(NioEventLoop.java:788)
	at io.netty.channel.nio.NioEventLoop.processSelectedKeysOptimized(NioEventLoop.java:724)
	at io.netty.channel.nio.NioEventLoop.processSelectedKeys(NioEventLoop.java:650)
	at io.netty.channel.nio.NioEventLoop.run(NioEventLoop.java:562)
	at io.netty.util.concurrent.SingleThreadEventExecutor$4.run(SingleThreadEventExecutor.java:997)
	at io.netty.util.internal.ThreadExecutorMap$2.run(ThreadExecutorMap.java:74)
	at io.netty.util.concurrent.FastThreadLocalRunnable.run(FastThreadLocalRunnable.java:30)
	at java.lang.Thread.run(Thread.java:750)
