2025-10-22 14:31:33 [XNIO-1 task-6] INFO  c.r.f.i.PlusWebInvokeTimeInterceptor - [PLUS]开始请求 => URL[GET /business/user/list],参数类型[param],参数:[{"pageSize":["10"],"pageNum":["1"]}]
2025-10-22 14:31:33 [XNIO-1 task-12] INFO  c.r.f.i.PlusWebInvokeTimeInterceptor - [PLUS]开始请求 => URL[GET /system/dict/data/type/biz_permission],无参数
2025-10-22 14:31:33 [XNIO-1 task-12] INFO  c.r.f.i.PlusWebInvokeTimeInterceptor - [PLUS]结束请求 => URL[GET /system/dict/data/type/biz_permission],耗时:[25]毫秒
2025-10-22 14:31:33 [XNIO-1 task-6] INFO  c.r.f.i.PlusWebInvokeTimeInterceptor - [PLUS]结束请求 => URL[GET /business/user/list],耗时:[68]毫秒
2025-10-22 14:31:58 [XNIO-1 task-12] INFO  c.r.f.i.PlusWebInvokeTimeInterceptor - [PLUS]开始请求 => URL[GET /business/product/queryProductList],无参数
2025-10-22 14:31:58 [XNIO-1 task-6] INFO  c.r.f.i.PlusWebInvokeTimeInterceptor - [PLUS]开始请求 => URL[GET /business/arbiterMap/list],参数类型[param],参数:[{"pageSize":["10"],"pageNum":["1"]}]
2025-10-22 14:31:58 [XNIO-1 task-12] INFO  c.r.f.i.PlusWebInvokeTimeInterceptor - [PLUS]结束请求 => URL[GET /business/product/queryProductList],耗时:[31]毫秒
2025-10-22 14:31:58 [XNIO-1 task-6] INFO  c.r.f.i.PlusWebInvokeTimeInterceptor - [PLUS]结束请求 => URL[GET /business/arbiterMap/list],耗时:[65]毫秒
2025-10-22 14:32:33 [XNIO-1 task-13] INFO  c.r.f.i.PlusWebInvokeTimeInterceptor - [PLUS]开始请求 => URL[GET /business/product/queryProductList],无参数
2025-10-22 14:32:33 [XNIO-1 task-12] INFO  c.r.f.i.PlusWebInvokeTimeInterceptor - [PLUS]开始请求 => URL[GET /business/chessPiecesCamp/queryChessPiecesCampList],无参数
2025-10-22 14:32:33 [XNIO-1 task-11] INFO  c.r.f.i.PlusWebInvokeTimeInterceptor - [PLUS]开始请求 => URL[GET /business/chessPiecesType/queryChessPiecesTypeList],无参数
2025-10-22 14:32:33 [XNIO-1 task-6] INFO  c.r.f.i.PlusWebInvokeTimeInterceptor - [PLUS]开始请求 => URL[GET /business/chessPieces/list],参数类型[param],参数:[{"pageSize":["10"],"pageNum":["1"]}]
2025-10-22 14:32:33 [XNIO-1 task-11] ERROR c.r.f.w.e.GlobalExceptionHandler - 请求地址'/business/chessPiecesType/queryChessPiecesTypeList',发生未知异常.
java.lang.NullPointerException: null
	at com.ruoyi.business.service.impl.BizChessPiecesTypeServiceImpl.buildQueryWrapper(BizChessPiecesTypeServiceImpl.java:65)
	at com.ruoyi.business.service.impl.BizChessPiecesTypeServiceImpl.queryList(BizChessPiecesTypeServiceImpl.java:57)
	at com.ruoyi.business.controller.BizChessPiecesTypeController.queryChessPiecesTypeList(BizChessPiecesTypeController.java:52)
	at com.ruoyi.business.controller.BizChessPiecesTypeController$$FastClassBySpringCGLIB$$bec31b8b.invoke(<generated>)
	at org.springframework.cglib.proxy.MethodProxy.invoke(MethodProxy.java:218)
	at org.springframework.aop.framework.CglibAopProxy$CglibMethodInvocation.invokeJoinpoint(CglibAopProxy.java:792)
	at org.springframework.aop.framework.ReflectiveMethodInvocation.proceed(ReflectiveMethodInvocation.java:163)
	at org.springframework.aop.framework.CglibAopProxy$CglibMethodInvocation.proceed(CglibAopProxy.java:762)
	at org.springframework.validation.beanvalidation.MethodValidationInterceptor.invoke(MethodValidationInterceptor.java:123)
	at org.springframework.aop.framework.ReflectiveMethodInvocation.proceed(ReflectiveMethodInvocation.java:186)
	at org.springframework.aop.framework.CglibAopProxy$CglibMethodInvocation.proceed(CglibAopProxy.java:762)
	at org.springframework.aop.interceptor.ExposeInvocationInterceptor.invoke(ExposeInvocationInterceptor.java:97)
	at org.springframework.aop.framework.ReflectiveMethodInvocation.proceed(ReflectiveMethodInvocation.java:186)
	at org.springframework.aop.framework.CglibAopProxy$CglibMethodInvocation.proceed(CglibAopProxy.java:762)
	at org.springframework.aop.framework.CglibAopProxy$DynamicAdvisedInterceptor.intercept(CglibAopProxy.java:707)
	at com.ruoyi.business.controller.BizChessPiecesTypeController$$EnhancerBySpringCGLIB$$b6b5c2b4.queryChessPiecesTypeList(<generated>)
	at sun.reflect.NativeMethodAccessorImpl.invoke0(Native Method)
	at sun.reflect.NativeMethodAccessorImpl.invoke(NativeMethodAccessorImpl.java:62)
	at sun.reflect.DelegatingMethodAccessorImpl.invoke(DelegatingMethodAccessorImpl.java:43)
	at java.lang.reflect.Method.invoke(Method.java:498)
	at org.springframework.web.method.support.InvocableHandlerMethod.doInvoke(InvocableHandlerMethod.java:205)
	at org.springframework.web.method.support.InvocableHandlerMethod.invokeForRequest(InvocableHandlerMethod.java:150)
	at org.springframework.web.servlet.mvc.method.annotation.ServletInvocableHandlerMethod.invokeAndHandle(ServletInvocableHandlerMethod.java:117)
	at org.springframework.web.servlet.mvc.method.annotation.RequestMappingHandlerAdapter.invokeHandlerMethod(RequestMappingHandlerAdapter.java:895)
	at org.springframework.web.servlet.mvc.method.annotation.RequestMappingHandlerAdapter.handleInternal(RequestMappingHandlerAdapter.java:808)
	at org.springframework.web.servlet.mvc.method.AbstractHandlerMethodAdapter.handle(AbstractHandlerMethodAdapter.java:87)
	at org.springframework.web.servlet.DispatcherServlet.doDispatch(DispatcherServlet.java:1072)
	at org.springframework.web.servlet.DispatcherServlet.doService(DispatcherServlet.java:965)
	at org.springframework.web.servlet.FrameworkServlet.processRequest(FrameworkServlet.java:1006)
	at org.springframework.web.servlet.FrameworkServlet.doGet(FrameworkServlet.java:898)
	at javax.servlet.http.HttpServlet.service(HttpServlet.java:497)
	at org.springframework.web.servlet.FrameworkServlet.service(FrameworkServlet.java:883)
	at javax.servlet.http.HttpServlet.service(HttpServlet.java:584)
	at io.undertow.servlet.handlers.ServletHandler.handleRequest(ServletHandler.java:74)
	at io.undertow.servlet.handlers.FilterHandler$FilterChainImpl.doFilter(FilterHandler.java:129)
	at org.springframework.web.filter.CorsFilter.doFilterInternal(CorsFilter.java:91)
	at org.springframework.web.filter.OncePerRequestFilter.doFilter(OncePerRequestFilter.java:117)
	at io.undertow.servlet.core.ManagedFilter.doFilter(ManagedFilter.java:67)
	at io.undertow.servlet.handlers.FilterHandler$FilterChainImpl.doFilter(FilterHandler.java:131)
	at com.ruoyi.common.filter.RepeatableFilter.doFilter(RepeatableFilter.java:30)
	at io.undertow.servlet.core.ManagedFilter.doFilter(ManagedFilter.java:67)
	at io.undertow.servlet.handlers.FilterHandler$FilterChainImpl.doFilter(FilterHandler.java:131)
	at org.springframework.web.filter.RequestContextFilter.doFilterInternal(RequestContextFilter.java:100)
	at org.springframework.web.filter.OncePerRequestFilter.doFilter(OncePerRequestFilter.java:117)
	at io.undertow.servlet.core.ManagedFilter.doFilter(ManagedFilter.java:67)
	at io.undertow.servlet.handlers.FilterHandler$FilterChainImpl.doFilter(FilterHandler.java:131)
	at cn.dev33.satoken.filter.SaPathCheckFilterForServlet.doFilter(SaPathCheckFilterForServlet.java:55)
	at io.undertow.servlet.core.ManagedFilter.doFilter(ManagedFilter.java:67)
	at io.undertow.servlet.handlers.FilterHandler$FilterChainImpl.doFilter(FilterHandler.java:131)
	at org.springframework.web.filter.FormContentFilter.doFilterInternal(FormContentFilter.java:93)
	at org.springframework.web.filter.OncePerRequestFilter.doFilter(OncePerRequestFilter.java:117)
	at io.undertow.servlet.core.ManagedFilter.doFilter(ManagedFilter.java:67)
	at io.undertow.servlet.handlers.FilterHandler$FilterChainImpl.doFilter(FilterHandler.java:131)
	at org.springframework.boot.actuate.metrics.web.servlet.WebMvcMetricsFilter.doFilterInternal(WebMvcMetricsFilter.java:96)
	at org.springframework.web.filter.OncePerRequestFilter.doFilter(OncePerRequestFilter.java:117)
	at io.undertow.servlet.core.ManagedFilter.doFilter(ManagedFilter.java:67)
	at io.undertow.servlet.handlers.FilterHandler$FilterChainImpl.doFilter(FilterHandler.java:131)
	at org.springframework.web.filter.CharacterEncodingFilter.doFilterInternal(CharacterEncodingFilter.java:201)
	at org.springframework.web.filter.OncePerRequestFilter.doFilter(OncePerRequestFilter.java:117)
	at io.undertow.servlet.core.ManagedFilter.doFilter(ManagedFilter.java:67)
	at io.undertow.servlet.handlers.FilterHandler$FilterChainImpl.doFilter(FilterHandler.java:131)
	at io.undertow.servlet.handlers.FilterHandler.handleRequest(FilterHandler.java:84)
	at io.undertow.servlet.handlers.security.ServletSecurityRoleHandler.handleRequest(ServletSecurityRoleHandler.java:62)
	at io.undertow.servlet.handlers.ServletChain$1.handleRequest(ServletChain.java:68)
	at io.undertow.servlet.handlers.ServletDispatchingHandler.handleRequest(ServletDispatchingHandler.java:36)
	at io.undertow.servlet.handlers.RedirectDirHandler.handleRequest(RedirectDirHandler.java:68)
	at io.undertow.servlet.handlers.security.SSLInformationAssociationHandler.handleRequest(SSLInformationAssociationHandler.java:117)
	at io.undertow.servlet.handlers.security.ServletAuthenticationCallHandler.handleRequest(ServletAuthenticationCallHandler.java:57)
	at io.undertow.server.handlers.PredicateHandler.handleRequest(PredicateHandler.java:43)
	at io.undertow.security.handlers.AbstractConfidentialityHandler.handleRequest(AbstractConfidentialityHandler.java:46)
	at io.undertow.servlet.handlers.security.ServletConfidentialityConstraintHandler.handleRequest(ServletConfidentialityConstraintHandler.java:64)
	at io.undertow.security.handlers.AuthenticationMechanismsHandler.handleRequest(AuthenticationMechanismsHandler.java:60)
	at io.undertow.servlet.handlers.security.CachedAuthenticatedSessionHandler.handleRequest(CachedAuthenticatedSessionHandler.java:77)
	at io.undertow.security.handlers.AbstractSecurityContextAssociationHandler.handleRequest(AbstractSecurityContextAssociationHandler.java:43)
	at io.undertow.server.handlers.PredicateHandler.handleRequest(PredicateHandler.java:43)
	at io.undertow.servlet.handlers.SendErrorPageHandler.handleRequest(SendErrorPageHandler.java:52)
	at io.undertow.server.handlers.PredicateHandler.handleRequest(PredicateHandler.java:43)
	at io.undertow.servlet.handlers.ServletInitialHandler.handleFirstRequest(ServletInitialHandler.java:275)
	at io.undertow.servlet.handlers.ServletInitialHandler.access$100(ServletInitialHandler.java:79)
	at io.undertow.servlet.handlers.ServletInitialHandler$2.call(ServletInitialHandler.java:134)
	at io.undertow.servlet.handlers.ServletInitialHandler$2.call(ServletInitialHandler.java:131)
	at io.undertow.servlet.core.ServletRequestContextThreadSetupAction$1.call(ServletRequestContextThreadSetupAction.java:48)
	at io.undertow.servlet.core.ContextClassLoaderSetupAction$1.call(ContextClassLoaderSetupAction.java:43)
	at io.undertow.servlet.handlers.ServletInitialHandler.dispatchRequest(ServletInitialHandler.java:255)
	at io.undertow.servlet.handlers.ServletInitialHandler.access$000(ServletInitialHandler.java:79)
	at io.undertow.servlet.handlers.ServletInitialHandler$1.handleRequest(ServletInitialHandler.java:100)
	at io.undertow.server.Connectors.executeRootHandler(Connectors.java:393)
	at io.undertow.server.HttpServerExchange$1.run(HttpServerExchange.java:852)
	at org.jboss.threads.ContextClassLoaderSavingRunnable.run(ContextClassLoaderSavingRunnable.java:35)
	at org.jboss.threads.EnhancedQueueExecutor.safeRun(EnhancedQueueExecutor.java:2019)
	at org.jboss.threads.EnhancedQueueExecutor$ThreadBody.doRunTask(EnhancedQueueExecutor.java:1558)
	at org.jboss.threads.EnhancedQueueExecutor$ThreadBody.run(EnhancedQueueExecutor.java:1449)
	at org.xnio.XnioWorker$WorkerThreadFactory$1$1.run(XnioWorker.java:1282)
	at java.lang.Thread.run(Thread.java:750)
2025-10-22 14:32:33 [XNIO-1 task-13] INFO  c.r.f.i.PlusWebInvokeTimeInterceptor - [PLUS]结束请求 => URL[GET /business/product/queryProductList],耗时:[44]毫秒
2025-10-22 14:32:33 [XNIO-1 task-11] INFO  c.r.f.i.PlusWebInvokeTimeInterceptor - [PLUS]结束请求 => URL[GET /business/chessPiecesType/queryChessPiecesTypeList],耗时:[44]毫秒
2025-10-22 14:32:33 [XNIO-1 task-12] INFO  c.r.f.i.PlusWebInvokeTimeInterceptor - [PLUS]结束请求 => URL[GET /business/chessPiecesCamp/queryChessPiecesCampList],耗时:[46]毫秒
2025-10-22 14:32:34 [XNIO-1 task-6] INFO  c.r.f.i.PlusWebInvokeTimeInterceptor - [PLUS]结束请求 => URL[GET /business/chessPieces/list],耗时:[75]毫秒
2025-10-22 14:32:34 [XNIO-1 task-6] INFO  c.r.f.i.PlusWebInvokeTimeInterceptor - [PLUS]开始请求 => URL[GET /api/system/getOssById/1856587777389072386],无参数
2025-10-22 14:32:34 [XNIO-1 task-12] INFO  c.r.f.i.PlusWebInvokeTimeInterceptor - [PLUS]开始请求 => URL[GET /api/system/getOssById/1856590815659003905],无参数
2025-10-22 14:32:34 [XNIO-1 task-13] INFO  c.r.f.i.PlusWebInvokeTimeInterceptor - [PLUS]开始请求 => URL[GET /api/system/getOssById/1856590846159982594],无参数
2025-10-22 14:32:34 [XNIO-1 task-13] INFO  c.r.f.i.PlusWebInvokeTimeInterceptor - [PLUS]结束请求 => URL[GET /api/system/getOssById/1856590846159982594],耗时:[27]毫秒
2025-10-22 14:32:34 [XNIO-1 task-6] INFO  c.r.f.i.PlusWebInvokeTimeInterceptor - [PLUS]结束请求 => URL[GET /api/system/getOssById/1856587777389072386],耗时:[28]毫秒
2025-10-22 14:32:34 [XNIO-1 task-12] INFO  c.r.f.i.PlusWebInvokeTimeInterceptor - [PLUS]结束请求 => URL[GET /api/system/getOssById/1856590815659003905],耗时:[28]毫秒
2025-10-22 14:32:34 [XNIO-1 task-6] INFO  c.r.f.i.PlusWebInvokeTimeInterceptor - [PLUS]开始请求 => URL[GET /api/system/getOssById/1856590815659003905],无参数
2025-10-22 14:32:34 [XNIO-1 task-12] INFO  c.r.f.i.PlusWebInvokeTimeInterceptor - [PLUS]开始请求 => URL[GET /api/system/getOssById/1856587777389072386],无参数
2025-10-22 14:32:34 [XNIO-1 task-13] INFO  c.r.f.i.PlusWebInvokeTimeInterceptor - [PLUS]开始请求 => URL[GET /api/system/getOssById/1856590846159982594],无参数
2025-10-22 14:32:34 [XNIO-1 task-13] INFO  c.r.f.i.PlusWebInvokeTimeInterceptor - [PLUS]结束请求 => URL[GET /api/system/getOssById/1856590846159982594],耗时:[51]毫秒
2025-10-22 14:32:34 [XNIO-1 task-12] INFO  c.r.f.i.PlusWebInvokeTimeInterceptor - [PLUS]结束请求 => URL[GET /api/system/getOssById/1856587777389072386],耗时:[51]毫秒
2025-10-22 14:32:34 [XNIO-1 task-6] INFO  c.r.f.i.PlusWebInvokeTimeInterceptor - [PLUS]结束请求 => URL[GET /api/system/getOssById/1856590815659003905],耗时:[51]毫秒
2025-10-22 14:32:34 [XNIO-1 task-6] INFO  c.r.f.i.PlusWebInvokeTimeInterceptor - [PLUS]开始请求 => URL[GET /api/system/getOssById/1856590846159982594],无参数
2025-10-22 14:32:34 [XNIO-1 task-13] INFO  c.r.f.i.PlusWebInvokeTimeInterceptor - [PLUS]开始请求 => URL[GET /api/system/getOssById/1856587777389072386],无参数
2025-10-22 14:32:34 [XNIO-1 task-6] INFO  c.r.f.i.PlusWebInvokeTimeInterceptor - [PLUS]结束请求 => URL[GET /api/system/getOssById/1856590846159982594],耗时:[22]毫秒
2025-10-22 14:32:34 [XNIO-1 task-13] INFO  c.r.f.i.PlusWebInvokeTimeInterceptor - [PLUS]结束请求 => URL[GET /api/system/getOssById/1856587777389072386],耗时:[22]毫秒
2025-10-22 14:32:34 [XNIO-1 task-13] INFO  c.r.f.i.PlusWebInvokeTimeInterceptor - [PLUS]开始请求 => URL[GET /api/system/getOssById/1856587777389072386],无参数
2025-10-22 14:32:34 [XNIO-1 task-13] INFO  c.r.f.i.PlusWebInvokeTimeInterceptor - [PLUS]结束请求 => URL[GET /api/system/getOssById/1856587777389072386],耗时:[26]毫秒
2025-10-22 14:32:34 [XNIO-1 task-13] INFO  c.r.f.i.PlusWebInvokeTimeInterceptor - [PLUS]开始请求 => URL[GET /api/system/getOssById/1856587777389072386],无参数
2025-10-22 14:32:34 [XNIO-1 task-13] INFO  c.r.f.i.PlusWebInvokeTimeInterceptor - [PLUS]结束请求 => URL[GET /api/system/getOssById/1856587777389072386],耗时:[21]毫秒
2025-10-22 14:40:49 [XNIO-1 task-13] INFO  c.r.f.i.PlusWebInvokeTimeInterceptor - [PLUS]开始请求 => URL[GET /tool/gen/list],参数类型[param],参数:[{"pageSize":["10"],"dataName":["master"],"pageNum":["1"]}]
2025-10-22 14:40:49 [XNIO-1 task-13] INFO  c.r.f.i.PlusWebInvokeTimeInterceptor - [PLUS]结束请求 => URL[GET /tool/gen/list],耗时:[98]毫秒
2025-10-22 14:40:52 [XNIO-1 task-13] INFO  c.r.f.i.PlusWebInvokeTimeInterceptor - [PLUS]开始请求 => URL[GET /monitor/online/list],无参数
2025-10-22 14:40:52 [XNIO-1 task-13] INFO  c.r.f.i.PlusWebInvokeTimeInterceptor - [PLUS]结束请求 => URL[GET /monitor/online/list],耗时:[75]毫秒
2025-10-22 14:40:59 [XNIO-1 task-13] INFO  c.r.f.i.PlusWebInvokeTimeInterceptor - [PLUS]开始请求 => URL[GET /system/menu/list],无参数
2025-10-22 14:40:59 [XNIO-1 task-13] INFO  c.r.f.i.PlusWebInvokeTimeInterceptor - [PLUS]结束请求 => URL[GET /system/menu/list],耗时:[73]毫秒
2025-10-22 14:41:04 [XNIO-1 task-13] INFO  c.r.f.i.PlusWebInvokeTimeInterceptor - [PLUS]开始请求 => URL[GET /system/menu/list],无参数
2025-10-22 14:41:04 [XNIO-1 task-6] INFO  c.r.f.i.PlusWebInvokeTimeInterceptor - [PLUS]开始请求 => URL[GET /system/menu/3],无参数
2025-10-22 14:41:04 [XNIO-1 task-6] INFO  c.r.f.i.PlusWebInvokeTimeInterceptor - [PLUS]结束请求 => URL[GET /system/menu/3],耗时:[56]毫秒
2025-10-22 14:41:04 [XNIO-1 task-13] INFO  c.r.f.i.PlusWebInvokeTimeInterceptor - [PLUS]结束请求 => URL[GET /system/menu/list],耗时:[66]毫秒
2025-10-22 14:41:09 [XNIO-1 task-13] INFO  c.r.f.i.PlusWebInvokeTimeInterceptor - [PLUS]开始请求 => URL[PUT /system/menu],参数类型[json],参数:[{"createBy":"admin","createTime":"2024-02-19 14:34:50","updateBy":"admin","updateTime":"2025-10-22 14:40:22","parentName":null,"parentId":0,"children":[],"menuId":3,"menuName":"系统工具","orderNum":40,"path":"tool","component":null,"queryParam":"","isFrame":"1","isCache":"0","menuType":"M","visible":"1","status":"1","perms":"","icon":"tool","remark":"系统工具目录"}]
2025-10-22 14:41:09 [XNIO-1 task-13] INFO  c.r.f.i.PlusWebInvokeTimeInterceptor - [PLUS]结束请求 => URL[PUT /system/menu],耗时:[89]毫秒
2025-10-22 14:41:09 [XNIO-1 task-13] INFO  c.r.f.i.PlusWebInvokeTimeInterceptor - [PLUS]开始请求 => URL[GET /system/menu/list],无参数
2025-10-22 14:41:09 [XNIO-1 task-13] INFO  c.r.f.i.PlusWebInvokeTimeInterceptor - [PLUS]结束请求 => URL[GET /system/menu/list],耗时:[63]毫秒
2025-10-22 14:41:16 [XNIO-1 task-13] INFO  c.r.f.i.PlusWebInvokeTimeInterceptor - [PLUS]开始请求 => URL[GET /getInfo],无参数
2025-10-22 14:41:16 [XNIO-1 task-13] INFO  c.r.f.i.PlusWebInvokeTimeInterceptor - [PLUS]结束请求 => URL[GET /getInfo],耗时:[44]毫秒
2025-10-22 14:41:16 [XNIO-1 task-13] INFO  c.r.f.i.PlusWebInvokeTimeInterceptor - [PLUS]开始请求 => URL[GET /getRouters],无参数
2025-10-22 14:41:16 [XNIO-1 task-13] INFO  c.r.f.i.PlusWebInvokeTimeInterceptor - [PLUS]结束请求 => URL[GET /getRouters],耗时:[27]毫秒
2025-10-22 14:41:16 [XNIO-1 task-6] INFO  c.r.f.i.PlusWebInvokeTimeInterceptor - [PLUS]开始请求 => URL[GET /system/menu/list],无参数
2025-10-22 14:41:16 [XNIO-1 task-13] INFO  c.r.f.i.PlusWebInvokeTimeInterceptor - [PLUS]开始请求 => URL[GET /system/dict/data/type/sys_show_hide],无参数
2025-10-22 14:41:16 [XNIO-1 task-12] INFO  c.r.f.i.PlusWebInvokeTimeInterceptor - [PLUS]开始请求 => URL[GET /system/dict/data/type/sys_normal_disable],无参数
2025-10-22 14:41:16 [XNIO-1 task-13] INFO  c.r.f.i.PlusWebInvokeTimeInterceptor - [PLUS]结束请求 => URL[GET /system/dict/data/type/sys_show_hide],耗时:[23]毫秒
2025-10-22 14:41:16 [XNIO-1 task-12] INFO  c.r.f.i.PlusWebInvokeTimeInterceptor - [PLUS]结束请求 => URL[GET /system/dict/data/type/sys_normal_disable],耗时:[23]毫秒
2025-10-22 14:41:16 [XNIO-1 task-6] INFO  c.r.f.i.PlusWebInvokeTimeInterceptor - [PLUS]结束请求 => URL[GET /system/menu/list],耗时:[60]毫秒
2025-10-22 14:41:19 [XNIO-1 task-6] INFO  c.r.f.i.PlusWebInvokeTimeInterceptor - [PLUS]开始请求 => URL[GET /monitor/cache],无参数
2025-10-22 14:41:19 [XNIO-1 task-6] INFO  c.r.f.i.PlusWebInvokeTimeInterceptor - [PLUS]结束请求 => URL[GET /monitor/cache],耗时:[66]毫秒
2025-10-22 14:41:21 [XNIO-1 task-6] INFO  c.r.f.i.PlusWebInvokeTimeInterceptor - [PLUS]开始请求 => URL[GET /monitor/cache/getNames],无参数
2025-10-22 14:41:21 [XNIO-1 task-6] INFO  c.r.f.i.PlusWebInvokeTimeInterceptor - [PLUS]结束请求 => URL[GET /monitor/cache/getNames],耗时:[47]毫秒
2025-10-22 14:41:24 [XNIO-1 task-6] INFO  c.r.f.i.PlusWebInvokeTimeInterceptor - [PLUS]开始请求 => URL[GET /monitor/cache/getKeys/pwd_err_cnt:],无参数
2025-10-22 14:41:24 [XNIO-1 task-6] INFO  c.r.f.i.PlusWebInvokeTimeInterceptor - [PLUS]结束请求 => URL[GET /monitor/cache/getKeys/pwd_err_cnt:],耗时:[55]毫秒
2025-10-22 14:41:25 [XNIO-1 task-6] INFO  c.r.f.i.PlusWebInvokeTimeInterceptor - [PLUS]开始请求 => URL[GET /monitor/cache/getKeys/sys_oss_config],无参数
2025-10-22 14:41:25 [XNIO-1 task-6] INFO  c.r.f.i.PlusWebInvokeTimeInterceptor - [PLUS]结束请求 => URL[GET /monitor/cache/getKeys/sys_oss_config],耗时:[59]毫秒
2025-10-22 14:41:25 [XNIO-1 task-6] INFO  c.r.f.i.PlusWebInvokeTimeInterceptor - [PLUS]开始请求 => URL[GET /monitor/cache/getKeys/rate_limit:],无参数
2025-10-22 14:41:25 [XNIO-1 task-6] INFO  c.r.f.i.PlusWebInvokeTimeInterceptor - [PLUS]结束请求 => URL[GET /monitor/cache/getKeys/rate_limit:],耗时:[57]毫秒
2025-10-22 14:41:26 [XNIO-1 task-6] INFO  c.r.f.i.PlusWebInvokeTimeInterceptor - [PLUS]开始请求 => URL[GET /monitor/cache/getKeys/repeat_submit:],无参数
2025-10-22 14:41:26 [XNIO-1 task-6] INFO  c.r.f.i.PlusWebInvokeTimeInterceptor - [PLUS]结束请求 => URL[GET /monitor/cache/getKeys/repeat_submit:],耗时:[51]毫秒
2025-10-22 14:41:26 [XNIO-1 task-6] INFO  c.r.f.i.PlusWebInvokeTimeInterceptor - [PLUS]开始请求 => URL[GET /monitor/cache/getKeys/sys_dict],无参数
2025-10-22 14:41:26 [XNIO-1 task-6] INFO  c.r.f.i.PlusWebInvokeTimeInterceptor - [PLUS]结束请求 => URL[GET /monitor/cache/getKeys/sys_dict],耗时:[70]毫秒
2025-10-22 14:41:28 [XNIO-1 task-6] INFO  c.r.f.i.PlusWebInvokeTimeInterceptor - [PLUS]开始请求 => URL[GET /monitor/cache/getKeys/sys_config],无参数
2025-10-22 14:41:28 [XNIO-1 task-6] INFO  c.r.f.i.PlusWebInvokeTimeInterceptor - [PLUS]结束请求 => URL[GET /monitor/cache/getKeys/sys_config],耗时:[57]毫秒
2025-10-22 14:41:28 [XNIO-1 task-6] INFO  c.r.f.i.PlusWebInvokeTimeInterceptor - [PLUS]开始请求 => URL[GET /monitor/cache/getKeys/online_tokens:],无参数
2025-10-22 14:41:28 [XNIO-1 task-6] INFO  c.r.f.i.PlusWebInvokeTimeInterceptor - [PLUS]结束请求 => URL[GET /monitor/cache/getKeys/online_tokens:],耗时:[51]毫秒
2025-10-22 14:41:29 [XNIO-1 task-6] INFO  c.r.f.i.PlusWebInvokeTimeInterceptor - [PLUS]开始请求 => URL[GET /monitor/cache/getKeys/captcha_codes:],无参数
2025-10-22 14:41:29 [XNIO-1 task-6] INFO  c.r.f.i.PlusWebInvokeTimeInterceptor - [PLUS]结束请求 => URL[GET /monitor/cache/getKeys/captcha_codes:],耗时:[55]毫秒
2025-10-22 14:41:31 [XNIO-1 task-11] INFO  c.r.f.i.PlusWebInvokeTimeInterceptor - [PLUS]开始请求 => URL[GET /system/user/deptTree],无参数
2025-10-22 14:41:31 [XNIO-1 task-12] INFO  c.r.f.i.PlusWebInvokeTimeInterceptor - [PLUS]开始请求 => URL[GET /system/user/list],参数类型[param],参数:[{"pageSize":["10"],"pageNum":["1"]}]
2025-10-22 14:41:31 [XNIO-1 task-6] INFO  c.r.f.i.PlusWebInvokeTimeInterceptor - [PLUS]开始请求 => URL[GET /system/dict/data/type/sys_user_sex],无参数
2025-10-22 14:41:31 [XNIO-1 task-13] INFO  c.r.f.i.PlusWebInvokeTimeInterceptor - [PLUS]开始请求 => URL[GET /system/config/configKey/sys.user.initPassword],无参数
2025-10-22 14:41:31 [XNIO-1 task-6] INFO  c.r.f.i.PlusWebInvokeTimeInterceptor - [PLUS]结束请求 => URL[GET /system/dict/data/type/sys_user_sex],耗时:[27]毫秒
2025-10-22 14:41:31 [XNIO-1 task-13] INFO  c.r.f.i.PlusWebInvokeTimeInterceptor - [PLUS]结束请求 => URL[GET /system/config/configKey/sys.user.initPassword],耗时:[29]毫秒
2025-10-22 14:41:32 [XNIO-1 task-11] INFO  c.r.f.i.PlusWebInvokeTimeInterceptor - [PLUS]结束请求 => URL[GET /system/user/deptTree],耗时:[69]毫秒
2025-10-22 14:41:32 [XNIO-1 task-12] INFO  c.r.f.i.PlusWebInvokeTimeInterceptor - [PLUS]结束请求 => URL[GET /system/user/list],耗时:[76]毫秒
2025-10-22 14:41:34 [XNIO-1 task-12] INFO  c.r.f.i.PlusWebInvokeTimeInterceptor - [PLUS]开始请求 => URL[GET /system/role/list],参数类型[param],参数:[{"pageSize":["10"],"pageNum":["1"]}]
2025-10-22 14:41:34 [XNIO-1 task-12] INFO  c.r.f.i.PlusWebInvokeTimeInterceptor - [PLUS]结束请求 => URL[GET /system/role/list],耗时:[73]毫秒
2025-10-22 14:41:53 [XNIO-1 task-12] INFO  c.r.f.i.PlusWebInvokeTimeInterceptor - [PLUS]开始请求 => URL[GET /system/menu/list],无参数
2025-10-22 14:41:53 [XNIO-1 task-11] INFO  c.r.f.i.PlusWebInvokeTimeInterceptor - [PLUS]开始请求 => URL[GET /system/menu/102],无参数
2025-10-22 14:41:53 [XNIO-1 task-11] INFO  c.r.f.i.PlusWebInvokeTimeInterceptor - [PLUS]结束请求 => URL[GET /system/menu/102],耗时:[52]毫秒
2025-10-22 14:41:53 [XNIO-1 task-12] INFO  c.r.f.i.PlusWebInvokeTimeInterceptor - [PLUS]结束请求 => URL[GET /system/menu/list],耗时:[68]毫秒
2025-10-22 14:41:55 [XNIO-1 task-12] INFO  c.r.f.i.PlusWebInvokeTimeInterceptor - [PLUS]开始请求 => URL[PUT /system/menu],参数类型[json],参数:[{"createBy":"admin","createTime":"2024-02-19 14:34:50","updateBy":"","updateTime":null,"parentName":null,"parentId":1,"children":[],"menuId":102,"menuName":"菜单管理","orderNum":3,"path":"menu","component":"system/menu/index","queryParam":"","isFrame":"1","isCache":"0","menuType":"C","visible":"1","status":"0","perms":"system:menu:list","icon":"tree-table","remark":"菜单管理菜单"}]
2025-10-22 14:41:55 [XNIO-1 task-12] INFO  c.r.f.i.PlusWebInvokeTimeInterceptor - [PLUS]结束请求 => URL[PUT /system/menu],耗时:[94]毫秒
2025-10-22 14:41:55 [XNIO-1 task-12] INFO  c.r.f.i.PlusWebInvokeTimeInterceptor - [PLUS]开始请求 => URL[GET /system/menu/list],无参数
2025-10-22 14:41:55 [XNIO-1 task-12] INFO  c.r.f.i.PlusWebInvokeTimeInterceptor - [PLUS]结束请求 => URL[GET /system/menu/list],耗时:[83]毫秒
2025-10-22 14:41:57 [XNIO-1 task-12] INFO  c.r.f.i.PlusWebInvokeTimeInterceptor - [PLUS]开始请求 => URL[GET /getInfo],无参数
2025-10-22 14:41:57 [XNIO-1 task-12] INFO  c.r.f.i.PlusWebInvokeTimeInterceptor - [PLUS]结束请求 => URL[GET /getInfo],耗时:[46]毫秒
2025-10-22 14:41:57 [XNIO-1 task-12] INFO  c.r.f.i.PlusWebInvokeTimeInterceptor - [PLUS]开始请求 => URL[GET /getRouters],无参数
2025-10-22 14:41:57 [XNIO-1 task-12] INFO  c.r.f.i.PlusWebInvokeTimeInterceptor - [PLUS]结束请求 => URL[GET /getRouters],耗时:[24]毫秒
2025-10-22 14:41:58 [XNIO-1 task-13] INFO  c.r.f.i.PlusWebInvokeTimeInterceptor - [PLUS]开始请求 => URL[GET /system/menu/list],无参数
2025-10-22 14:41:58 [XNIO-1 task-11] INFO  c.r.f.i.PlusWebInvokeTimeInterceptor - [PLUS]开始请求 => URL[GET /system/dict/data/type/sys_normal_disable],无参数
2025-10-22 14:41:58 [XNIO-1 task-12] INFO  c.r.f.i.PlusWebInvokeTimeInterceptor - [PLUS]开始请求 => URL[GET /system/dict/data/type/sys_show_hide],无参数
2025-10-22 14:41:58 [XNIO-1 task-12] INFO  c.r.f.i.PlusWebInvokeTimeInterceptor - [PLUS]结束请求 => URL[GET /system/dict/data/type/sys_show_hide],耗时:[28]毫秒
2025-10-22 14:41:58 [XNIO-1 task-11] INFO  c.r.f.i.PlusWebInvokeTimeInterceptor - [PLUS]结束请求 => URL[GET /system/dict/data/type/sys_normal_disable],耗时:[29]毫秒
2025-10-22 14:41:58 [XNIO-1 task-13] INFO  c.r.f.i.PlusWebInvokeTimeInterceptor - [PLUS]结束请求 => URL[GET /system/menu/list],耗时:[69]毫秒
2025-10-22 14:43:41 [XNIO-1 task-13] INFO  c.r.f.i.PlusWebInvokeTimeInterceptor - [PLUS]开始请求 => URL[GET /business/product/queryProductList],无参数
2025-10-22 14:43:41 [XNIO-1 task-11] INFO  c.r.f.i.PlusWebInvokeTimeInterceptor - [PLUS]开始请求 => URL[GET /business/arbiterMap/list],参数类型[param],参数:[{"pageSize":["10"],"pageNum":["1"]}]
2025-10-22 14:43:41 [XNIO-1 task-13] INFO  c.r.f.i.PlusWebInvokeTimeInterceptor - [PLUS]结束请求 => URL[GET /business/product/queryProductList],耗时:[36]毫秒
2025-10-22 14:43:41 [XNIO-1 task-11] INFO  c.r.f.i.PlusWebInvokeTimeInterceptor - [PLUS]结束请求 => URL[GET /business/arbiterMap/list],耗时:[68]毫秒
2025-10-22 14:43:42 [XNIO-1 task-11] INFO  c.r.f.i.PlusWebInvokeTimeInterceptor - [PLUS]开始请求 => URL[GET /business/arbiterMapLegend/list],参数类型[param],参数:[{"pageSize":["10"],"pageNum":["1"]}]
2025-10-22 14:43:42 [XNIO-1 task-11] INFO  c.r.f.i.PlusWebInvokeTimeInterceptor - [PLUS]结束请求 => URL[GET /business/arbiterMapLegend/list],耗时:[65]毫秒
2025-10-22 14:43:47 [XNIO-1 task-11] INFO  c.r.f.i.PlusWebInvokeTimeInterceptor - [PLUS]开始请求 => URL[GET /business/arbiterMapRiver/list],参数类型[param],参数:[{"pageSize":["10"],"pageNum":["1"]}]
2025-10-22 14:43:47 [XNIO-1 task-11] INFO  c.r.f.i.PlusWebInvokeTimeInterceptor - [PLUS]结束请求 => URL[GET /business/arbiterMapRiver/list],耗时:[71]毫秒
2025-10-22 14:43:49 [XNIO-1 task-5] INFO  c.r.f.i.PlusWebInvokeTimeInterceptor - [PLUS]开始请求 => URL[GET /business/product/list],参数类型[param],参数:[{"pageSize":["10"],"pageNum":["1"]}]
2025-10-22 14:43:49 [XNIO-1 task-13] INFO  c.r.f.i.PlusWebInvokeTimeInterceptor - [PLUS]开始请求 => URL[GET /system/dict/data/type/level_type],无参数
2025-10-22 14:43:49 [XNIO-1 task-7] INFO  c.r.f.i.PlusWebInvokeTimeInterceptor - [PLUS]开始请求 => URL[GET /system/dict/data/type/verdict_type],无参数
2025-10-22 14:43:49 [XNIO-1 task-11] INFO  c.r.f.i.PlusWebInvokeTimeInterceptor - [PLUS]开始请求 => URL[GET /system/dict/data/type/mode_type],无参数
2025-10-22 14:43:49 [XNIO-1 task-6] INFO  c.r.f.i.PlusWebInvokeTimeInterceptor - [PLUS]开始请求 => URL[GET /system/dict/data/type/subject_type],无参数
2025-10-22 14:43:49 [XNIO-1 task-12] INFO  c.r.f.i.PlusWebInvokeTimeInterceptor - [PLUS]开始请求 => URL[GET /system/dict/data/type/shelf_flag],无参数
2025-10-22 14:43:49 [XNIO-1 task-6] INFO  c.r.f.i.PlusWebInvokeTimeInterceptor - [PLUS]结束请求 => URL[GET /system/dict/data/type/subject_type],耗时:[29]毫秒
2025-10-22 14:43:49 [XNIO-1 task-13] INFO  c.r.f.i.PlusWebInvokeTimeInterceptor - [PLUS]结束请求 => URL[GET /system/dict/data/type/level_type],耗时:[30]毫秒
2025-10-22 14:43:49 [XNIO-1 task-11] INFO  c.r.f.i.PlusWebInvokeTimeInterceptor - [PLUS]结束请求 => URL[GET /system/dict/data/type/mode_type],耗时:[30]毫秒
2025-10-22 14:43:49 [XNIO-1 task-12] INFO  c.r.f.i.PlusWebInvokeTimeInterceptor - [PLUS]结束请求 => URL[GET /system/dict/data/type/shelf_flag],耗时:[30]毫秒
2025-10-22 14:43:49 [XNIO-1 task-7] INFO  c.r.f.i.PlusWebInvokeTimeInterceptor - [PLUS]结束请求 => URL[GET /system/dict/data/type/verdict_type],耗时:[30]毫秒
2025-10-22 14:43:49 [XNIO-1 task-7] INFO  c.r.f.i.PlusWebInvokeTimeInterceptor - [PLUS]开始请求 => URL[GET /business/scenario/queryScenarioList],无参数
2025-10-22 14:43:49 [XNIO-1 task-12] INFO  c.r.f.i.PlusWebInvokeTimeInterceptor - [PLUS]开始请求 => URL[GET /business/chessPieces/queryChessPiecesList],无参数
2025-10-22 14:43:49 [XNIO-1 task-7] INFO  c.r.f.i.PlusWebInvokeTimeInterceptor - [PLUS]结束请求 => URL[GET /business/scenario/queryScenarioList],耗时:[31]毫秒
2025-10-22 14:43:49 [XNIO-1 task-5] INFO  c.r.f.i.PlusWebInvokeTimeInterceptor - [PLUS]结束请求 => URL[GET /business/product/list],耗时:[69]毫秒
2025-10-22 14:43:49 [XNIO-1 task-12] INFO  c.r.f.i.PlusWebInvokeTimeInterceptor - [PLUS]结束请求 => URL[GET /business/chessPieces/queryChessPiecesList],耗时:[52]毫秒
2025-10-22 14:43:50 [XNIO-1 task-12] INFO  c.r.f.i.PlusWebInvokeTimeInterceptor - [PLUS]开始请求 => URL[GET /business/arbiterMapRoad/list],参数类型[param],参数:[{"pageSize":["10"],"pageNum":["1"]}]
2025-10-22 14:43:50 [XNIO-1 task-12] INFO  c.r.f.i.PlusWebInvokeTimeInterceptor - [PLUS]结束请求 => URL[GET /business/arbiterMapRoad/list],耗时:[107]毫秒
2025-10-22 14:45:49 [XNIO-1 task-13] INFO  c.r.f.i.PlusWebInvokeTimeInterceptor - [PLUS]开始请求 => URL[GET /business/chessPiecesType/queryChessPiecesTypeList],无参数
2025-10-22 14:45:49 [XNIO-1 task-7] INFO  c.r.f.i.PlusWebInvokeTimeInterceptor - [PLUS]开始请求 => URL[GET /business/chessPieces/list],参数类型[param],参数:[{"pageSize":["10"],"pageNum":["1"]}]
2025-10-22 14:45:49 [XNIO-1 task-11] INFO  c.r.f.i.PlusWebInvokeTimeInterceptor - [PLUS]开始请求 => URL[GET /business/chessPiecesCamp/queryChessPiecesCampList],无参数
2025-10-22 14:45:49 [XNIO-1 task-12] INFO  c.r.f.i.PlusWebInvokeTimeInterceptor - [PLUS]开始请求 => URL[GET /business/product/queryProductList],无参数
2025-10-22 14:45:49 [XNIO-1 task-5] INFO  c.r.f.i.PlusWebInvokeTimeInterceptor - [PLUS]开始请求 => URL[GET /system/dict/data/type/action_type],无参数
2025-10-22 14:45:49 [XNIO-1 task-5] INFO  c.r.f.i.PlusWebInvokeTimeInterceptor - [PLUS]结束请求 => URL[GET /system/dict/data/type/action_type],耗时:[42]毫秒
2025-10-22 14:45:49 [XNIO-1 task-13] ERROR c.r.f.w.e.GlobalExceptionHandler - 请求地址'/business/chessPiecesType/queryChessPiecesTypeList',发生未知异常.
java.lang.NullPointerException: null
	at com.ruoyi.business.service.impl.BizChessPiecesTypeServiceImpl.buildQueryWrapper(BizChessPiecesTypeServiceImpl.java:65)
	at com.ruoyi.business.service.impl.BizChessPiecesTypeServiceImpl.queryList(BizChessPiecesTypeServiceImpl.java:57)
	at com.ruoyi.business.controller.BizChessPiecesTypeController.queryChessPiecesTypeList(BizChessPiecesTypeController.java:52)
	at com.ruoyi.business.controller.BizChessPiecesTypeController$$FastClassBySpringCGLIB$$bec31b8b.invoke(<generated>)
	at org.springframework.cglib.proxy.MethodProxy.invoke(MethodProxy.java:218)
	at org.springframework.aop.framework.CglibAopProxy$CglibMethodInvocation.invokeJoinpoint(CglibAopProxy.java:792)
	at org.springframework.aop.framework.ReflectiveMethodInvocation.proceed(ReflectiveMethodInvocation.java:163)
	at org.springframework.aop.framework.CglibAopProxy$CglibMethodInvocation.proceed(CglibAopProxy.java:762)
	at org.springframework.validation.beanvalidation.MethodValidationInterceptor.invoke(MethodValidationInterceptor.java:123)
	at org.springframework.aop.framework.ReflectiveMethodInvocation.proceed(ReflectiveMethodInvocation.java:186)
	at org.springframework.aop.framework.CglibAopProxy$CglibMethodInvocation.proceed(CglibAopProxy.java:762)
	at org.springframework.aop.interceptor.ExposeInvocationInterceptor.invoke(ExposeInvocationInterceptor.java:97)
	at org.springframework.aop.framework.ReflectiveMethodInvocation.proceed(ReflectiveMethodInvocation.java:186)
	at org.springframework.aop.framework.CglibAopProxy$CglibMethodInvocation.proceed(CglibAopProxy.java:762)
	at org.springframework.aop.framework.CglibAopProxy$DynamicAdvisedInterceptor.intercept(CglibAopProxy.java:707)
	at com.ruoyi.business.controller.BizChessPiecesTypeController$$EnhancerBySpringCGLIB$$b6b5c2b4.queryChessPiecesTypeList(<generated>)
	at sun.reflect.NativeMethodAccessorImpl.invoke0(Native Method)
	at sun.reflect.NativeMethodAccessorImpl.invoke(NativeMethodAccessorImpl.java:62)
	at sun.reflect.DelegatingMethodAccessorImpl.invoke(DelegatingMethodAccessorImpl.java:43)
	at java.lang.reflect.Method.invoke(Method.java:498)
	at org.springframework.web.method.support.InvocableHandlerMethod.doInvoke(InvocableHandlerMethod.java:205)
	at org.springframework.web.method.support.InvocableHandlerMethod.invokeForRequest(InvocableHandlerMethod.java:150)
	at org.springframework.web.servlet.mvc.method.annotation.ServletInvocableHandlerMethod.invokeAndHandle(ServletInvocableHandlerMethod.java:117)
	at org.springframework.web.servlet.mvc.method.annotation.RequestMappingHandlerAdapter.invokeHandlerMethod(RequestMappingHandlerAdapter.java:895)
	at org.springframework.web.servlet.mvc.method.annotation.RequestMappingHandlerAdapter.handleInternal(RequestMappingHandlerAdapter.java:808)
	at org.springframework.web.servlet.mvc.method.AbstractHandlerMethodAdapter.handle(AbstractHandlerMethodAdapter.java:87)
	at org.springframework.web.servlet.DispatcherServlet.doDispatch(DispatcherServlet.java:1072)
	at org.springframework.web.servlet.DispatcherServlet.doService(DispatcherServlet.java:965)
	at org.springframework.web.servlet.FrameworkServlet.processRequest(FrameworkServlet.java:1006)
	at org.springframework.web.servlet.FrameworkServlet.doGet(FrameworkServlet.java:898)
	at javax.servlet.http.HttpServlet.service(HttpServlet.java:497)
	at org.springframework.web.servlet.FrameworkServlet.service(FrameworkServlet.java:883)
	at javax.servlet.http.HttpServlet.service(HttpServlet.java:584)
	at io.undertow.servlet.handlers.ServletHandler.handleRequest(ServletHandler.java:74)
	at io.undertow.servlet.handlers.FilterHandler$FilterChainImpl.doFilter(FilterHandler.java:129)
	at org.springframework.web.filter.CorsFilter.doFilterInternal(CorsFilter.java:91)
	at org.springframework.web.filter.OncePerRequestFilter.doFilter(OncePerRequestFilter.java:117)
	at io.undertow.servlet.core.ManagedFilter.doFilter(ManagedFilter.java:67)
	at io.undertow.servlet.handlers.FilterHandler$FilterChainImpl.doFilter(FilterHandler.java:131)
	at com.ruoyi.common.filter.RepeatableFilter.doFilter(RepeatableFilter.java:30)
	at io.undertow.servlet.core.ManagedFilter.doFilter(ManagedFilter.java:67)
	at io.undertow.servlet.handlers.FilterHandler$FilterChainImpl.doFilter(FilterHandler.java:131)
	at org.springframework.web.filter.RequestContextFilter.doFilterInternal(RequestContextFilter.java:100)
	at org.springframework.web.filter.OncePerRequestFilter.doFilter(OncePerRequestFilter.java:117)
	at io.undertow.servlet.core.ManagedFilter.doFilter(ManagedFilter.java:67)
	at io.undertow.servlet.handlers.FilterHandler$FilterChainImpl.doFilter(FilterHandler.java:131)
	at cn.dev33.satoken.filter.SaPathCheckFilterForServlet.doFilter(SaPathCheckFilterForServlet.java:55)
	at io.undertow.servlet.core.ManagedFilter.doFilter(ManagedFilter.java:67)
	at io.undertow.servlet.handlers.FilterHandler$FilterChainImpl.doFilter(FilterHandler.java:131)
	at org.springframework.web.filter.FormContentFilter.doFilterInternal(FormContentFilter.java:93)
	at org.springframework.web.filter.OncePerRequestFilter.doFilter(OncePerRequestFilter.java:117)
	at io.undertow.servlet.core.ManagedFilter.doFilter(ManagedFilter.java:67)
	at io.undertow.servlet.handlers.FilterHandler$FilterChainImpl.doFilter(FilterHandler.java:131)
	at org.springframework.boot.actuate.metrics.web.servlet.WebMvcMetricsFilter.doFilterInternal(WebMvcMetricsFilter.java:96)
	at org.springframework.web.filter.OncePerRequestFilter.doFilter(OncePerRequestFilter.java:117)
	at io.undertow.servlet.core.ManagedFilter.doFilter(ManagedFilter.java:67)
	at io.undertow.servlet.handlers.FilterHandler$FilterChainImpl.doFilter(FilterHandler.java:131)
	at org.springframework.web.filter.CharacterEncodingFilter.doFilterInternal(CharacterEncodingFilter.java:201)
	at org.springframework.web.filter.OncePerRequestFilter.doFilter(OncePerRequestFilter.java:117)
	at io.undertow.servlet.core.ManagedFilter.doFilter(ManagedFilter.java:67)
	at io.undertow.servlet.handlers.FilterHandler$FilterChainImpl.doFilter(FilterHandler.java:131)
	at io.undertow.servlet.handlers.FilterHandler.handleRequest(FilterHandler.java:84)
	at io.undertow.servlet.handlers.security.ServletSecurityRoleHandler.handleRequest(ServletSecurityRoleHandler.java:62)
	at io.undertow.servlet.handlers.ServletChain$1.handleRequest(ServletChain.java:68)
	at io.undertow.servlet.handlers.ServletDispatchingHandler.handleRequest(ServletDispatchingHandler.java:36)
	at io.undertow.servlet.handlers.RedirectDirHandler.handleRequest(RedirectDirHandler.java:68)
	at io.undertow.servlet.handlers.security.SSLInformationAssociationHandler.handleRequest(SSLInformationAssociationHandler.java:117)
	at io.undertow.servlet.handlers.security.ServletAuthenticationCallHandler.handleRequest(ServletAuthenticationCallHandler.java:57)
	at io.undertow.server.handlers.PredicateHandler.handleRequest(PredicateHandler.java:43)
	at io.undertow.security.handlers.AbstractConfidentialityHandler.handleRequest(AbstractConfidentialityHandler.java:46)
	at io.undertow.servlet.handlers.security.ServletConfidentialityConstraintHandler.handleRequest(ServletConfidentialityConstraintHandler.java:64)
	at io.undertow.security.handlers.AuthenticationMechanismsHandler.handleRequest(AuthenticationMechanismsHandler.java:60)
	at io.undertow.servlet.handlers.security.CachedAuthenticatedSessionHandler.handleRequest(CachedAuthenticatedSessionHandler.java:77)
	at io.undertow.security.handlers.AbstractSecurityContextAssociationHandler.handleRequest(AbstractSecurityContextAssociationHandler.java:43)
	at io.undertow.server.handlers.PredicateHandler.handleRequest(PredicateHandler.java:43)
	at io.undertow.servlet.handlers.SendErrorPageHandler.handleRequest(SendErrorPageHandler.java:52)
	at io.undertow.server.handlers.PredicateHandler.handleRequest(PredicateHandler.java:43)
	at io.undertow.servlet.handlers.ServletInitialHandler.handleFirstRequest(ServletInitialHandler.java:275)
	at io.undertow.servlet.handlers.ServletInitialHandler.access$100(ServletInitialHandler.java:79)
	at io.undertow.servlet.handlers.ServletInitialHandler$2.call(ServletInitialHandler.java:134)
	at io.undertow.servlet.handlers.ServletInitialHandler$2.call(ServletInitialHandler.java:131)
	at io.undertow.servlet.core.ServletRequestContextThreadSetupAction$1.call(ServletRequestContextThreadSetupAction.java:48)
	at io.undertow.servlet.core.ContextClassLoaderSetupAction$1.call(ContextClassLoaderSetupAction.java:43)
	at io.undertow.servlet.handlers.ServletInitialHandler.dispatchRequest(ServletInitialHandler.java:255)
	at io.undertow.servlet.handlers.ServletInitialHandler.access$000(ServletInitialHandler.java:79)
	at io.undertow.servlet.handlers.ServletInitialHandler$1.handleRequest(ServletInitialHandler.java:100)
	at io.undertow.server.Connectors.executeRootHandler(Connectors.java:393)
	at io.undertow.server.HttpServerExchange$1.run(HttpServerExchange.java:852)
	at org.jboss.threads.ContextClassLoaderSavingRunnable.run(ContextClassLoaderSavingRunnable.java:35)
	at org.jboss.threads.EnhancedQueueExecutor.safeRun(EnhancedQueueExecutor.java:2019)
	at org.jboss.threads.EnhancedQueueExecutor$ThreadBody.doRunTask(EnhancedQueueExecutor.java:1558)
	at org.jboss.threads.EnhancedQueueExecutor$ThreadBody.run(EnhancedQueueExecutor.java:1449)
	at org.xnio.XnioWorker$WorkerThreadFactory$1$1.run(XnioWorker.java:1282)
	at java.lang.Thread.run(Thread.java:750)
2025-10-22 14:45:49 [XNIO-1 task-13] INFO  c.r.f.i.PlusWebInvokeTimeInterceptor - [PLUS]结束请求 => URL[GET /business/chessPiecesType/queryChessPiecesTypeList],耗时:[45]毫秒
2025-10-22 14:45:49 [XNIO-1 task-11] INFO  c.r.f.i.PlusWebInvokeTimeInterceptor - [PLUS]结束请求 => URL[GET /business/chessPiecesCamp/queryChessPiecesCampList],耗时:[53]毫秒
2025-10-22 14:45:49 [XNIO-1 task-12] INFO  c.r.f.i.PlusWebInvokeTimeInterceptor - [PLUS]结束请求 => URL[GET /business/product/queryProductList],耗时:[53]毫秒
2025-10-22 14:45:49 [XNIO-1 task-7] INFO  c.r.f.i.PlusWebInvokeTimeInterceptor - [PLUS]结束请求 => URL[GET /business/chessPieces/list],耗时:[87]毫秒
2025-10-22 14:45:49 [XNIO-1 task-12] INFO  c.r.f.i.PlusWebInvokeTimeInterceptor - [PLUS]开始请求 => URL[GET /api/system/getOssById/1856590846159982594],无参数
2025-10-22 14:45:49 [XNIO-1 task-11] INFO  c.r.f.i.PlusWebInvokeTimeInterceptor - [PLUS]开始请求 => URL[GET /api/system/getOssById/1856590815659003905],无参数
2025-10-22 14:45:49 [XNIO-1 task-7] INFO  c.r.f.i.PlusWebInvokeTimeInterceptor - [PLUS]开始请求 => URL[GET /api/system/getOssById/1856587777389072386],无参数
2025-10-22 14:45:49 [XNIO-1 task-11] INFO  c.r.f.i.PlusWebInvokeTimeInterceptor - [PLUS]结束请求 => URL[GET /api/system/getOssById/1856590815659003905],耗时:[28]毫秒
2025-10-22 14:45:49 [XNIO-1 task-7] INFO  c.r.f.i.PlusWebInvokeTimeInterceptor - [PLUS]结束请求 => URL[GET /api/system/getOssById/1856587777389072386],耗时:[28]毫秒
2025-10-22 14:45:49 [XNIO-1 task-12] INFO  c.r.f.i.PlusWebInvokeTimeInterceptor - [PLUS]结束请求 => URL[GET /api/system/getOssById/1856590846159982594],耗时:[28]毫秒
2025-10-22 14:45:49 [XNIO-1 task-12] INFO  c.r.f.i.PlusWebInvokeTimeInterceptor - [PLUS]开始请求 => URL[GET /api/system/getOssById/1856590815659003905],无参数
2025-10-22 14:45:49 [XNIO-1 task-11] INFO  c.r.f.i.PlusWebInvokeTimeInterceptor - [PLUS]开始请求 => URL[GET /api/system/getOssById/1856587777389072386],无参数
2025-10-22 14:45:49 [XNIO-1 task-7] INFO  c.r.f.i.PlusWebInvokeTimeInterceptor - [PLUS]开始请求 => URL[GET /api/system/getOssById/1856590846159982594],无参数
2025-10-22 14:45:49 [XNIO-1 task-7] INFO  c.r.f.i.PlusWebInvokeTimeInterceptor - [PLUS]结束请求 => URL[GET /api/system/getOssById/1856590846159982594],耗时:[26]毫秒
2025-10-22 14:45:49 [XNIO-1 task-12] INFO  c.r.f.i.PlusWebInvokeTimeInterceptor - [PLUS]结束请求 => URL[GET /api/system/getOssById/1856590815659003905],耗时:[26]毫秒
2025-10-22 14:45:49 [XNIO-1 task-11] INFO  c.r.f.i.PlusWebInvokeTimeInterceptor - [PLUS]结束请求 => URL[GET /api/system/getOssById/1856587777389072386],耗时:[26]毫秒
2025-10-22 14:45:49 [XNIO-1 task-12] INFO  c.r.f.i.PlusWebInvokeTimeInterceptor - [PLUS]开始请求 => URL[GET /api/system/getOssById/1856590846159982594],无参数
2025-10-22 14:45:49 [XNIO-1 task-11] INFO  c.r.f.i.PlusWebInvokeTimeInterceptor - [PLUS]开始请求 => URL[GET /api/system/getOssById/1856587777389072386],无参数
2025-10-22 14:45:49 [XNIO-1 task-11] INFO  c.r.f.i.PlusWebInvokeTimeInterceptor - [PLUS]结束请求 => URL[GET /api/system/getOssById/1856587777389072386],耗时:[26]毫秒
2025-10-22 14:45:49 [XNIO-1 task-12] INFO  c.r.f.i.PlusWebInvokeTimeInterceptor - [PLUS]结束请求 => URL[GET /api/system/getOssById/1856590846159982594],耗时:[26]毫秒
2025-10-22 14:45:49 [XNIO-1 task-11] INFO  c.r.f.i.PlusWebInvokeTimeInterceptor - [PLUS]开始请求 => URL[GET /api/system/getOssById/1856587777389072386],无参数
2025-10-22 14:45:49 [XNIO-1 task-11] INFO  c.r.f.i.PlusWebInvokeTimeInterceptor - [PLUS]结束请求 => URL[GET /api/system/getOssById/1856587777389072386],耗时:[23]毫秒
2025-10-22 14:45:49 [XNIO-1 task-11] INFO  c.r.f.i.PlusWebInvokeTimeInterceptor - [PLUS]开始请求 => URL[GET /api/system/getOssById/1856587777389072386],无参数
2025-10-22 14:45:49 [XNIO-1 task-11] INFO  c.r.f.i.PlusWebInvokeTimeInterceptor - [PLUS]结束请求 => URL[GET /api/system/getOssById/1856587777389072386],耗时:[27]毫秒
2025-10-22 14:48:40 [XNIO-1 task-11] INFO  c.r.f.i.PlusWebInvokeTimeInterceptor - [PLUS]开始请求 => URL[GET /business/arbiterMapRoad/list],参数类型[param],参数:[{"pageSize":["10"],"pageNum":["1"],"terrainVisibleRange":["1"]}]
2025-10-22 14:48:40 [XNIO-1 task-11] INFO  c.r.f.i.PlusWebInvokeTimeInterceptor - [PLUS]结束请求 => URL[GET /business/arbiterMapRoad/list],耗时:[97]毫秒
2025-10-22 14:48:41 [XNIO-1 task-11] INFO  c.r.f.i.PlusWebInvokeTimeInterceptor - [PLUS]开始请求 => URL[GET /business/arbiterMapRoad/list],参数类型[param],参数:[{"pageSize":["10"],"pageNum":["1"],"terrainVisibleRange":["1"]}]
2025-10-22 14:48:41 [XNIO-1 task-11] INFO  c.r.f.i.PlusWebInvokeTimeInterceptor - [PLUS]结束请求 => URL[GET /business/arbiterMapRoad/list],耗时:[67]毫秒
2025-10-22 14:48:48 [XNIO-1 task-11] INFO  c.r.f.i.PlusWebInvokeTimeInterceptor - [PLUS]开始请求 => URL[GET /business/arbiterMapRoad/list],参数类型[param],参数:[{"pageSize":["10"],"terrainActionValue":["0.75"],"pageNum":["1"]}]
2025-10-22 14:48:48 [XNIO-1 task-11] INFO  c.r.f.i.PlusWebInvokeTimeInterceptor - [PLUS]结束请求 => URL[GET /business/arbiterMapRoad/list],耗时:[72]毫秒
2025-10-22 14:51:15 [XNIO-1 task-12] INFO  c.r.f.i.PlusWebInvokeTimeInterceptor - [PLUS]开始请求 => URL[GET /business/product/queryProductList],无参数
2025-10-22 14:51:15 [XNIO-1 task-11] INFO  c.r.f.i.PlusWebInvokeTimeInterceptor - [PLUS]开始请求 => URL[GET /business/arbiterMap/list],参数类型[param],参数:[{"pageSize":["10"],"pageNum":["1"]}]
2025-10-22 14:51:15 [XNIO-1 task-12] INFO  c.r.f.i.PlusWebInvokeTimeInterceptor - [PLUS]结束请求 => URL[GET /business/product/queryProductList],耗时:[42]毫秒
2025-10-22 14:51:16 [XNIO-1 task-11] INFO  c.r.f.i.PlusWebInvokeTimeInterceptor - [PLUS]结束请求 => URL[GET /business/arbiterMap/list],耗时:[70]毫秒
2025-10-22 14:51:18 [XNIO-1 task-11] INFO  c.r.f.i.PlusWebInvokeTimeInterceptor - [PLUS]开始请求 => URL[GET /business/product/queryProductList],无参数
2025-10-22 14:51:18 [XNIO-1 task-12] INFO  c.r.f.i.PlusWebInvokeTimeInterceptor - [PLUS]开始请求 => URL[GET /business/chessPieces/list],参数类型[param],参数:[{"pageSize":["10"],"pageNum":["1"]}]
2025-10-22 14:51:18 [XNIO-1 task-13] INFO  c.r.f.i.PlusWebInvokeTimeInterceptor - [PLUS]开始请求 => URL[GET /business/chessPiecesCamp/queryChessPiecesCampList],无参数
2025-10-22 14:51:18 [XNIO-1 task-7] INFO  c.r.f.i.PlusWebInvokeTimeInterceptor - [PLUS]开始请求 => URL[GET /business/chessPiecesType/queryChessPiecesTypeList],无参数
2025-10-22 14:51:18 [XNIO-1 task-7] ERROR c.r.f.w.e.GlobalExceptionHandler - 请求地址'/business/chessPiecesType/queryChessPiecesTypeList',发生未知异常.
java.lang.NullPointerException: null
	at com.ruoyi.business.service.impl.BizChessPiecesTypeServiceImpl.buildQueryWrapper(BizChessPiecesTypeServiceImpl.java:65)
	at com.ruoyi.business.service.impl.BizChessPiecesTypeServiceImpl.queryList(BizChessPiecesTypeServiceImpl.java:57)
	at com.ruoyi.business.controller.BizChessPiecesTypeController.queryChessPiecesTypeList(BizChessPiecesTypeController.java:52)
	at com.ruoyi.business.controller.BizChessPiecesTypeController$$FastClassBySpringCGLIB$$bec31b8b.invoke(<generated>)
	at org.springframework.cglib.proxy.MethodProxy.invoke(MethodProxy.java:218)
	at org.springframework.aop.framework.CglibAopProxy$CglibMethodInvocation.invokeJoinpoint(CglibAopProxy.java:792)
	at org.springframework.aop.framework.ReflectiveMethodInvocation.proceed(ReflectiveMethodInvocation.java:163)
	at org.springframework.aop.framework.CglibAopProxy$CglibMethodInvocation.proceed(CglibAopProxy.java:762)
	at org.springframework.validation.beanvalidation.MethodValidationInterceptor.invoke(MethodValidationInterceptor.java:123)
	at org.springframework.aop.framework.ReflectiveMethodInvocation.proceed(ReflectiveMethodInvocation.java:186)
	at org.springframework.aop.framework.CglibAopProxy$CglibMethodInvocation.proceed(CglibAopProxy.java:762)
	at org.springframework.aop.interceptor.ExposeInvocationInterceptor.invoke(ExposeInvocationInterceptor.java:97)
	at org.springframework.aop.framework.ReflectiveMethodInvocation.proceed(ReflectiveMethodInvocation.java:186)
	at org.springframework.aop.framework.CglibAopProxy$CglibMethodInvocation.proceed(CglibAopProxy.java:762)
	at org.springframework.aop.framework.CglibAopProxy$DynamicAdvisedInterceptor.intercept(CglibAopProxy.java:707)
	at com.ruoyi.business.controller.BizChessPiecesTypeController$$EnhancerBySpringCGLIB$$b6b5c2b4.queryChessPiecesTypeList(<generated>)
	at sun.reflect.NativeMethodAccessorImpl.invoke0(Native Method)
	at sun.reflect.NativeMethodAccessorImpl.invoke(NativeMethodAccessorImpl.java:62)
	at sun.reflect.DelegatingMethodAccessorImpl.invoke(DelegatingMethodAccessorImpl.java:43)
	at java.lang.reflect.Method.invoke(Method.java:498)
	at org.springframework.web.method.support.InvocableHandlerMethod.doInvoke(InvocableHandlerMethod.java:205)
	at org.springframework.web.method.support.InvocableHandlerMethod.invokeForRequest(InvocableHandlerMethod.java:150)
	at org.springframework.web.servlet.mvc.method.annotation.ServletInvocableHandlerMethod.invokeAndHandle(ServletInvocableHandlerMethod.java:117)
	at org.springframework.web.servlet.mvc.method.annotation.RequestMappingHandlerAdapter.invokeHandlerMethod(RequestMappingHandlerAdapter.java:895)
	at org.springframework.web.servlet.mvc.method.annotation.RequestMappingHandlerAdapter.handleInternal(RequestMappingHandlerAdapter.java:808)
	at org.springframework.web.servlet.mvc.method.AbstractHandlerMethodAdapter.handle(AbstractHandlerMethodAdapter.java:87)
	at org.springframework.web.servlet.DispatcherServlet.doDispatch(DispatcherServlet.java:1072)
	at org.springframework.web.servlet.DispatcherServlet.doService(DispatcherServlet.java:965)
	at org.springframework.web.servlet.FrameworkServlet.processRequest(FrameworkServlet.java:1006)
	at org.springframework.web.servlet.FrameworkServlet.doGet(FrameworkServlet.java:898)
	at javax.servlet.http.HttpServlet.service(HttpServlet.java:497)
	at org.springframework.web.servlet.FrameworkServlet.service(FrameworkServlet.java:883)
	at javax.servlet.http.HttpServlet.service(HttpServlet.java:584)
	at io.undertow.servlet.handlers.ServletHandler.handleRequest(ServletHandler.java:74)
	at io.undertow.servlet.handlers.FilterHandler$FilterChainImpl.doFilter(FilterHandler.java:129)
	at org.springframework.web.filter.CorsFilter.doFilterInternal(CorsFilter.java:91)
	at org.springframework.web.filter.OncePerRequestFilter.doFilter(OncePerRequestFilter.java:117)
	at io.undertow.servlet.core.ManagedFilter.doFilter(ManagedFilter.java:67)
	at io.undertow.servlet.handlers.FilterHandler$FilterChainImpl.doFilter(FilterHandler.java:131)
	at com.ruoyi.common.filter.RepeatableFilter.doFilter(RepeatableFilter.java:30)
	at io.undertow.servlet.core.ManagedFilter.doFilter(ManagedFilter.java:67)
	at io.undertow.servlet.handlers.FilterHandler$FilterChainImpl.doFilter(FilterHandler.java:131)
	at org.springframework.web.filter.RequestContextFilter.doFilterInternal(RequestContextFilter.java:100)
	at org.springframework.web.filter.OncePerRequestFilter.doFilter(OncePerRequestFilter.java:117)
	at io.undertow.servlet.core.ManagedFilter.doFilter(ManagedFilter.java:67)
	at io.undertow.servlet.handlers.FilterHandler$FilterChainImpl.doFilter(FilterHandler.java:131)
	at cn.dev33.satoken.filter.SaPathCheckFilterForServlet.doFilter(SaPathCheckFilterForServlet.java:55)
	at io.undertow.servlet.core.ManagedFilter.doFilter(ManagedFilter.java:67)
	at io.undertow.servlet.handlers.FilterHandler$FilterChainImpl.doFilter(FilterHandler.java:131)
	at org.springframework.web.filter.FormContentFilter.doFilterInternal(FormContentFilter.java:93)
	at org.springframework.web.filter.OncePerRequestFilter.doFilter(OncePerRequestFilter.java:117)
	at io.undertow.servlet.core.ManagedFilter.doFilter(ManagedFilter.java:67)
	at io.undertow.servlet.handlers.FilterHandler$FilterChainImpl.doFilter(FilterHandler.java:131)
	at org.springframework.boot.actuate.metrics.web.servlet.WebMvcMetricsFilter.doFilterInternal(WebMvcMetricsFilter.java:96)
	at org.springframework.web.filter.OncePerRequestFilter.doFilter(OncePerRequestFilter.java:117)
	at io.undertow.servlet.core.ManagedFilter.doFilter(ManagedFilter.java:67)
	at io.undertow.servlet.handlers.FilterHandler$FilterChainImpl.doFilter(FilterHandler.java:131)
	at org.springframework.web.filter.CharacterEncodingFilter.doFilterInternal(CharacterEncodingFilter.java:201)
	at org.springframework.web.filter.OncePerRequestFilter.doFilter(OncePerRequestFilter.java:117)
	at io.undertow.servlet.core.ManagedFilter.doFilter(ManagedFilter.java:67)
	at io.undertow.servlet.handlers.FilterHandler$FilterChainImpl.doFilter(FilterHandler.java:131)
	at io.undertow.servlet.handlers.FilterHandler.handleRequest(FilterHandler.java:84)
	at io.undertow.servlet.handlers.security.ServletSecurityRoleHandler.handleRequest(ServletSecurityRoleHandler.java:62)
	at io.undertow.servlet.handlers.ServletChain$1.handleRequest(ServletChain.java:68)
	at io.undertow.servlet.handlers.ServletDispatchingHandler.handleRequest(ServletDispatchingHandler.java:36)
	at io.undertow.servlet.handlers.RedirectDirHandler.handleRequest(RedirectDirHandler.java:68)
	at io.undertow.servlet.handlers.security.SSLInformationAssociationHandler.handleRequest(SSLInformationAssociationHandler.java:117)
	at io.undertow.servlet.handlers.security.ServletAuthenticationCallHandler.handleRequest(ServletAuthenticationCallHandler.java:57)
	at io.undertow.server.handlers.PredicateHandler.handleRequest(PredicateHandler.java:43)
	at io.undertow.security.handlers.AbstractConfidentialityHandler.handleRequest(AbstractConfidentialityHandler.java:46)
	at io.undertow.servlet.handlers.security.ServletConfidentialityConstraintHandler.handleRequest(ServletConfidentialityConstraintHandler.java:64)
	at io.undertow.security.handlers.AuthenticationMechanismsHandler.handleRequest(AuthenticationMechanismsHandler.java:60)
	at io.undertow.servlet.handlers.security.CachedAuthenticatedSessionHandler.handleRequest(CachedAuthenticatedSessionHandler.java:77)
	at io.undertow.security.handlers.AbstractSecurityContextAssociationHandler.handleRequest(AbstractSecurityContextAssociationHandler.java:43)
	at io.undertow.server.handlers.PredicateHandler.handleRequest(PredicateHandler.java:43)
	at io.undertow.servlet.handlers.SendErrorPageHandler.handleRequest(SendErrorPageHandler.java:52)
	at io.undertow.server.handlers.PredicateHandler.handleRequest(PredicateHandler.java:43)
	at io.undertow.servlet.handlers.ServletInitialHandler.handleFirstRequest(ServletInitialHandler.java:275)
	at io.undertow.servlet.handlers.ServletInitialHandler.access$100(ServletInitialHandler.java:79)
	at io.undertow.servlet.handlers.ServletInitialHandler$2.call(ServletInitialHandler.java:134)
	at io.undertow.servlet.handlers.ServletInitialHandler$2.call(ServletInitialHandler.java:131)
	at io.undertow.servlet.core.ServletRequestContextThreadSetupAction$1.call(ServletRequestContextThreadSetupAction.java:48)
	at io.undertow.servlet.core.ContextClassLoaderSetupAction$1.call(ContextClassLoaderSetupAction.java:43)
	at io.undertow.servlet.handlers.ServletInitialHandler.dispatchRequest(ServletInitialHandler.java:255)
	at io.undertow.servlet.handlers.ServletInitialHandler.access$000(ServletInitialHandler.java:79)
	at io.undertow.servlet.handlers.ServletInitialHandler$1.handleRequest(ServletInitialHandler.java:100)
	at io.undertow.server.Connectors.executeRootHandler(Connectors.java:393)
	at io.undertow.server.HttpServerExchange$1.run(HttpServerExchange.java:852)
	at org.jboss.threads.ContextClassLoaderSavingRunnable.run(ContextClassLoaderSavingRunnable.java:35)
	at org.jboss.threads.EnhancedQueueExecutor.safeRun(EnhancedQueueExecutor.java:2019)
	at org.jboss.threads.EnhancedQueueExecutor$ThreadBody.doRunTask(EnhancedQueueExecutor.java:1558)
	at org.jboss.threads.EnhancedQueueExecutor$ThreadBody.run(EnhancedQueueExecutor.java:1449)
	at org.xnio.XnioWorker$WorkerThreadFactory$1$1.run(XnioWorker.java:1282)
	at java.lang.Thread.run(Thread.java:750)
2025-10-22 14:51:18 [XNIO-1 task-7] INFO  c.r.f.i.PlusWebInvokeTimeInterceptor - [PLUS]结束请求 => URL[GET /business/chessPiecesType/queryChessPiecesTypeList],耗时:[24]毫秒
2025-10-22 14:51:18 [XNIO-1 task-11] INFO  c.r.f.i.PlusWebInvokeTimeInterceptor - [PLUS]结束请求 => URL[GET /business/product/queryProductList],耗时:[28]毫秒
2025-10-22 14:51:18 [XNIO-1 task-13] INFO  c.r.f.i.PlusWebInvokeTimeInterceptor - [PLUS]结束请求 => URL[GET /business/chessPiecesCamp/queryChessPiecesCampList],耗时:[31]毫秒
2025-10-22 14:51:18 [XNIO-1 task-12] INFO  c.r.f.i.PlusWebInvokeTimeInterceptor - [PLUS]结束请求 => URL[GET /business/chessPieces/list],耗时:[59]毫秒
2025-10-22 14:51:18 [XNIO-1 task-13] INFO  c.r.f.i.PlusWebInvokeTimeInterceptor - [PLUS]开始请求 => URL[GET /api/system/getOssById/1856590846159982594],无参数
2025-10-22 14:51:18 [XNIO-1 task-11] INFO  c.r.f.i.PlusWebInvokeTimeInterceptor - [PLUS]开始请求 => URL[GET /api/system/getOssById/1856587777389072386],无参数
2025-10-22 14:51:18 [XNIO-1 task-12] INFO  c.r.f.i.PlusWebInvokeTimeInterceptor - [PLUS]开始请求 => URL[GET /api/system/getOssById/1856590815659003905],无参数
2025-10-22 14:51:18 [XNIO-1 task-11] INFO  c.r.f.i.PlusWebInvokeTimeInterceptor - [PLUS]结束请求 => URL[GET /api/system/getOssById/1856587777389072386],耗时:[24]毫秒
2025-10-22 14:51:18 [XNIO-1 task-12] INFO  c.r.f.i.PlusWebInvokeTimeInterceptor - [PLUS]结束请求 => URL[GET /api/system/getOssById/1856590815659003905],耗时:[24]毫秒
2025-10-22 14:51:18 [XNIO-1 task-13] INFO  c.r.f.i.PlusWebInvokeTimeInterceptor - [PLUS]结束请求 => URL[GET /api/system/getOssById/1856590846159982594],耗时:[24]毫秒
2025-10-22 14:51:18 [XNIO-1 task-11] INFO  c.r.f.i.PlusWebInvokeTimeInterceptor - [PLUS]开始请求 => URL[GET /api/system/getOssById/1856590846159982594],无参数
2025-10-22 14:51:18 [XNIO-1 task-12] INFO  c.r.f.i.PlusWebInvokeTimeInterceptor - [PLUS]开始请求 => URL[GET /api/system/getOssById/1856590815659003905],无参数
2025-10-22 14:51:18 [XNIO-1 task-13] INFO  c.r.f.i.PlusWebInvokeTimeInterceptor - [PLUS]开始请求 => URL[GET /api/system/getOssById/1856587777389072386],无参数
2025-10-22 14:51:18 [XNIO-1 task-13] INFO  c.r.f.i.PlusWebInvokeTimeInterceptor - [PLUS]结束请求 => URL[GET /api/system/getOssById/1856587777389072386],耗时:[21]毫秒
2025-10-22 14:51:18 [XNIO-1 task-11] INFO  c.r.f.i.PlusWebInvokeTimeInterceptor - [PLUS]结束请求 => URL[GET /api/system/getOssById/1856590846159982594],耗时:[21]毫秒
2025-10-22 14:51:18 [XNIO-1 task-12] INFO  c.r.f.i.PlusWebInvokeTimeInterceptor - [PLUS]结束请求 => URL[GET /api/system/getOssById/1856590815659003905],耗时:[21]毫秒
2025-10-22 14:51:18 [XNIO-1 task-13] INFO  c.r.f.i.PlusWebInvokeTimeInterceptor - [PLUS]开始请求 => URL[GET /api/system/getOssById/1856590846159982594],无参数
2025-10-22 14:51:18 [XNIO-1 task-12] INFO  c.r.f.i.PlusWebInvokeTimeInterceptor - [PLUS]开始请求 => URL[GET /api/system/getOssById/1856587777389072386],无参数
2025-10-22 14:51:18 [XNIO-1 task-12] INFO  c.r.f.i.PlusWebInvokeTimeInterceptor - [PLUS]结束请求 => URL[GET /api/system/getOssById/1856587777389072386],耗时:[19]毫秒
2025-10-22 14:51:18 [XNIO-1 task-13] INFO  c.r.f.i.PlusWebInvokeTimeInterceptor - [PLUS]结束请求 => URL[GET /api/system/getOssById/1856590846159982594],耗时:[19]毫秒
2025-10-22 14:51:18 [XNIO-1 task-13] INFO  c.r.f.i.PlusWebInvokeTimeInterceptor - [PLUS]开始请求 => URL[GET /api/system/getOssById/1856587777389072386],无参数
2025-10-22 14:51:18 [XNIO-1 task-13] INFO  c.r.f.i.PlusWebInvokeTimeInterceptor - [PLUS]结束请求 => URL[GET /api/system/getOssById/1856587777389072386],耗时:[20]毫秒
2025-10-22 14:51:18 [XNIO-1 task-13] INFO  c.r.f.i.PlusWebInvokeTimeInterceptor - [PLUS]开始请求 => URL[GET /api/system/getOssById/1856587777389072386],无参数
2025-10-22 14:51:18 [XNIO-1 task-13] INFO  c.r.f.i.PlusWebInvokeTimeInterceptor - [PLUS]结束请求 => URL[GET /api/system/getOssById/1856587777389072386],耗时:[21]毫秒
2025-10-22 14:52:51 [XNIO-1 task-13] INFO  c.r.f.i.PlusWebInvokeTimeInterceptor - [PLUS]开始请求 => URL[GET /business/arbiterMapRoad/list],参数类型[param],参数:[{"pageSize":["10"],"pageNum":["1"]}]
2025-10-22 14:52:51 [XNIO-1 task-13] INFO  c.r.f.i.PlusWebInvokeTimeInterceptor - [PLUS]结束请求 => URL[GET /business/arbiterMapRoad/list],耗时:[88]毫秒
2025-10-22 14:53:11 [XNIO-1 task-13] INFO  c.r.f.i.PlusWebInvokeTimeInterceptor - [PLUS]开始请求 => URL[GET /business/arbiterMapRiver/list],参数类型[param],参数:[{"pageSize":["10"],"pageNum":["1"]}]
2025-10-22 14:53:11 [XNIO-1 task-13] INFO  c.r.f.i.PlusWebInvokeTimeInterceptor - [PLUS]结束请求 => URL[GET /business/arbiterMapRiver/list],耗时:[68]毫秒
2025-10-22 14:53:41 [XNIO-1 task-13] INFO  c.r.f.i.PlusWebInvokeTimeInterceptor - [PLUS]开始请求 => URL[GET /business/arbiterMapLegend/list],参数类型[param],参数:[{"pageSize":["10"],"pageNum":["1"]}]
2025-10-22 14:53:42 [XNIO-1 task-13] INFO  c.r.f.i.PlusWebInvokeTimeInterceptor - [PLUS]结束请求 => URL[GET /business/arbiterMapLegend/list],耗时:[65]毫秒
2025-10-22 14:53:46 [XNIO-1 task-11] INFO  c.r.f.i.PlusWebInvokeTimeInterceptor - [PLUS]开始请求 => URL[GET /business/scenario/queryScenarioList],无参数
2025-10-22 14:53:46 [XNIO-1 task-12] INFO  c.r.f.i.PlusWebInvokeTimeInterceptor - [PLUS]开始请求 => URL[GET /business/chessPieces/queryChessPiecesList],无参数
2025-10-22 14:53:46 [XNIO-1 task-13] INFO  c.r.f.i.PlusWebInvokeTimeInterceptor - [PLUS]开始请求 => URL[GET /business/product/list],参数类型[param],参数:[{"pageSize":["10"],"pageNum":["1"]}]
2025-10-22 14:53:46 [XNIO-1 task-11] INFO  c.r.f.i.PlusWebInvokeTimeInterceptor - [PLUS]结束请求 => URL[GET /business/scenario/queryScenarioList],耗时:[28]毫秒
2025-10-22 14:53:46 [XNIO-1 task-12] INFO  c.r.f.i.PlusWebInvokeTimeInterceptor - [PLUS]结束请求 => URL[GET /business/chessPieces/queryChessPiecesList],耗时:[59]毫秒
2025-10-22 14:53:46 [XNIO-1 task-13] INFO  c.r.f.i.PlusWebInvokeTimeInterceptor - [PLUS]结束请求 => URL[GET /business/product/list],耗时:[60]毫秒
2025-10-22 14:53:54 [XNIO-1 task-13] INFO  c.r.f.i.PlusWebInvokeTimeInterceptor - [PLUS]开始请求 => URL[GET /business/product/queryProductList],无参数
2025-10-22 14:53:54 [XNIO-1 task-12] INFO  c.r.f.i.PlusWebInvokeTimeInterceptor - [PLUS]开始请求 => URL[GET /business/weapon/list],参数类型[param],参数:[{"pageSize":["10"],"pageNum":["1"]}]
2025-10-22 14:53:54 [XNIO-1 task-13] INFO  c.r.f.i.PlusWebInvokeTimeInterceptor - [PLUS]结束请求 => URL[GET /business/product/queryProductList],耗时:[29]毫秒
2025-10-22 14:53:54 [XNIO-1 task-12] INFO  c.r.f.i.PlusWebInvokeTimeInterceptor - [PLUS]结束请求 => URL[GET /business/weapon/list],耗时:[75]毫秒
2025-10-22 14:56:46 [XNIO-1 task-12] INFO  c.r.f.i.PlusWebInvokeTimeInterceptor - [PLUS]开始请求 => URL[GET /business/chessPieces/list],参数类型[param],参数:[{"pageSize":["10"],"pageNum":["2"]}]
2025-10-22 14:56:46 [XNIO-1 task-12] INFO  c.r.f.i.PlusWebInvokeTimeInterceptor - [PLUS]结束请求 => URL[GET /business/chessPieces/list],耗时:[97]毫秒
2025-10-22 14:56:46 [XNIO-1 task-12] INFO  c.r.f.i.PlusWebInvokeTimeInterceptor - [PLUS]开始请求 => URL[GET /api/system/getOssById/1856587340606836737],无参数
2025-10-22 14:56:46 [XNIO-1 task-13] INFO  c.r.f.i.PlusWebInvokeTimeInterceptor - [PLUS]开始请求 => URL[GET /api/system/getOssById/1856590784222695425],无参数
2025-10-22 14:56:46 [XNIO-1 task-12] INFO  c.r.f.i.PlusWebInvokeTimeInterceptor - [PLUS]结束请求 => URL[GET /api/system/getOssById/1856587340606836737],耗时:[24]毫秒
2025-10-22 14:56:46 [XNIO-1 task-12] INFO  c.r.f.i.PlusWebInvokeTimeInterceptor - [PLUS]开始请求 => URL[GET /api/system/getOssById/1856587340606836737],无参数
2025-10-22 14:56:46 [XNIO-1 task-13] INFO  c.r.f.i.PlusWebInvokeTimeInterceptor - [PLUS]结束请求 => URL[GET /api/system/getOssById/1856590784222695425],耗时:[37]毫秒
2025-10-22 14:56:46 [XNIO-1 task-13] INFO  c.r.f.i.PlusWebInvokeTimeInterceptor - [PLUS]开始请求 => URL[GET /api/system/getOssById/1856590784222695425],无参数
2025-10-22 14:56:46 [XNIO-1 task-12] INFO  c.r.f.i.PlusWebInvokeTimeInterceptor - [PLUS]结束请求 => URL[GET /api/system/getOssById/1856587340606836737],耗时:[20]毫秒
2025-10-22 14:56:46 [XNIO-1 task-12] INFO  c.r.f.i.PlusWebInvokeTimeInterceptor - [PLUS]开始请求 => URL[GET /api/system/getOssById/1856587340606836737],无参数
2025-10-22 14:56:46 [XNIO-1 task-13] INFO  c.r.f.i.PlusWebInvokeTimeInterceptor - [PLUS]结束请求 => URL[GET /api/system/getOssById/1856590784222695425],耗时:[23]毫秒
2025-10-22 14:56:46 [XNIO-1 task-13] INFO  c.r.f.i.PlusWebInvokeTimeInterceptor - [PLUS]开始请求 => URL[GET /api/system/getOssById/1856590784222695425],无参数
2025-10-22 14:56:46 [XNIO-1 task-12] INFO  c.r.f.i.PlusWebInvokeTimeInterceptor - [PLUS]结束请求 => URL[GET /api/system/getOssById/1856587340606836737],耗时:[22]毫秒
2025-10-22 14:56:46 [XNIO-1 task-12] INFO  c.r.f.i.PlusWebInvokeTimeInterceptor - [PLUS]开始请求 => URL[GET /api/system/getOssById/1856587340606836737],无参数
2025-10-22 14:56:46 [XNIO-1 task-13] INFO  c.r.f.i.PlusWebInvokeTimeInterceptor - [PLUS]结束请求 => URL[GET /api/system/getOssById/1856590784222695425],耗时:[20]毫秒
2025-10-22 14:56:46 [XNIO-1 task-13] INFO  c.r.f.i.PlusWebInvokeTimeInterceptor - [PLUS]开始请求 => URL[GET /api/system/getOssById/1856590784222695425],无参数
2025-10-22 14:56:46 [XNIO-1 task-12] INFO  c.r.f.i.PlusWebInvokeTimeInterceptor - [PLUS]结束请求 => URL[GET /api/system/getOssById/1856587340606836737],耗时:[19]毫秒
2025-10-22 14:56:46 [XNIO-1 task-13] INFO  c.r.f.i.PlusWebInvokeTimeInterceptor - [PLUS]结束请求 => URL[GET /api/system/getOssById/1856590784222695425],耗时:[21]毫秒
2025-10-22 14:56:46 [XNIO-1 task-13] INFO  c.r.f.i.PlusWebInvokeTimeInterceptor - [PLUS]开始请求 => URL[GET /api/system/getOssById/1856590784222695425],无参数
2025-10-22 14:56:46 [XNIO-1 task-13] INFO  c.r.f.i.PlusWebInvokeTimeInterceptor - [PLUS]结束请求 => URL[GET /api/system/getOssById/1856590784222695425],耗时:[22]毫秒
2025-10-22 14:56:46 [XNIO-1 task-13] INFO  c.r.f.i.PlusWebInvokeTimeInterceptor - [PLUS]开始请求 => URL[GET /api/system/getOssById/1856590784222695425],无参数
2025-10-22 14:56:46 [XNIO-1 task-13] INFO  c.r.f.i.PlusWebInvokeTimeInterceptor - [PLUS]结束请求 => URL[GET /api/system/getOssById/1856590784222695425],耗时:[25]毫秒
2025-10-22 14:56:51 [XNIO-1 task-13] INFO  c.r.f.i.PlusWebInvokeTimeInterceptor - [PLUS]开始请求 => URL[GET /business/chessPieces/list],参数类型[param],参数:[{"pageSize":["10"],"pageNum":["4"]}]
2025-10-22 14:56:51 [XNIO-1 task-13] INFO  c.r.f.i.PlusWebInvokeTimeInterceptor - [PLUS]结束请求 => URL[GET /business/chessPieces/list],耗时:[74]毫秒
2025-10-22 14:56:51 [XNIO-1 task-12] INFO  c.r.f.i.PlusWebInvokeTimeInterceptor - [PLUS]开始请求 => URL[GET /api/system/getOssById/1856588464395096066],无参数
2025-10-22 14:56:51 [XNIO-1 task-13] INFO  c.r.f.i.PlusWebInvokeTimeInterceptor - [PLUS]开始请求 => URL[GET /api/system/getOssById/1856588034873200641],无参数
2025-10-22 14:56:51 [XNIO-1 task-11] INFO  c.r.f.i.PlusWebInvokeTimeInterceptor - [PLUS]开始请求 => URL[GET /api/system/getOssById/1856588684893851649],无参数
2025-10-22 14:56:51 [XNIO-1 task-11] INFO  c.r.f.i.PlusWebInvokeTimeInterceptor - [PLUS]结束请求 => URL[GET /api/system/getOssById/1856588684893851649],耗时:[23]毫秒
2025-10-22 14:56:51 [XNIO-1 task-13] INFO  c.r.f.i.PlusWebInvokeTimeInterceptor - [PLUS]结束请求 => URL[GET /api/system/getOssById/1856588034873200641],耗时:[26]毫秒
2025-10-22 14:56:51 [XNIO-1 task-13] INFO  c.r.f.i.PlusWebInvokeTimeInterceptor - [PLUS]开始请求 => URL[GET /api/system/getOssById/1856588684893851649],无参数
2025-10-22 14:56:51 [XNIO-1 task-12] INFO  c.r.f.i.PlusWebInvokeTimeInterceptor - [PLUS]结束请求 => URL[GET /api/system/getOssById/1856588464395096066],耗时:[38]毫秒
2025-10-22 14:56:51 [XNIO-1 task-12] INFO  c.r.f.i.PlusWebInvokeTimeInterceptor - [PLUS]开始请求 => URL[GET /api/system/getOssById/1856588464395096066],无参数
2025-10-22 14:56:51 [XNIO-1 task-13] INFO  c.r.f.i.PlusWebInvokeTimeInterceptor - [PLUS]结束请求 => URL[GET /api/system/getOssById/1856588684893851649],耗时:[27]毫秒
2025-10-22 14:56:51 [XNIO-1 task-13] INFO  c.r.f.i.PlusWebInvokeTimeInterceptor - [PLUS]开始请求 => URL[GET /api/system/getOssById/1856588684893851649],无参数
2025-10-22 14:56:51 [XNIO-1 task-12] INFO  c.r.f.i.PlusWebInvokeTimeInterceptor - [PLUS]结束请求 => URL[GET /api/system/getOssById/1856588464395096066],耗时:[27]毫秒
2025-10-22 14:56:51 [XNIO-1 task-12] INFO  c.r.f.i.PlusWebInvokeTimeInterceptor - [PLUS]开始请求 => URL[GET /api/system/getOssById/1856588464395096066],无参数
2025-10-22 14:56:51 [XNIO-1 task-13] INFO  c.r.f.i.PlusWebInvokeTimeInterceptor - [PLUS]结束请求 => URL[GET /api/system/getOssById/1856588684893851649],耗时:[28]毫秒
2025-10-22 14:56:51 [XNIO-1 task-12] INFO  c.r.f.i.PlusWebInvokeTimeInterceptor - [PLUS]结束请求 => URL[GET /api/system/getOssById/1856588464395096066],耗时:[28]毫秒
2025-10-22 14:56:51 [XNIO-1 task-12] INFO  c.r.f.i.PlusWebInvokeTimeInterceptor - [PLUS]开始请求 => URL[GET /api/system/getOssById/1856588464395096066],无参数
2025-10-22 14:56:51 [XNIO-1 task-12] INFO  c.r.f.i.PlusWebInvokeTimeInterceptor - [PLUS]结束请求 => URL[GET /api/system/getOssById/1856588464395096066],耗时:[22]毫秒
2025-10-22 14:56:51 [XNIO-1 task-12] INFO  c.r.f.i.PlusWebInvokeTimeInterceptor - [PLUS]开始请求 => URL[GET /api/system/getOssById/1856588464395096066],无参数
2025-10-22 14:56:51 [XNIO-1 task-12] INFO  c.r.f.i.PlusWebInvokeTimeInterceptor - [PLUS]结束请求 => URL[GET /api/system/getOssById/1856588464395096066],耗时:[22]毫秒
2025-10-22 14:56:51 [XNIO-1 task-12] INFO  c.r.f.i.PlusWebInvokeTimeInterceptor - [PLUS]开始请求 => URL[GET /api/system/getOssById/1856588464395096066],无参数
2025-10-22 14:56:51 [XNIO-1 task-12] INFO  c.r.f.i.PlusWebInvokeTimeInterceptor - [PLUS]结束请求 => URL[GET /api/system/getOssById/1856588464395096066],耗时:[24]毫秒
2025-10-22 14:56:58 [XNIO-1 task-12] INFO  c.r.f.i.PlusWebInvokeTimeInterceptor - [PLUS]开始请求 => URL[GET /getInfo],无参数
2025-10-22 14:56:58 [XNIO-1 task-12] INFO  c.r.f.i.PlusWebInvokeTimeInterceptor - [PLUS]结束请求 => URL[GET /getInfo],耗时:[46]毫秒
2025-10-22 14:56:58 [XNIO-1 task-12] INFO  c.r.f.i.PlusWebInvokeTimeInterceptor - [PLUS]开始请求 => URL[GET /getRouters],无参数
2025-10-22 14:56:59 [XNIO-1 task-12] INFO  c.r.f.i.PlusWebInvokeTimeInterceptor - [PLUS]结束请求 => URL[GET /getRouters],耗时:[25]毫秒
2025-10-22 14:56:59 [XNIO-1 task-11] INFO  c.r.f.i.PlusWebInvokeTimeInterceptor - [PLUS]开始请求 => URL[GET /business/product/queryProductList],无参数
2025-10-22 14:56:59 [XNIO-1 task-13] INFO  c.r.f.i.PlusWebInvokeTimeInterceptor - [PLUS]开始请求 => URL[GET /business/chessPiecesCamp/queryChessPiecesCampList],无参数
2025-10-22 14:56:59 [XNIO-1 task-7] INFO  c.r.f.i.PlusWebInvokeTimeInterceptor - [PLUS]开始请求 => URL[GET /business/chessPieces/list],参数类型[param],参数:[{"pageSize":["10"],"pageNum":["1"]}]
2025-10-22 14:56:59 [XNIO-1 task-12] INFO  c.r.f.i.PlusWebInvokeTimeInterceptor - [PLUS]开始请求 => URL[GET /system/dict/data/type/action_type],无参数
2025-10-22 14:56:59 [XNIO-1 task-11] INFO  c.r.f.i.PlusWebInvokeTimeInterceptor - [PLUS]结束请求 => URL[GET /business/product/queryProductList],耗时:[21]毫秒
2025-10-22 14:56:59 [XNIO-1 task-12] INFO  c.r.f.i.PlusWebInvokeTimeInterceptor - [PLUS]结束请求 => URL[GET /system/dict/data/type/action_type],耗时:[22]毫秒
2025-10-22 14:56:59 [XNIO-1 task-13] INFO  c.r.f.i.PlusWebInvokeTimeInterceptor - [PLUS]结束请求 => URL[GET /business/chessPiecesCamp/queryChessPiecesCampList],耗时:[24]毫秒
2025-10-22 14:56:59 [XNIO-1 task-7] INFO  c.r.f.i.PlusWebInvokeTimeInterceptor - [PLUS]结束请求 => URL[GET /business/chessPieces/list],耗时:[57]毫秒
2025-10-22 14:56:59 [XNIO-1 task-7] INFO  c.r.f.i.PlusWebInvokeTimeInterceptor - [PLUS]开始请求 => URL[GET /api/system/getOssById/1856587777389072386],无参数
2025-10-22 14:56:59 [XNIO-1 task-13] INFO  c.r.f.i.PlusWebInvokeTimeInterceptor - [PLUS]开始请求 => URL[GET /api/system/getOssById/1856587777389072386],无参数
2025-10-22 14:56:59 [XNIO-1 task-6] INFO  c.r.f.i.PlusWebInvokeTimeInterceptor - [PLUS]开始请求 => URL[GET /api/system/getOssById/1856590815659003905],无参数
2025-10-22 14:56:59 [XNIO-1 task-11] INFO  c.r.f.i.PlusWebInvokeTimeInterceptor - [PLUS]开始请求 => URL[GET /api/system/getOssById/1856587777389072386],无参数
2025-10-22 14:56:59 [XNIO-1 task-12] INFO  c.r.f.i.PlusWebInvokeTimeInterceptor - [PLUS]开始请求 => URL[GET /api/system/getOssById/1856587777389072386],无参数
2025-10-22 14:56:59 [XNIO-1 task-5] INFO  c.r.f.i.PlusWebInvokeTimeInterceptor - [PLUS]开始请求 => URL[GET /api/system/getOssById/1856590815659003905],无参数
2025-10-22 14:56:59 [XNIO-1 task-7] INFO  c.r.f.i.PlusWebInvokeTimeInterceptor - [PLUS]结束请求 => URL[GET /api/system/getOssById/1856587777389072386],耗时:[27]毫秒
2025-10-22 14:56:59 [XNIO-1 task-11] INFO  c.r.f.i.PlusWebInvokeTimeInterceptor - [PLUS]结束请求 => URL[GET /api/system/getOssById/1856587777389072386],耗时:[27]毫秒
2025-10-22 14:56:59 [XNIO-1 task-13] INFO  c.r.f.i.PlusWebInvokeTimeInterceptor - [PLUS]结束请求 => URL[GET /api/system/getOssById/1856587777389072386],耗时:[27]毫秒
2025-10-22 14:56:59 [XNIO-1 task-5] INFO  c.r.f.i.PlusWebInvokeTimeInterceptor - [PLUS]结束请求 => URL[GET /api/system/getOssById/1856590815659003905],耗时:[27]毫秒
2025-10-22 14:56:59 [XNIO-1 task-6] INFO  c.r.f.i.PlusWebInvokeTimeInterceptor - [PLUS]结束请求 => URL[GET /api/system/getOssById/1856590815659003905],耗时:[29]毫秒
2025-10-22 14:56:59 [XNIO-1 task-12] INFO  c.r.f.i.PlusWebInvokeTimeInterceptor - [PLUS]结束请求 => URL[GET /api/system/getOssById/1856587777389072386],耗时:[29]毫秒
2025-10-22 14:56:59 [XNIO-1 task-12] INFO  c.r.f.i.PlusWebInvokeTimeInterceptor - [PLUS]开始请求 => URL[GET /api/system/getOssById/1856590846159982594],无参数
2025-10-22 14:56:59 [XNIO-1 task-13] INFO  c.r.f.i.PlusWebInvokeTimeInterceptor - [PLUS]开始请求 => URL[GET /api/system/getOssById/1856590846159982594],无参数
2025-10-22 14:56:59 [XNIO-1 task-6] INFO  c.r.f.i.PlusWebInvokeTimeInterceptor - [PLUS]开始请求 => URL[GET /api/system/getOssById/1856590846159982594],无参数
2025-10-22 14:56:59 [XNIO-1 task-5] INFO  c.r.f.i.PlusWebInvokeTimeInterceptor - [PLUS]开始请求 => URL[GET /api/system/getOssById/1856587777389072386],无参数
2025-10-22 14:56:59 [XNIO-1 task-6] INFO  c.r.f.i.PlusWebInvokeTimeInterceptor - [PLUS]结束请求 => URL[GET /api/system/getOssById/1856590846159982594],耗时:[24]毫秒
2025-10-22 14:56:59 [XNIO-1 task-12] INFO  c.r.f.i.PlusWebInvokeTimeInterceptor - [PLUS]结束请求 => URL[GET /api/system/getOssById/1856590846159982594],耗时:[24]毫秒
2025-10-22 14:56:59 [XNIO-1 task-13] INFO  c.r.f.i.PlusWebInvokeTimeInterceptor - [PLUS]结束请求 => URL[GET /api/system/getOssById/1856590846159982594],耗时:[24]毫秒
2025-10-22 14:56:59 [XNIO-1 task-5] INFO  c.r.f.i.PlusWebInvokeTimeInterceptor - [PLUS]结束请求 => URL[GET /api/system/getOssById/1856587777389072386],耗时:[24]毫秒
2025-10-22 14:57:10 [XNIO-1 task-5] INFO  c.r.f.i.PlusWebInvokeTimeInterceptor - [PLUS]开始请求 => URL[GET /business/chessPieces/list],参数类型[param],参数:[{"pageSize":["10"],"pageNum":["2"]}]
2025-10-22 14:57:11 [XNIO-1 task-5] INFO  c.r.f.i.PlusWebInvokeTimeInterceptor - [PLUS]结束请求 => URL[GET /business/chessPieces/list],耗时:[105]毫秒
2025-10-22 14:57:11 [XNIO-1 task-13] INFO  c.r.f.i.PlusWebInvokeTimeInterceptor - [PLUS]开始请求 => URL[GET /api/system/getOssById/1856590784222695425],无参数
2025-10-22 14:57:11 [XNIO-1 task-7] INFO  c.r.f.i.PlusWebInvokeTimeInterceptor - [PLUS]开始请求 => URL[GET /api/system/getOssById/1856590784222695425],无参数
2025-10-22 14:57:11 [XNIO-1 task-11] INFO  c.r.f.i.PlusWebInvokeTimeInterceptor - [PLUS]开始请求 => URL[GET /api/system/getOssById/1856587340606836737],无参数
2025-10-22 14:57:11 [XNIO-1 task-5] INFO  c.r.f.i.PlusWebInvokeTimeInterceptor - [PLUS]开始请求 => URL[GET /api/system/getOssById/1856587340606836737],无参数
2025-10-22 14:57:11 [XNIO-1 task-12] INFO  c.r.f.i.PlusWebInvokeTimeInterceptor - [PLUS]开始请求 => URL[GET /api/system/getOssById/1856590784222695425],无参数
2025-10-22 14:57:11 [XNIO-1 task-6] INFO  c.r.f.i.PlusWebInvokeTimeInterceptor - [PLUS]开始请求 => URL[GET /api/system/getOssById/1856590784222695425],无参数
2025-10-22 14:57:11 [XNIO-1 task-5] INFO  c.r.f.i.PlusWebInvokeTimeInterceptor - [PLUS]结束请求 => URL[GET /api/system/getOssById/1856587340606836737],耗时:[22]毫秒
2025-10-22 14:57:11 [XNIO-1 task-7] INFO  c.r.f.i.PlusWebInvokeTimeInterceptor - [PLUS]结束请求 => URL[GET /api/system/getOssById/1856590784222695425],耗时:[23]毫秒
2025-10-22 14:57:11 [XNIO-1 task-13] INFO  c.r.f.i.PlusWebInvokeTimeInterceptor - [PLUS]结束请求 => URL[GET /api/system/getOssById/1856590784222695425],耗时:[25]毫秒
2025-10-22 14:57:11 [XNIO-1 task-11] INFO  c.r.f.i.PlusWebInvokeTimeInterceptor - [PLUS]结束请求 => URL[GET /api/system/getOssById/1856587340606836737],耗时:[25]毫秒
2025-10-22 14:57:11 [XNIO-1 task-12] INFO  c.r.f.i.PlusWebInvokeTimeInterceptor - [PLUS]结束请求 => URL[GET /api/system/getOssById/1856590784222695425],耗时:[25]毫秒
2025-10-22 14:57:11 [XNIO-1 task-6] INFO  c.r.f.i.PlusWebInvokeTimeInterceptor - [PLUS]结束请求 => URL[GET /api/system/getOssById/1856590784222695425],耗时:[24]毫秒
2025-10-22 14:57:11 [XNIO-1 task-12] INFO  c.r.f.i.PlusWebInvokeTimeInterceptor - [PLUS]开始请求 => URL[GET /api/system/getOssById/1856587340606836737],无参数
2025-10-22 14:57:11 [XNIO-1 task-6] INFO  c.r.f.i.PlusWebInvokeTimeInterceptor - [PLUS]开始请求 => URL[GET /api/system/getOssById/1856590784222695425],无参数
2025-10-22 14:57:11 [XNIO-1 task-13] INFO  c.r.f.i.PlusWebInvokeTimeInterceptor - [PLUS]开始请求 => URL[GET /api/system/getOssById/1856587340606836737],无参数
2025-10-22 14:57:11 [XNIO-1 task-11] INFO  c.r.f.i.PlusWebInvokeTimeInterceptor - [PLUS]开始请求 => URL[GET /api/system/getOssById/1856590784222695425],无参数
2025-10-22 14:57:11 [XNIO-1 task-6] INFO  c.r.f.i.PlusWebInvokeTimeInterceptor - [PLUS]结束请求 => URL[GET /api/system/getOssById/1856590784222695425],耗时:[34]毫秒
2025-10-22 14:57:11 [XNIO-1 task-12] INFO  c.r.f.i.PlusWebInvokeTimeInterceptor - [PLUS]结束请求 => URL[GET /api/system/getOssById/1856587340606836737],耗时:[41]毫秒
2025-10-22 14:57:11 [XNIO-1 task-13] INFO  c.r.f.i.PlusWebInvokeTimeInterceptor - [PLUS]结束请求 => URL[GET /api/system/getOssById/1856587340606836737],耗时:[38]毫秒
2025-10-22 14:57:11 [XNIO-1 task-11] INFO  c.r.f.i.PlusWebInvokeTimeInterceptor - [PLUS]结束请求 => URL[GET /api/system/getOssById/1856590784222695425],耗时:[38]毫秒
2025-10-22 14:57:12 [XNIO-1 task-11] INFO  c.r.f.i.PlusWebInvokeTimeInterceptor - [PLUS]开始请求 => URL[GET /business/chessPieces/list],参数类型[param],参数:[{"pageSize":["10"],"pageNum":["1"]}]
2025-10-22 14:57:12 [XNIO-1 task-11] INFO  c.r.f.i.PlusWebInvokeTimeInterceptor - [PLUS]结束请求 => URL[GET /business/chessPieces/list],耗时:[66]毫秒
2025-10-22 14:57:12 [XNIO-1 task-5] INFO  c.r.f.i.PlusWebInvokeTimeInterceptor - [PLUS]开始请求 => URL[GET /api/system/getOssById/1856587777389072386],无参数
2025-10-22 14:57:12 [XNIO-1 task-7] INFO  c.r.f.i.PlusWebInvokeTimeInterceptor - [PLUS]开始请求 => URL[GET /api/system/getOssById/1856590815659003905],无参数
2025-10-22 14:57:12 [XNIO-1 task-6] INFO  c.r.f.i.PlusWebInvokeTimeInterceptor - [PLUS]开始请求 => URL[GET /api/system/getOssById/1856587777389072386],无参数
2025-10-22 14:57:12 [XNIO-1 task-11] INFO  c.r.f.i.PlusWebInvokeTimeInterceptor - [PLUS]开始请求 => URL[GET /api/system/getOssById/1856587777389072386],无参数
2025-10-22 14:57:12 [XNIO-1 task-13] INFO  c.r.f.i.PlusWebInvokeTimeInterceptor - [PLUS]开始请求 => URL[GET /api/system/getOssById/1856587777389072386],无参数
2025-10-22 14:57:12 [XNIO-1 task-12] INFO  c.r.f.i.PlusWebInvokeTimeInterceptor - [PLUS]开始请求 => URL[GET /api/system/getOssById/1856587777389072386],无参数
2025-10-22 14:57:12 [XNIO-1 task-5] INFO  c.r.f.i.PlusWebInvokeTimeInterceptor - [PLUS]结束请求 => URL[GET /api/system/getOssById/1856587777389072386],耗时:[25]毫秒
2025-10-22 14:57:12 [XNIO-1 task-13] INFO  c.r.f.i.PlusWebInvokeTimeInterceptor - [PLUS]结束请求 => URL[GET /api/system/getOssById/1856587777389072386],耗时:[25]毫秒
2025-10-22 14:57:12 [XNIO-1 task-11] INFO  c.r.f.i.PlusWebInvokeTimeInterceptor - [PLUS]结束请求 => URL[GET /api/system/getOssById/1856587777389072386],耗时:[27]毫秒
2025-10-22 14:57:12 [XNIO-1 task-7] INFO  c.r.f.i.PlusWebInvokeTimeInterceptor - [PLUS]结束请求 => URL[GET /api/system/getOssById/1856590815659003905],耗时:[28]毫秒
2025-10-22 14:57:12 [XNIO-1 task-6] INFO  c.r.f.i.PlusWebInvokeTimeInterceptor - [PLUS]结束请求 => URL[GET /api/system/getOssById/1856587777389072386],耗时:[28]毫秒
2025-10-22 14:57:12 [XNIO-1 task-12] INFO  c.r.f.i.PlusWebInvokeTimeInterceptor - [PLUS]结束请求 => URL[GET /api/system/getOssById/1856587777389072386],耗时:[28]毫秒
2025-10-22 14:57:12 [XNIO-1 task-12] INFO  c.r.f.i.PlusWebInvokeTimeInterceptor - [PLUS]开始请求 => URL[GET /api/system/getOssById/1856590815659003905],无参数
2025-10-22 14:57:12 [XNIO-1 task-7] INFO  c.r.f.i.PlusWebInvokeTimeInterceptor - [PLUS]开始请求 => URL[GET /api/system/getOssById/1856590846159982594],无参数
2025-10-22 14:57:12 [XNIO-1 task-11] INFO  c.r.f.i.PlusWebInvokeTimeInterceptor - [PLUS]开始请求 => URL[GET /api/system/getOssById/1856590846159982594],无参数
2025-10-22 14:57:12 [XNIO-1 task-6] INFO  c.r.f.i.PlusWebInvokeTimeInterceptor - [PLUS]开始请求 => URL[GET /api/system/getOssById/1856590846159982594],无参数
2025-10-22 14:57:12 [XNIO-1 task-12] INFO  c.r.f.i.PlusWebInvokeTimeInterceptor - [PLUS]结束请求 => URL[GET /api/system/getOssById/1856590815659003905],耗时:[22]毫秒
2025-10-22 14:57:12 [XNIO-1 task-7] INFO  c.r.f.i.PlusWebInvokeTimeInterceptor - [PLUS]结束请求 => URL[GET /api/system/getOssById/1856590846159982594],耗时:[23]毫秒
2025-10-22 14:57:12 [XNIO-1 task-6] INFO  c.r.f.i.PlusWebInvokeTimeInterceptor - [PLUS]结束请求 => URL[GET /api/system/getOssById/1856590846159982594],耗时:[22]毫秒
2025-10-22 14:57:12 [XNIO-1 task-11] INFO  c.r.f.i.PlusWebInvokeTimeInterceptor - [PLUS]结束请求 => URL[GET /api/system/getOssById/1856590846159982594],耗时:[22]毫秒
2025-10-22 14:57:20 [XNIO-1 task-5] INFO  c.r.f.i.PlusWebInvokeTimeInterceptor - [PLUS]开始请求 => URL[GET /business/product/list],参数类型[param],参数:[{"pageSize":["10"],"pageNum":["1"]}]
2025-10-22 14:57:20 [XNIO-1 task-13] INFO  c.r.f.i.PlusWebInvokeTimeInterceptor - [PLUS]开始请求 => URL[GET /system/dict/data/type/verdict_type],无参数
2025-10-22 14:57:20 [XNIO-1 task-12] INFO  c.r.f.i.PlusWebInvokeTimeInterceptor - [PLUS]开始请求 => URL[GET /system/dict/data/type/subject_type],无参数
2025-10-22 14:57:20 [XNIO-1 task-7] INFO  c.r.f.i.PlusWebInvokeTimeInterceptor - [PLUS]开始请求 => URL[GET /system/dict/data/type/level_type],无参数
2025-10-22 14:57:20 [XNIO-1 task-11] INFO  c.r.f.i.PlusWebInvokeTimeInterceptor - [PLUS]开始请求 => URL[GET /system/dict/data/type/mode_type],无参数
2025-10-22 14:57:20 [XNIO-1 task-6] INFO  c.r.f.i.PlusWebInvokeTimeInterceptor - [PLUS]开始请求 => URL[GET /system/dict/data/type/shelf_flag],无参数
2025-10-22 14:57:20 [XNIO-1 task-6] INFO  c.r.f.i.PlusWebInvokeTimeInterceptor - [PLUS]结束请求 => URL[GET /system/dict/data/type/shelf_flag],耗时:[28]毫秒
2025-10-22 14:57:20 [XNIO-1 task-11] INFO  c.r.f.i.PlusWebInvokeTimeInterceptor - [PLUS]结束请求 => URL[GET /system/dict/data/type/mode_type],耗时:[28]毫秒
2025-10-22 14:57:20 [XNIO-1 task-12] INFO  c.r.f.i.PlusWebInvokeTimeInterceptor - [PLUS]结束请求 => URL[GET /system/dict/data/type/subject_type],耗时:[28]毫秒
2025-10-22 14:57:20 [XNIO-1 task-7] INFO  c.r.f.i.PlusWebInvokeTimeInterceptor - [PLUS]结束请求 => URL[GET /system/dict/data/type/level_type],耗时:[29]毫秒
2025-10-22 14:57:20 [XNIO-1 task-13] INFO  c.r.f.i.PlusWebInvokeTimeInterceptor - [PLUS]结束请求 => URL[GET /system/dict/data/type/verdict_type],耗时:[32]毫秒
2025-10-22 14:57:20 [XNIO-1 task-13] INFO  c.r.f.i.PlusWebInvokeTimeInterceptor - [PLUS]开始请求 => URL[GET /business/scenario/queryScenarioList],无参数
2025-10-22 14:57:20 [XNIO-1 task-7] INFO  c.r.f.i.PlusWebInvokeTimeInterceptor - [PLUS]开始请求 => URL[GET /business/chessPieces/queryChessPiecesList],无参数
2025-10-22 14:57:20 [XNIO-1 task-13] INFO  c.r.f.i.PlusWebInvokeTimeInterceptor - [PLUS]结束请求 => URL[GET /business/scenario/queryScenarioList],耗时:[28]毫秒
2025-10-22 14:57:20 [XNIO-1 task-5] INFO  c.r.f.i.PlusWebInvokeTimeInterceptor - [PLUS]结束请求 => URL[GET /business/product/list],耗时:[73]毫秒
2025-10-22 14:57:20 [XNIO-1 task-7] INFO  c.r.f.i.PlusWebInvokeTimeInterceptor - [PLUS]结束请求 => URL[GET /business/chessPieces/queryChessPiecesList],耗时:[57]毫秒
2025-10-22 14:57:32 [XNIO-1 task-7] INFO  c.r.f.i.PlusWebInvokeTimeInterceptor - [PLUS]开始请求 => URL[GET /getInfo],无参数
2025-10-22 14:57:32 [XNIO-1 task-7] INFO  c.r.f.i.PlusWebInvokeTimeInterceptor - [PLUS]结束请求 => URL[GET /getInfo],耗时:[47]毫秒
2025-10-22 14:57:32 [XNIO-1 task-7] INFO  c.r.f.i.PlusWebInvokeTimeInterceptor - [PLUS]开始请求 => URL[GET /getRouters],无参数
2025-10-22 14:57:32 [XNIO-1 task-7] INFO  c.r.f.i.PlusWebInvokeTimeInterceptor - [PLUS]结束请求 => URL[GET /getRouters],耗时:[27]毫秒
2025-10-22 14:57:32 [XNIO-1 task-6] INFO  c.r.f.i.PlusWebInvokeTimeInterceptor - [PLUS]开始请求 => URL[GET /business/chessPiecesCamp/queryChessPiecesCampList],无参数
2025-10-22 14:57:32 [XNIO-1 task-5] INFO  c.r.f.i.PlusWebInvokeTimeInterceptor - [PLUS]开始请求 => URL[GET /business/chessPieces/list],参数类型[param],参数:[{"pageSize":["10"],"pageNum":["1"]}]
2025-10-22 14:57:32 [XNIO-1 task-13] INFO  c.r.f.i.PlusWebInvokeTimeInterceptor - [PLUS]开始请求 => URL[GET /business/product/queryProductList],无参数
2025-10-22 14:57:32 [XNIO-1 task-7] INFO  c.r.f.i.PlusWebInvokeTimeInterceptor - [PLUS]开始请求 => URL[GET /system/dict/data/type/action_type],无参数
2025-10-22 14:57:32 [XNIO-1 task-7] INFO  c.r.f.i.PlusWebInvokeTimeInterceptor - [PLUS]结束请求 => URL[GET /system/dict/data/type/action_type],耗时:[21]毫秒
2025-10-22 14:57:32 [XNIO-1 task-13] INFO  c.r.f.i.PlusWebInvokeTimeInterceptor - [PLUS]结束请求 => URL[GET /business/product/queryProductList],耗时:[25]毫秒
2025-10-22 14:57:32 [XNIO-1 task-6] INFO  c.r.f.i.PlusWebInvokeTimeInterceptor - [PLUS]结束请求 => URL[GET /business/chessPiecesCamp/queryChessPiecesCampList],耗时:[25]毫秒
2025-10-22 14:57:32 [XNIO-1 task-5] INFO  c.r.f.i.PlusWebInvokeTimeInterceptor - [PLUS]结束请求 => URL[GET /business/chessPieces/list],耗时:[61]毫秒
2025-10-22 14:57:32 [XNIO-1 task-6] INFO  c.r.f.i.PlusWebInvokeTimeInterceptor - [PLUS]开始请求 => URL[GET /api/system/getOssById/1856587777389072386],无参数
2025-10-22 14:57:32 [XNIO-1 task-5] INFO  c.r.f.i.PlusWebInvokeTimeInterceptor - [PLUS]开始请求 => URL[GET /api/system/getOssById/1856587777389072386],无参数
2025-10-22 14:57:32 [XNIO-1 task-11] INFO  c.r.f.i.PlusWebInvokeTimeInterceptor - [PLUS]开始请求 => URL[GET /api/system/getOssById/1856587777389072386],无参数
2025-10-22 14:57:32 [XNIO-1 task-13] INFO  c.r.f.i.PlusWebInvokeTimeInterceptor - [PLUS]开始请求 => URL[GET /api/system/getOssById/1856587777389072386],无参数
2025-10-22 14:57:32 [XNIO-1 task-7] INFO  c.r.f.i.PlusWebInvokeTimeInterceptor - [PLUS]开始请求 => URL[GET /api/system/getOssById/1856590815659003905],无参数
2025-10-22 14:57:32 [XNIO-1 task-12] INFO  c.r.f.i.PlusWebInvokeTimeInterceptor - [PLUS]开始请求 => URL[GET /api/system/getOssById/1856587777389072386],无参数
2025-10-22 14:57:32 [XNIO-1 task-7] INFO  c.r.f.i.PlusWebInvokeTimeInterceptor - [PLUS]结束请求 => URL[GET /api/system/getOssById/1856590815659003905],耗时:[26]毫秒
2025-10-22 14:57:32 [XNIO-1 task-12] INFO  c.r.f.i.PlusWebInvokeTimeInterceptor - [PLUS]结束请求 => URL[GET /api/system/getOssById/1856587777389072386],耗时:[28]毫秒
2025-10-22 14:57:32 [XNIO-1 task-11] INFO  c.r.f.i.PlusWebInvokeTimeInterceptor - [PLUS]结束请求 => URL[GET /api/system/getOssById/1856587777389072386],耗时:[28]毫秒
2025-10-22 14:57:32 [XNIO-1 task-5] INFO  c.r.f.i.PlusWebInvokeTimeInterceptor - [PLUS]结束请求 => URL[GET /api/system/getOssById/1856587777389072386],耗时:[30]毫秒
2025-10-22 14:57:32 [XNIO-1 task-6] INFO  c.r.f.i.PlusWebInvokeTimeInterceptor - [PLUS]结束请求 => URL[GET /api/system/getOssById/1856587777389072386],耗时:[30]毫秒
2025-10-22 14:57:32 [XNIO-1 task-13] INFO  c.r.f.i.PlusWebInvokeTimeInterceptor - [PLUS]结束请求 => URL[GET /api/system/getOssById/1856587777389072386],耗时:[28]毫秒
2025-10-22 14:57:32 [XNIO-1 task-6] INFO  c.r.f.i.PlusWebInvokeTimeInterceptor - [PLUS]开始请求 => URL[GET /api/system/getOssById/1856590815659003905],无参数
2025-10-22 14:57:32 [XNIO-1 task-13] INFO  c.r.f.i.PlusWebInvokeTimeInterceptor - [PLUS]开始请求 => URL[GET /api/system/getOssById/1856590846159982594],无参数
2025-10-22 14:57:32 [XNIO-1 task-5] INFO  c.r.f.i.PlusWebInvokeTimeInterceptor - [PLUS]开始请求 => URL[GET /api/system/getOssById/1856590846159982594],无参数
2025-10-22 14:57:32 [XNIO-1 task-11] INFO  c.r.f.i.PlusWebInvokeTimeInterceptor - [PLUS]开始请求 => URL[GET /api/system/getOssById/1856590846159982594],无参数
2025-10-22 14:57:32 [XNIO-1 task-11] INFO  c.r.f.i.PlusWebInvokeTimeInterceptor - [PLUS]结束请求 => URL[GET /api/system/getOssById/1856590846159982594],耗时:[29]毫秒
2025-10-22 14:57:32 [XNIO-1 task-5] INFO  c.r.f.i.PlusWebInvokeTimeInterceptor - [PLUS]结束请求 => URL[GET /api/system/getOssById/1856590846159982594],耗时:[29]毫秒
2025-10-22 14:57:32 [XNIO-1 task-6] INFO  c.r.f.i.PlusWebInvokeTimeInterceptor - [PLUS]结束请求 => URL[GET /api/system/getOssById/1856590815659003905],耗时:[29]毫秒
2025-10-22 14:57:32 [XNIO-1 task-13] INFO  c.r.f.i.PlusWebInvokeTimeInterceptor - [PLUS]结束请求 => URL[GET /api/system/getOssById/1856590846159982594],耗时:[29]毫秒
2025-10-22 14:57:35 [XNIO-1 task-13] INFO  c.r.f.i.PlusWebInvokeTimeInterceptor - [PLUS]开始请求 => URL[GET /business/chessPieces/list],参数类型[param],参数:[{"pageSize":["10"],"pageNum":["32"]}]
2025-10-22 14:57:35 [XNIO-1 task-13] INFO  c.r.f.i.PlusWebInvokeTimeInterceptor - [PLUS]结束请求 => URL[GET /business/chessPieces/list],耗时:[68]毫秒
2025-10-22 14:57:35 [XNIO-1 task-5] INFO  c.r.f.i.PlusWebInvokeTimeInterceptor - [PLUS]开始请求 => URL[GET /api/system/getOssById/1856589427889639426],无参数
2025-10-22 14:57:35 [XNIO-1 task-13] INFO  c.r.f.i.PlusWebInvokeTimeInterceptor - [PLUS]开始请求 => URL[GET /api/system/getOssById/1856589427889639426],无参数
2025-10-22 14:57:35 [XNIO-1 task-6] INFO  c.r.f.i.PlusWebInvokeTimeInterceptor - [PLUS]开始请求 => URL[GET /api/system/getOssById/1856589427889639426],无参数
2025-10-22 14:57:35 [XNIO-1 task-13] INFO  c.r.f.i.PlusWebInvokeTimeInterceptor - [PLUS]结束请求 => URL[GET /api/system/getOssById/1856589427889639426],耗时:[25]毫秒
2025-10-22 14:57:35 [XNIO-1 task-6] INFO  c.r.f.i.PlusWebInvokeTimeInterceptor - [PLUS]结束请求 => URL[GET /api/system/getOssById/1856589427889639426],耗时:[25]毫秒
2025-10-22 14:57:35 [XNIO-1 task-5] INFO  c.r.f.i.PlusWebInvokeTimeInterceptor - [PLUS]结束请求 => URL[GET /api/system/getOssById/1856589427889639426],耗时:[25]毫秒
2025-10-22 14:57:36 [XNIO-1 task-6] INFO  c.r.f.i.PlusWebInvokeTimeInterceptor - [PLUS]开始请求 => URL[GET /business/chessPieces/list],参数类型[param],参数:[{"pageSize":["10"],"pageNum":["28"]}]
2025-10-22 14:57:36 [XNIO-1 task-6] INFO  c.r.f.i.PlusWebInvokeTimeInterceptor - [PLUS]结束请求 => URL[GET /business/chessPieces/list],耗时:[68]毫秒
2025-10-22 14:57:36 [XNIO-1 task-11] INFO  c.r.f.i.PlusWebInvokeTimeInterceptor - [PLUS]开始请求 => URL[GET /api/system/getOssById/1856589095558156289],无参数
2025-10-22 14:57:36 [XNIO-1 task-5] INFO  c.r.f.i.PlusWebInvokeTimeInterceptor - [PLUS]开始请求 => URL[GET /api/system/getOssById/1856589095558156289],无参数
2025-10-22 14:57:36 [XNIO-1 task-13] INFO  c.r.f.i.PlusWebInvokeTimeInterceptor - [PLUS]开始请求 => URL[GET /api/system/getOssById/1856589095558156289],无参数
2025-10-22 14:57:36 [XNIO-1 task-6] INFO  c.r.f.i.PlusWebInvokeTimeInterceptor - [PLUS]开始请求 => URL[GET /api/system/getOssById/1856589427889639426],无参数
2025-10-22 14:57:36 [XNIO-1 task-7] INFO  c.r.f.i.PlusWebInvokeTimeInterceptor - [PLUS]开始请求 => URL[GET /api/system/getOssById/1856589095558156289],无参数
2025-10-22 14:57:36 [XNIO-1 task-12] INFO  c.r.f.i.PlusWebInvokeTimeInterceptor - [PLUS]开始请求 => URL[GET /api/system/getOssById/1856589095558156289],无参数
2025-10-22 14:57:36 [XNIO-1 task-6] INFO  c.r.f.i.PlusWebInvokeTimeInterceptor - [PLUS]结束请求 => URL[GET /api/system/getOssById/1856589427889639426],耗时:[23]毫秒
2025-10-22 14:57:36 [XNIO-1 task-6] INFO  c.r.f.i.PlusWebInvokeTimeInterceptor - [PLUS]开始请求 => URL[GET /api/system/getOssById/1856589427889639426],无参数
2025-10-22 14:57:36 [XNIO-1 task-5] INFO  c.r.f.i.PlusWebInvokeTimeInterceptor - [PLUS]结束请求 => URL[GET /api/system/getOssById/1856589095558156289],耗时:[37]毫秒
2025-10-22 14:57:36 [XNIO-1 task-12] INFO  c.r.f.i.PlusWebInvokeTimeInterceptor - [PLUS]结束请求 => URL[GET /api/system/getOssById/1856589095558156289],耗时:[37]毫秒
2025-10-22 14:57:36 [XNIO-1 task-7] INFO  c.r.f.i.PlusWebInvokeTimeInterceptor - [PLUS]结束请求 => URL[GET /api/system/getOssById/1856589095558156289],耗时:[39]毫秒
2025-10-22 14:57:36 [XNIO-1 task-11] INFO  c.r.f.i.PlusWebInvokeTimeInterceptor - [PLUS]结束请求 => URL[GET /api/system/getOssById/1856589095558156289],耗时:[39]毫秒
2025-10-22 14:57:36 [XNIO-1 task-13] INFO  c.r.f.i.PlusWebInvokeTimeInterceptor - [PLUS]结束请求 => URL[GET /api/system/getOssById/1856589095558156289],耗时:[39]毫秒
2025-10-22 14:57:36 [XNIO-1 task-11] INFO  c.r.f.i.PlusWebInvokeTimeInterceptor - [PLUS]开始请求 => URL[GET /api/system/getOssById/1856589095558156289],无参数
2025-10-22 14:57:36 [XNIO-1 task-13] INFO  c.r.f.i.PlusWebInvokeTimeInterceptor - [PLUS]开始请求 => URL[GET /api/system/getOssById/1856589095558156289],无参数
2025-10-22 14:57:36 [XNIO-1 task-7] INFO  c.r.f.i.PlusWebInvokeTimeInterceptor - [PLUS]开始请求 => URL[GET /api/system/getOssById/1856589095558156289],无参数
2025-10-22 14:57:36 [XNIO-1 task-6] INFO  c.r.f.i.PlusWebInvokeTimeInterceptor - [PLUS]结束请求 => URL[GET /api/system/getOssById/1856589427889639426],耗时:[31]毫秒
2025-10-22 14:57:36 [XNIO-1 task-7] INFO  c.r.f.i.PlusWebInvokeTimeInterceptor - [PLUS]结束请求 => URL[GET /api/system/getOssById/1856589095558156289],耗时:[27]毫秒
2025-10-22 14:57:36 [XNIO-1 task-13] INFO  c.r.f.i.PlusWebInvokeTimeInterceptor - [PLUS]结束请求 => URL[GET /api/system/getOssById/1856589095558156289],耗时:[28]毫秒
2025-10-22 14:57:36 [XNIO-1 task-11] INFO  c.r.f.i.PlusWebInvokeTimeInterceptor - [PLUS]结束请求 => URL[GET /api/system/getOssById/1856589095558156289],耗时:[28]毫秒
2025-10-22 14:57:38 [XNIO-1 task-11] INFO  c.r.f.i.PlusWebInvokeTimeInterceptor - [PLUS]开始请求 => URL[GET /business/chessPieces/list],参数类型[param],参数:[{"pageSize":["10"],"pageNum":["26"]}]
2025-10-22 14:57:38 [XNIO-1 task-11] INFO  c.r.f.i.PlusWebInvokeTimeInterceptor - [PLUS]结束请求 => URL[GET /business/chessPieces/list],耗时:[69]毫秒
2025-10-22 14:57:38 [XNIO-1 task-12] INFO  c.r.f.i.PlusWebInvokeTimeInterceptor - [PLUS]开始请求 => URL[GET /api/system/getOssById/1856589095558156289],无参数
2025-10-22 14:57:38 [XNIO-1 task-11] INFO  c.r.f.i.PlusWebInvokeTimeInterceptor - [PLUS]开始请求 => URL[GET /api/system/getOssById/1856589095558156289],无参数
2025-10-22 14:57:38 [XNIO-1 task-6] INFO  c.r.f.i.PlusWebInvokeTimeInterceptor - [PLUS]开始请求 => URL[GET /api/system/getOssById/1856590244013117442],无参数
2025-10-22 14:57:38 [XNIO-1 task-5] INFO  c.r.f.i.PlusWebInvokeTimeInterceptor - [PLUS]开始请求 => URL[GET /api/system/getOssById/1856590244013117442],无参数
2025-10-22 14:57:38 [XNIO-1 task-13] INFO  c.r.f.i.PlusWebInvokeTimeInterceptor - [PLUS]开始请求 => URL[GET /api/system/getOssById/1856590244013117442],无参数
2025-10-22 14:57:38 [XNIO-1 task-7] INFO  c.r.f.i.PlusWebInvokeTimeInterceptor - [PLUS]开始请求 => URL[GET /api/system/getOssById/1856590244013117442],无参数
2025-10-22 14:57:38 [XNIO-1 task-12] INFO  c.r.f.i.PlusWebInvokeTimeInterceptor - [PLUS]结束请求 => URL[GET /api/system/getOssById/1856589095558156289],耗时:[44]毫秒
2025-10-22 14:57:38 [XNIO-1 task-11] INFO  c.r.f.i.PlusWebInvokeTimeInterceptor - [PLUS]结束请求 => URL[GET /api/system/getOssById/1856589095558156289],耗时:[44]毫秒
2025-10-22 14:57:38 [XNIO-1 task-11] INFO  c.r.f.i.PlusWebInvokeTimeInterceptor - [PLUS]开始请求 => URL[GET /api/system/getOssById/1856590244013117442],无参数
2025-10-22 14:57:38 [XNIO-1 task-12] INFO  c.r.f.i.PlusWebInvokeTimeInterceptor - [PLUS]开始请求 => URL[GET /api/system/getOssById/1856590244013117442],无参数
2025-10-22 14:57:38 [XNIO-1 task-7] INFO  c.r.f.i.PlusWebInvokeTimeInterceptor - [PLUS]结束请求 => URL[GET /api/system/getOssById/1856590244013117442],耗时:[51]毫秒
2025-10-22 14:57:38 [XNIO-1 task-7] INFO  c.r.f.i.PlusWebInvokeTimeInterceptor - [PLUS]开始请求 => URL[GET /api/system/getOssById/1856590244013117442],无参数
2025-10-22 14:57:38 [XNIO-1 task-6] INFO  c.r.f.i.PlusWebInvokeTimeInterceptor - [PLUS]结束请求 => URL[GET /api/system/getOssById/1856590244013117442],耗时:[57]毫秒
2025-10-22 14:57:38 [XNIO-1 task-13] INFO  c.r.f.i.PlusWebInvokeTimeInterceptor - [PLUS]结束请求 => URL[GET /api/system/getOssById/1856590244013117442],耗时:[57]毫秒
2025-10-22 14:57:38 [XNIO-1 task-13] INFO  c.r.f.i.PlusWebInvokeTimeInterceptor - [PLUS]开始请求 => URL[GET /api/system/getOssById/1856590244013117442],无参数
2025-10-22 14:57:38 [XNIO-1 task-5] INFO  c.r.f.i.PlusWebInvokeTimeInterceptor - [PLUS]结束请求 => URL[GET /api/system/getOssById/1856590244013117442],耗时:[60]毫秒
2025-10-22 14:57:38 [XNIO-1 task-11] INFO  c.r.f.i.PlusWebInvokeTimeInterceptor - [PLUS]结束请求 => URL[GET /api/system/getOssById/1856590244013117442],耗时:[27]毫秒
2025-10-22 14:57:38 [XNIO-1 task-12] INFO  c.r.f.i.PlusWebInvokeTimeInterceptor - [PLUS]结束请求 => URL[GET /api/system/getOssById/1856590244013117442],耗时:[27]毫秒
2025-10-22 14:57:38 [XNIO-1 task-7] INFO  c.r.f.i.PlusWebInvokeTimeInterceptor - [PLUS]结束请求 => URL[GET /api/system/getOssById/1856590244013117442],耗时:[23]毫秒
2025-10-22 14:57:38 [XNIO-1 task-13] INFO  c.r.f.i.PlusWebInvokeTimeInterceptor - [PLUS]结束请求 => URL[GET /api/system/getOssById/1856590244013117442],耗时:[23]毫秒
2025-10-22 14:57:40 [XNIO-1 task-13] INFO  c.r.f.i.PlusWebInvokeTimeInterceptor - [PLUS]开始请求 => URL[GET /business/chessPieces/list],参数类型[param],参数:[{"pageSize":["10"],"pageNum":["24"]}]
2025-10-22 14:57:40 [XNIO-1 task-13] INFO  c.r.f.i.PlusWebInvokeTimeInterceptor - [PLUS]结束请求 => URL[GET /business/chessPieces/list],耗时:[69]毫秒
2025-10-22 14:57:40 [XNIO-1 task-12] INFO  c.r.f.i.PlusWebInvokeTimeInterceptor - [PLUS]开始请求 => URL[GET /api/system/getOssById/1856590244013117442],无参数
2025-10-22 14:57:40 [XNIO-1 task-11] INFO  c.r.f.i.PlusWebInvokeTimeInterceptor - [PLUS]开始请求 => URL[GET /api/system/getOssById/1856590244013117442],无参数
2025-10-22 14:57:40 [XNIO-1 task-6] INFO  c.r.f.i.PlusWebInvokeTimeInterceptor - [PLUS]开始请求 => URL[GET /api/system/getOssById/1856590244013117442],无参数
2025-10-22 14:57:40 [XNIO-1 task-5] INFO  c.r.f.i.PlusWebInvokeTimeInterceptor - [PLUS]开始请求 => URL[GET /api/system/getOssById/1856590244013117442],无参数
2025-10-22 14:57:40 [XNIO-1 task-7] INFO  c.r.f.i.PlusWebInvokeTimeInterceptor - [PLUS]开始请求 => URL[GET /api/system/getOssById/1856590244013117442],无参数
2025-10-22 14:57:40 [XNIO-1 task-13] INFO  c.r.f.i.PlusWebInvokeTimeInterceptor - [PLUS]开始请求 => URL[GET /api/system/getOssById/1856590244013117442],无参数
2025-10-22 14:57:40 [XNIO-1 task-11] INFO  c.r.f.i.PlusWebInvokeTimeInterceptor - [PLUS]结束请求 => URL[GET /api/system/getOssById/1856590244013117442],耗时:[24]毫秒
2025-10-22 14:57:40 [XNIO-1 task-6] INFO  c.r.f.i.PlusWebInvokeTimeInterceptor - [PLUS]结束请求 => URL[GET /api/system/getOssById/1856590244013117442],耗时:[24]毫秒
2025-10-22 14:57:40 [XNIO-1 task-13] INFO  c.r.f.i.PlusWebInvokeTimeInterceptor - [PLUS]结束请求 => URL[GET /api/system/getOssById/1856590244013117442],耗时:[29]毫秒
2025-10-22 14:57:40 [XNIO-1 task-5] INFO  c.r.f.i.PlusWebInvokeTimeInterceptor - [PLUS]结束请求 => URL[GET /api/system/getOssById/1856590244013117442],耗时:[29]毫秒
2025-10-22 14:57:40 [XNIO-1 task-7] INFO  c.r.f.i.PlusWebInvokeTimeInterceptor - [PLUS]结束请求 => URL[GET /api/system/getOssById/1856590244013117442],耗时:[29]毫秒
2025-10-22 14:57:40 [XNIO-1 task-12] INFO  c.r.f.i.PlusWebInvokeTimeInterceptor - [PLUS]结束请求 => URL[GET /api/system/getOssById/1856590244013117442],耗时:[29]毫秒
2025-10-22 14:57:40 [XNIO-1 task-12] INFO  c.r.f.i.PlusWebInvokeTimeInterceptor - [PLUS]开始请求 => URL[GET /api/system/getOssById/1856590244013117442],无参数
2025-10-22 14:57:40 [XNIO-1 task-7] INFO  c.r.f.i.PlusWebInvokeTimeInterceptor - [PLUS]开始请求 => URL[GET /api/system/getOssById/1856590244013117442],无参数
2025-10-22 14:57:40 [XNIO-1 task-13] INFO  c.r.f.i.PlusWebInvokeTimeInterceptor - [PLUS]开始请求 => URL[GET /api/system/getOssById/1856590244013117442],无参数
2025-10-22 14:57:40 [XNIO-1 task-5] INFO  c.r.f.i.PlusWebInvokeTimeInterceptor - [PLUS]开始请求 => URL[GET /api/system/getOssById/1856590244013117442],无参数
2025-10-22 14:57:40 [XNIO-1 task-12] INFO  c.r.f.i.PlusWebInvokeTimeInterceptor - [PLUS]结束请求 => URL[GET /api/system/getOssById/1856590244013117442],耗时:[36]毫秒
2025-10-22 14:57:40 [XNIO-1 task-7] INFO  c.r.f.i.PlusWebInvokeTimeInterceptor - [PLUS]结束请求 => URL[GET /api/system/getOssById/1856590244013117442],耗时:[36]毫秒
2025-10-22 14:57:40 [XNIO-1 task-5] INFO  c.r.f.i.PlusWebInvokeTimeInterceptor - [PLUS]结束请求 => URL[GET /api/system/getOssById/1856590244013117442],耗时:[35]毫秒
2025-10-22 14:57:40 [XNIO-1 task-13] INFO  c.r.f.i.PlusWebInvokeTimeInterceptor - [PLUS]结束请求 => URL[GET /api/system/getOssById/1856590244013117442],耗时:[35]毫秒
2025-10-22 14:57:42 [XNIO-1 task-13] INFO  c.r.f.i.PlusWebInvokeTimeInterceptor - [PLUS]开始请求 => URL[GET /business/chessPieces/list],参数类型[param],参数:[{"pageSize":["10"],"pageNum":["22"]}]
2025-10-22 14:57:42 [XNIO-1 task-13] INFO  c.r.f.i.PlusWebInvokeTimeInterceptor - [PLUS]结束请求 => URL[GET /business/chessPieces/list],耗时:[69]毫秒
2025-10-22 14:57:42 [XNIO-1 task-5] INFO  c.r.f.i.PlusWebInvokeTimeInterceptor - [PLUS]开始请求 => URL[GET /api/system/getOssById/1856590581763641345],无参数
2025-10-22 14:57:42 [XNIO-1 task-13] INFO  c.r.f.i.PlusWebInvokeTimeInterceptor - [PLUS]开始请求 => URL[GET /api/system/getOssById/1856590581763641345],无参数
2025-10-22 14:57:42 [XNIO-1 task-12] INFO  c.r.f.i.PlusWebInvokeTimeInterceptor - [PLUS]开始请求 => URL[GET /api/system/getOssById/1856590581763641345],无参数
2025-10-22 14:57:42 [XNIO-1 task-7] INFO  c.r.f.i.PlusWebInvokeTimeInterceptor - [PLUS]开始请求 => URL[GET /api/system/getOssById/1856590581763641345],无参数
2025-10-22 14:57:42 [XNIO-1 task-6] INFO  c.r.f.i.PlusWebInvokeTimeInterceptor - [PLUS]开始请求 => URL[GET /api/system/getOssById/1856590581763641345],无参数
2025-10-22 14:57:42 [XNIO-1 task-11] INFO  c.r.f.i.PlusWebInvokeTimeInterceptor - [PLUS]开始请求 => URL[GET /api/system/getOssById/1856590648268525569],无参数
2025-10-22 14:57:42 [XNIO-1 task-13] INFO  c.r.f.i.PlusWebInvokeTimeInterceptor - [PLUS]结束请求 => URL[GET /api/system/getOssById/1856590581763641345],耗时:[40]毫秒
2025-10-22 14:57:42 [XNIO-1 task-5] INFO  c.r.f.i.PlusWebInvokeTimeInterceptor - [PLUS]结束请求 => URL[GET /api/system/getOssById/1856590581763641345],耗时:[43]毫秒
2025-10-22 14:57:42 [XNIO-1 task-7] INFO  c.r.f.i.PlusWebInvokeTimeInterceptor - [PLUS]结束请求 => URL[GET /api/system/getOssById/1856590581763641345],耗时:[42]毫秒
2025-10-22 14:57:42 [XNIO-1 task-12] INFO  c.r.f.i.PlusWebInvokeTimeInterceptor - [PLUS]结束请求 => URL[GET /api/system/getOssById/1856590581763641345],耗时:[43]毫秒
2025-10-22 14:57:42 [XNIO-1 task-12] INFO  c.r.f.i.PlusWebInvokeTimeInterceptor - [PLUS]开始请求 => URL[GET /api/system/getOssById/1856590648268525569],无参数
2025-10-22 14:57:42 [XNIO-1 task-11] INFO  c.r.f.i.PlusWebInvokeTimeInterceptor - [PLUS]结束请求 => URL[GET /api/system/getOssById/1856590648268525569],耗时:[46]毫秒
2025-10-22 14:57:42 [XNIO-1 task-5] INFO  c.r.f.i.PlusWebInvokeTimeInterceptor - [PLUS]开始请求 => URL[GET /api/system/getOssById/1856590648268525569],无参数
2025-10-22 14:57:42 [XNIO-1 task-11] INFO  c.r.f.i.PlusWebInvokeTimeInterceptor - [PLUS]开始请求 => URL[GET /api/system/getOssById/1856590614898642946],无参数
2025-10-22 14:57:42 [XNIO-1 task-7] INFO  c.r.f.i.PlusWebInvokeTimeInterceptor - [PLUS]开始请求 => URL[GET /api/system/getOssById/1856590614898642946],无参数
2025-10-22 14:57:42 [XNIO-1 task-12] INFO  c.r.f.i.PlusWebInvokeTimeInterceptor - [PLUS]结束请求 => URL[GET /api/system/getOssById/1856590648268525569],耗时:[26]毫秒
2025-10-22 14:57:42 [XNIO-1 task-5] INFO  c.r.f.i.PlusWebInvokeTimeInterceptor - [PLUS]结束请求 => URL[GET /api/system/getOssById/1856590648268525569],耗时:[24]毫秒
2025-10-22 14:57:42 [XNIO-1 task-7] INFO  c.r.f.i.PlusWebInvokeTimeInterceptor - [PLUS]结束请求 => URL[GET /api/system/getOssById/1856590614898642946],耗时:[30]毫秒
2025-10-22 14:57:42 [XNIO-1 task-11] INFO  c.r.f.i.PlusWebInvokeTimeInterceptor - [PLUS]结束请求 => URL[GET /api/system/getOssById/1856590614898642946],耗时:[33]毫秒
2025-10-22 14:57:42 [XNIO-1 task-6] INFO  c.r.f.i.PlusWebInvokeTimeInterceptor - [PLUS]结束请求 => URL[GET /api/system/getOssById/1856590581763641345],耗时:[98]毫秒
2025-10-22 14:57:47 [XNIO-1 task-6] INFO  c.r.f.i.PlusWebInvokeTimeInterceptor - [PLUS]开始请求 => URL[GET /business/arbiterMapLegend/list],参数类型[param],参数:[{"pageSize":["10"],"pageNum":["1"]}]
2025-10-22 14:57:47 [XNIO-1 task-6] INFO  c.r.f.i.PlusWebInvokeTimeInterceptor - [PLUS]结束请求 => URL[GET /business/arbiterMapLegend/list],耗时:[61]毫秒
2025-10-22 14:57:49 [XNIO-1 task-6] INFO  c.r.f.i.PlusWebInvokeTimeInterceptor - [PLUS]开始请求 => URL[GET /business/product/queryProductList],无参数
2025-10-22 14:57:49 [XNIO-1 task-11] INFO  c.r.f.i.PlusWebInvokeTimeInterceptor - [PLUS]开始请求 => URL[GET /business/arbiterMap/list],参数类型[param],参数:[{"pageSize":["10"],"pageNum":["1"]}]
2025-10-22 14:57:49 [XNIO-1 task-6] INFO  c.r.f.i.PlusWebInvokeTimeInterceptor - [PLUS]结束请求 => URL[GET /business/product/queryProductList],耗时:[29]毫秒
2025-10-22 14:57:49 [XNIO-1 task-11] INFO  c.r.f.i.PlusWebInvokeTimeInterceptor - [PLUS]结束请求 => URL[GET /business/arbiterMap/list],耗时:[65]毫秒
2025-10-22 14:57:52 [XNIO-1 task-11] INFO  c.r.f.i.PlusWebInvokeTimeInterceptor - [PLUS]开始请求 => URL[GET /business/arbiterMapRoad/list],参数类型[param],参数:[{"pageSize":["10"],"pageNum":["1"]}]
2025-10-22 14:57:52 [XNIO-1 task-11] INFO  c.r.f.i.PlusWebInvokeTimeInterceptor - [PLUS]结束请求 => URL[GET /business/arbiterMapRoad/list],耗时:[60]毫秒
2025-10-22 14:57:54 [XNIO-1 task-6] INFO  c.r.f.i.PlusWebInvokeTimeInterceptor - [PLUS]开始请求 => URL[GET /system/dict/data/type/level_type],无参数
2025-10-22 14:57:54 [XNIO-1 task-12] INFO  c.r.f.i.PlusWebInvokeTimeInterceptor - [PLUS]开始请求 => URL[GET /system/dict/data/type/verdict_type],无参数
2025-10-22 14:57:54 [XNIO-1 task-7] INFO  c.r.f.i.PlusWebInvokeTimeInterceptor - [PLUS]开始请求 => URL[GET /system/dict/data/type/shelf_flag],无参数
2025-10-22 14:57:54 [XNIO-1 task-11] INFO  c.r.f.i.PlusWebInvokeTimeInterceptor - [PLUS]开始请求 => URL[GET /system/dict/data/type/mode_type],无参数
2025-10-22 14:57:54 [XNIO-1 task-13] INFO  c.r.f.i.PlusWebInvokeTimeInterceptor - [PLUS]开始请求 => URL[GET /business/product/list],参数类型[param],参数:[{"pageSize":["10"],"pageNum":["1"]}]
2025-10-22 14:57:54 [XNIO-1 task-5] INFO  c.r.f.i.PlusWebInvokeTimeInterceptor - [PLUS]开始请求 => URL[GET /system/dict/data/type/subject_type],无参数
2025-10-22 14:57:54 [XNIO-1 task-12] INFO  c.r.f.i.PlusWebInvokeTimeInterceptor - [PLUS]结束请求 => URL[GET /system/dict/data/type/verdict_type],耗时:[27]毫秒
2025-10-22 14:57:54 [XNIO-1 task-5] INFO  c.r.f.i.PlusWebInvokeTimeInterceptor - [PLUS]结束请求 => URL[GET /system/dict/data/type/subject_type],耗时:[28]毫秒
2025-10-22 14:57:54 [XNIO-1 task-11] INFO  c.r.f.i.PlusWebInvokeTimeInterceptor - [PLUS]结束请求 => URL[GET /system/dict/data/type/mode_type],耗时:[28]毫秒
2025-10-22 14:57:54 [XNIO-1 task-6] INFO  c.r.f.i.PlusWebInvokeTimeInterceptor - [PLUS]结束请求 => URL[GET /system/dict/data/type/level_type],耗时:[28]毫秒
2025-10-22 14:57:54 [XNIO-1 task-7] INFO  c.r.f.i.PlusWebInvokeTimeInterceptor - [PLUS]结束请求 => URL[GET /system/dict/data/type/shelf_flag],耗时:[28]毫秒
2025-10-22 14:57:54 [XNIO-1 task-7] INFO  c.r.f.i.PlusWebInvokeTimeInterceptor - [PLUS]开始请求 => URL[GET /business/chessPieces/queryChessPiecesList],无参数
2025-10-22 14:57:54 [XNIO-1 task-6] INFO  c.r.f.i.PlusWebInvokeTimeInterceptor - [PLUS]开始请求 => URL[GET /business/scenario/queryScenarioList],无参数
2025-10-22 14:57:54 [XNIO-1 task-6] INFO  c.r.f.i.PlusWebInvokeTimeInterceptor - [PLUS]结束请求 => URL[GET /business/scenario/queryScenarioList],耗时:[29]毫秒
2025-10-22 14:57:54 [XNIO-1 task-13] INFO  c.r.f.i.PlusWebInvokeTimeInterceptor - [PLUS]结束请求 => URL[GET /business/product/list],耗时:[65]毫秒
2025-10-22 14:57:55 [XNIO-1 task-7] INFO  c.r.f.i.PlusWebInvokeTimeInterceptor - [PLUS]结束请求 => URL[GET /business/chessPieces/queryChessPiecesList],耗时:[55]毫秒
2025-10-22 14:57:56 [XNIO-1 task-7] INFO  c.r.f.i.PlusWebInvokeTimeInterceptor - [PLUS]开始请求 => URL[GET /business/arbiterMapRiver/list],参数类型[param],参数:[{"pageSize":["10"],"pageNum":["1"]}]
2025-10-22 14:57:56 [XNIO-1 task-7] INFO  c.r.f.i.PlusWebInvokeTimeInterceptor - [PLUS]结束请求 => URL[GET /business/arbiterMapRiver/list],耗时:[65]毫秒
2025-10-22 14:57:59 [XNIO-1 task-7] INFO  c.r.f.i.PlusWebInvokeTimeInterceptor - [PLUS]开始请求 => URL[GET /business/user/list],参数类型[param],参数:[{"pageSize":["10"],"pageNum":["1"]}]
2025-10-22 14:57:59 [XNIO-1 task-13] INFO  c.r.f.i.PlusWebInvokeTimeInterceptor - [PLUS]开始请求 => URL[GET /system/dict/data/type/biz_permission],无参数
2025-10-22 14:57:59 [XNIO-1 task-13] INFO  c.r.f.i.PlusWebInvokeTimeInterceptor - [PLUS]结束请求 => URL[GET /system/dict/data/type/biz_permission],耗时:[24]毫秒
2025-10-22 14:57:59 [XNIO-1 task-7] INFO  c.r.f.i.PlusWebInvokeTimeInterceptor - [PLUS]结束请求 => URL[GET /business/user/list],耗时:[63]毫秒
2025-10-22 15:02:13 [XNIO-1 task-7] INFO  c.r.f.i.PlusWebInvokeTimeInterceptor - [PLUS]开始请求 => URL[GET /business/arbiterMapLegend/list],参数类型[param],参数:[{"pageSize":["10"],"pageNum":["2"]}]
2025-10-22 15:02:13 [XNIO-1 task-7] INFO  c.r.f.i.PlusWebInvokeTimeInterceptor - [PLUS]结束请求 => URL[GET /business/arbiterMapLegend/list],耗时:[85]毫秒
2025-10-22 15:02:14 [XNIO-1 task-7] INFO  c.r.f.i.PlusWebInvokeTimeInterceptor - [PLUS]开始请求 => URL[GET /business/arbiterMapLegend/list],参数类型[param],参数:[{"pageSize":["10"],"pageNum":["1"]}]
2025-10-22 15:02:14 [XNIO-1 task-7] INFO  c.r.f.i.PlusWebInvokeTimeInterceptor - [PLUS]结束请求 => URL[GET /business/arbiterMapLegend/list],耗时:[67]毫秒
2025-10-22 15:05:34 [XNIO-1 task-7] INFO  c.r.f.i.PlusWebInvokeTimeInterceptor - [PLUS]开始请求 => URL[POST /business/arbiterMapRiver],参数类型[json],参数:[{"arbiterMapId":"190823828414312","name":"无","color":"#73D323"}]
2025-10-22 15:05:34 [XNIO-1 task-7] ERROR c.r.f.w.e.GlobalExceptionHandler - Validation failed for argument [0] in public com.ruoyi.common.core.domain.R<java.lang.Void> com.ruoyi.business.controller.BizArbiterMapRiverController.add(com.ruoyi.business.domain.bo.BizArbiterMapRiverBo): [Field error in object 'bizArbiterMapRiverBo' on field 'bridgeFlag': rejected value [null]; codes [NotBlank.bizArbiterMapRiverBo.bridgeFlag,NotBlank.bridgeFlag,NotBlank.java.lang.String,NotBlank]; arguments [org.springframework.context.support.DefaultMessageSourceResolvable: codes [bizArbiterMapRiverBo.bridgeFlag,bridgeFlag]; arguments []; default message [bridgeFlag]]; default message [是不是桥 0否 1是不能为空]] 
2025-10-22 15:05:34 [XNIO-1 task-7] INFO  c.r.f.i.PlusWebInvokeTimeInterceptor - [PLUS]结束请求 => URL[POST /business/arbiterMapRiver],耗时:[140]毫秒
2025-10-22 15:06:56 [XNIO-1 task-7] INFO  c.r.f.i.PlusWebInvokeTimeInterceptor - [PLUS]开始请求 => URL[POST /business/arbiterMapRiver],参数类型[json],参数:[{"arbiterMapId":"0","name":"432","color":"#954812"}]
2025-10-22 15:06:56 [XNIO-1 task-7] ERROR c.r.f.w.e.GlobalExceptionHandler - Validation failed for argument [0] in public com.ruoyi.common.core.domain.R<java.lang.Void> com.ruoyi.business.controller.BizArbiterMapRiverController.add(com.ruoyi.business.domain.bo.BizArbiterMapRiverBo): [Field error in object 'bizArbiterMapRiverBo' on field 'bridgeFlag': rejected value [null]; codes [NotBlank.bizArbiterMapRiverBo.bridgeFlag,NotBlank.bridgeFlag,NotBlank.java.lang.String,NotBlank]; arguments [org.springframework.context.support.DefaultMessageSourceResolvable: codes [bizArbiterMapRiverBo.bridgeFlag,bridgeFlag]; arguments []; default message [bridgeFlag]]; default message [是不是桥 0否 1是不能为空]] 
2025-10-22 15:06:56 [XNIO-1 task-7] INFO  c.r.f.i.PlusWebInvokeTimeInterceptor - [PLUS]结束请求 => URL[POST /business/arbiterMapRiver],耗时:[55]毫秒
2025-10-22 15:08:23 [XNIO-1 task-7] INFO  c.r.f.i.PlusWebInvokeTimeInterceptor - [PLUS]开始请求 => URL[GET /business/arbiterMapRiver/list],参数类型[param],参数:[{"pageSize":["10"],"pageNum":["1"]}]
2025-10-22 15:08:24 [XNIO-1 task-7] INFO  c.r.f.i.PlusWebInvokeTimeInterceptor - [PLUS]结束请求 => URL[GET /business/arbiterMapRiver/list],耗时:[76]毫秒
2025-10-22 15:08:24 [XNIO-1 task-7] INFO  c.r.f.i.PlusWebInvokeTimeInterceptor - [PLUS]开始请求 => URL[GET /business/arbiterMapRiver/list],参数类型[param],参数:[{"pageSize":["10"],"pageNum":["1"]}]
2025-10-22 15:08:24 [XNIO-1 task-7] INFO  c.r.f.i.PlusWebInvokeTimeInterceptor - [PLUS]结束请求 => URL[GET /business/arbiterMapRiver/list],耗时:[67]毫秒
2025-10-22 15:08:24 [XNIO-1 task-7] INFO  c.r.f.i.PlusWebInvokeTimeInterceptor - [PLUS]开始请求 => URL[GET /business/arbiterMapRiver/list],参数类型[param],参数:[{"pageSize":["10"],"pageNum":["1"]}]
2025-10-22 15:08:24 [XNIO-1 task-7] INFO  c.r.f.i.PlusWebInvokeTimeInterceptor - [PLUS]结束请求 => URL[GET /business/arbiterMapRiver/list],耗时:[61]毫秒
2025-10-22 15:08:24 [XNIO-1 task-7] INFO  c.r.f.i.PlusWebInvokeTimeInterceptor - [PLUS]开始请求 => URL[GET /business/arbiterMapRiver/list],参数类型[param],参数:[{"pageSize":["10"],"pageNum":["1"]}]
2025-10-22 15:08:24 [XNIO-1 task-7] INFO  c.r.f.i.PlusWebInvokeTimeInterceptor - [PLUS]结束请求 => URL[GET /business/arbiterMapRiver/list],耗时:[55]毫秒
2025-10-22 15:08:40 [XNIO-1 task-7] INFO  c.r.f.i.PlusWebInvokeTimeInterceptor - [PLUS]开始请求 => URL[POST /business/arbiterMapRiver],参数类型[json],参数:[{"arbiterMapId":"0","name":"3232","color":"#326121"}]
2025-10-22 15:08:40 [XNIO-1 task-7] ERROR c.r.f.w.e.GlobalExceptionHandler - Validation failed for argument [0] in public com.ruoyi.common.core.domain.R<java.lang.Void> com.ruoyi.business.controller.BizArbiterMapRiverController.add(com.ruoyi.business.domain.bo.BizArbiterMapRiverBo): [Field error in object 'bizArbiterMapRiverBo' on field 'bridgeFlag': rejected value [null]; codes [NotBlank.bizArbiterMapRiverBo.bridgeFlag,NotBlank.bridgeFlag,NotBlank.java.lang.String,NotBlank]; arguments [org.springframework.context.support.DefaultMessageSourceResolvable: codes [bizArbiterMapRiverBo.bridgeFlag,bridgeFlag]; arguments []; default message [bridgeFlag]]; default message [是不是桥 0否 1是不能为空]] 
2025-10-22 15:08:40 [XNIO-1 task-7] INFO  c.r.f.i.PlusWebInvokeTimeInterceptor - [PLUS]结束请求 => URL[POST /business/arbiterMapRiver],耗时:[60]毫秒
2025-10-22 15:08:45 [XNIO-1 task-7] INFO  c.r.f.i.PlusWebInvokeTimeInterceptor - [PLUS]开始请求 => URL[POST /business/arbiterMapRiver],参数类型[json],参数:[{"arbiterMapId":"0","name":"3232","color":"#326121"}]
2025-10-22 15:08:45 [XNIO-1 task-7] ERROR c.r.f.w.e.GlobalExceptionHandler - Validation failed for argument [0] in public com.ruoyi.common.core.domain.R<java.lang.Void> com.ruoyi.business.controller.BizArbiterMapRiverController.add(com.ruoyi.business.domain.bo.BizArbiterMapRiverBo): [Field error in object 'bizArbiterMapRiverBo' on field 'bridgeFlag': rejected value [null]; codes [NotBlank.bizArbiterMapRiverBo.bridgeFlag,NotBlank.bridgeFlag,NotBlank.java.lang.String,NotBlank]; arguments [org.springframework.context.support.DefaultMessageSourceResolvable: codes [bizArbiterMapRiverBo.bridgeFlag,bridgeFlag]; arguments []; default message [bridgeFlag]]; default message [是不是桥 0否 1是不能为空]] 
2025-10-22 15:08:45 [XNIO-1 task-7] INFO  c.r.f.i.PlusWebInvokeTimeInterceptor - [PLUS]结束请求 => URL[POST /business/arbiterMapRiver],耗时:[54]毫秒
2025-10-22 15:09:11 [XNIO-1 task-7] INFO  c.r.f.i.PlusWebInvokeTimeInterceptor - [PLUS]开始请求 => URL[GET /getInfo],无参数
2025-10-22 15:09:11 [XNIO-1 task-7] INFO  c.r.f.i.PlusWebInvokeTimeInterceptor - [PLUS]结束请求 => URL[GET /getInfo],耗时:[45]毫秒
2025-10-22 15:09:11 [XNIO-1 task-7] INFO  c.r.f.i.PlusWebInvokeTimeInterceptor - [PLUS]开始请求 => URL[GET /getRouters],无参数
2025-10-22 15:09:11 [XNIO-1 task-7] INFO  c.r.f.i.PlusWebInvokeTimeInterceptor - [PLUS]结束请求 => URL[GET /getRouters],耗时:[28]毫秒
2025-10-22 15:09:11 [XNIO-1 task-7] INFO  c.r.f.i.PlusWebInvokeTimeInterceptor - [PLUS]开始请求 => URL[GET /business/arbiterMapRiver/list],参数类型[param],参数:[{"pageSize":["10"],"pageNum":["1"]}]
2025-10-22 15:09:11 [XNIO-1 task-7] INFO  c.r.f.i.PlusWebInvokeTimeInterceptor - [PLUS]结束请求 => URL[GET /business/arbiterMapRiver/list],耗时:[55]毫秒
2025-10-22 15:09:23 [XNIO-1 task-7] INFO  c.r.f.i.PlusWebInvokeTimeInterceptor - [PLUS]开始请求 => URL[POST /business/arbiterMapRiver],参数类型[json],参数:[{"arbiterMapId":"0","name":"332","color":"#326121"}]
2025-10-22 15:09:23 [XNIO-1 task-7] ERROR c.r.f.w.e.GlobalExceptionHandler - Validation failed for argument [0] in public com.ruoyi.common.core.domain.R<java.lang.Void> com.ruoyi.business.controller.BizArbiterMapRiverController.add(com.ruoyi.business.domain.bo.BizArbiterMapRiverBo): [Field error in object 'bizArbiterMapRiverBo' on field 'bridgeFlag': rejected value [null]; codes [NotBlank.bizArbiterMapRiverBo.bridgeFlag,NotBlank.bridgeFlag,NotBlank.java.lang.String,NotBlank]; arguments [org.springframework.context.support.DefaultMessageSourceResolvable: codes [bizArbiterMapRiverBo.bridgeFlag,bridgeFlag]; arguments []; default message [bridgeFlag]]; default message [是不是桥 0否 1是不能为空]] 
2025-10-22 15:09:23 [XNIO-1 task-7] INFO  c.r.f.i.PlusWebInvokeTimeInterceptor - [PLUS]结束请求 => URL[POST /business/arbiterMapRiver],耗时:[52]毫秒
2025-10-22 15:09:30 [XNIO-1 task-7] INFO  c.r.f.i.PlusWebInvokeTimeInterceptor - [PLUS]开始请求 => URL[POST /business/arbiterMapRiver],参数类型[json],参数:[{"arbiterMapId":"0","name":"332","color":"#326121"}]
2025-10-22 15:09:30 [XNIO-1 task-7] ERROR c.r.f.w.e.GlobalExceptionHandler - Validation failed for argument [0] in public com.ruoyi.common.core.domain.R<java.lang.Void> com.ruoyi.business.controller.BizArbiterMapRiverController.add(com.ruoyi.business.domain.bo.BizArbiterMapRiverBo): [Field error in object 'bizArbiterMapRiverBo' on field 'bridgeFlag': rejected value [null]; codes [NotBlank.bizArbiterMapRiverBo.bridgeFlag,NotBlank.bridgeFlag,NotBlank.java.lang.String,NotBlank]; arguments [org.springframework.context.support.DefaultMessageSourceResolvable: codes [bizArbiterMapRiverBo.bridgeFlag,bridgeFlag]; arguments []; default message [bridgeFlag]]; default message [是不是桥 0否 1是不能为空]] 
2025-10-22 15:09:30 [XNIO-1 task-7] INFO  c.r.f.i.PlusWebInvokeTimeInterceptor - [PLUS]结束请求 => URL[POST /business/arbiterMapRiver],耗时:[52]毫秒
2025-10-22 15:19:52 [XNIO-1 task-7] INFO  c.r.f.i.PlusWebInvokeTimeInterceptor - [PLUS]开始请求 => URL[POST /business/arbiterMapRiver],参数类型[json],参数:[{"arbiterMapId":"0","name":"323","color":"#68756D"}]
2025-10-22 15:19:52 [XNIO-1 task-7] ERROR c.r.f.w.e.GlobalExceptionHandler - Validation failed for argument [0] in public com.ruoyi.common.core.domain.R<java.lang.Void> com.ruoyi.business.controller.BizArbiterMapRiverController.add(com.ruoyi.business.domain.bo.BizArbiterMapRiverBo): [Field error in object 'bizArbiterMapRiverBo' on field 'bridgeFlag': rejected value [null]; codes [NotBlank.bizArbiterMapRiverBo.bridgeFlag,NotBlank.bridgeFlag,NotBlank.java.lang.String,NotBlank]; arguments [org.springframework.context.support.DefaultMessageSourceResolvable: codes [bizArbiterMapRiverBo.bridgeFlag,bridgeFlag]; arguments []; default message [bridgeFlag]]; default message [是不是桥 0否 1是不能为空]] 
2025-10-22 15:19:52 [XNIO-1 task-7] INFO  c.r.f.i.PlusWebInvokeTimeInterceptor - [PLUS]结束请求 => URL[POST /business/arbiterMapRiver],耗时:[59]毫秒
2025-10-22 15:23:23 [XNIO-1 task-7] INFO  c.r.f.i.PlusWebInvokeTimeInterceptor - [PLUS]开始请求 => URL[POST /business/arbiterMapRiver],参数类型[json],参数:[{"arbiterMapId":"0","name":"323","color":"#68756D"}]
2025-10-22 15:23:23 [XNIO-1 task-7] ERROR c.r.f.w.e.GlobalExceptionHandler - Validation failed for argument [0] in public com.ruoyi.common.core.domain.R<java.lang.Void> com.ruoyi.business.controller.BizArbiterMapRiverController.add(com.ruoyi.business.domain.bo.BizArbiterMapRiverBo): [Field error in object 'bizArbiterMapRiverBo' on field 'bridgeFlag': rejected value [null]; codes [NotBlank.bizArbiterMapRiverBo.bridgeFlag,NotBlank.bridgeFlag,NotBlank.java.lang.String,NotBlank]; arguments [org.springframework.context.support.DefaultMessageSourceResolvable: codes [bizArbiterMapRiverBo.bridgeFlag,bridgeFlag]; arguments []; default message [bridgeFlag]]; default message [是不是桥 0否 1是不能为空]] 
2025-10-22 15:23:23 [XNIO-1 task-7] INFO  c.r.f.i.PlusWebInvokeTimeInterceptor - [PLUS]结束请求 => URL[POST /business/arbiterMapRiver],耗时:[62]毫秒
2025-10-22 15:23:25 [XNIO-1 task-7] INFO  c.r.f.i.PlusWebInvokeTimeInterceptor - [PLUS]开始请求 => URL[GET /business/arbiterMapRoad/list],参数类型[param],参数:[{"pageSize":["10"],"pageNum":["1"]}]
2025-10-22 15:23:25 [XNIO-1 task-7] INFO  c.r.f.i.PlusWebInvokeTimeInterceptor - [PLUS]结束请求 => URL[GET /business/arbiterMapRoad/list],耗时:[76]毫秒
2025-10-22 15:25:15 [XNIO-1 task-7] INFO  c.r.f.i.PlusWebInvokeTimeInterceptor - [PLUS]开始请求 => URL[GET /business/arbiterMapLegend/list],参数类型[param],参数:[{"pageSize":["10"],"pageNum":["1"]}]
2025-10-22 15:25:15 [XNIO-1 task-7] INFO  c.r.f.i.PlusWebInvokeTimeInterceptor - [PLUS]结束请求 => URL[GET /business/arbiterMapLegend/list],耗时:[87]毫秒
2025-10-22 15:27:50 [XNIO-1 task-13] INFO  c.r.f.i.PlusWebInvokeTimeInterceptor - [PLUS]开始请求 => URL[GET /business/product/queryProductList],无参数
2025-10-22 15:27:50 [XNIO-1 task-7] INFO  c.r.f.i.PlusWebInvokeTimeInterceptor - [PLUS]开始请求 => URL[GET /business/arbiterMap/list],参数类型[param],参数:[{"pageSize":["10"],"pageNum":["1"]}]
2025-10-22 15:27:50 [XNIO-1 task-13] INFO  c.r.f.i.PlusWebInvokeTimeInterceptor - [PLUS]结束请求 => URL[GET /business/product/queryProductList],耗时:[41]毫秒
2025-10-22 15:27:50 [XNIO-1 task-7] INFO  c.r.f.i.PlusWebInvokeTimeInterceptor - [PLUS]结束请求 => URL[GET /business/arbiterMap/list],耗时:[69]毫秒
2025-10-22 15:29:30 [SpringApplicationShutdownHook] INFO  io.undertow - stopping server: Undertow - 2.2.28.Final
2025-10-22 15:29:30 [SpringApplicationShutdownHook] INFO  io.undertow.servlet - Destroying Spring FrameworkServlet 'dispatcherServlet'
2025-10-22 15:29:30 [SpringApplicationShutdownHook] INFO  c.r.f.manager.ShutdownManager - ====关闭后台任务任务线程池====
2025-10-22 15:29:30 [SpringApplicationShutdownHook] INFO  c.b.d.d.DynamicRoutingDataSource - dynamic-datasource start closing ....
2025-10-22 15:29:30 [SpringApplicationShutdownHook] INFO  com.zaxxer.hikari.HikariDataSource - master - Shutdown initiated...
2025-10-22 15:29:30 [SpringApplicationShutdownHook] INFO  com.zaxxer.hikari.HikariDataSource - master - Shutdown completed.
2025-10-22 15:29:30 [SpringApplicationShutdownHook] INFO  c.b.d.d.DynamicRoutingDataSource - dynamic-datasource all closed success,bye
