2025-10-21 14:46:26 [XNIO-1 task-7] INFO  c.r.f.i.PlusWebInvokeTimeInterceptor - [PLUS]开始请求 => URL[GET /monitor/online/list],无参数
2025-10-21 14:46:31 [XNIO-1 task-7] INFO  c.r.f.i.PlusWebInvokeTimeInterceptor - [PLUS]结束请求 => URL[GET /monitor/online/list],耗时:[4788]毫秒
2025-10-21 15:23:38 [XNIO-1 task-7] INFO  c.r.f.i.PlusWebInvokeTimeInterceptor - [PLUS]开始请求 => URL[GET /system/role/list],参数类型[param],参数:[{"pageSize":["10"],"pageNum":["1"]}]
2025-10-21 15:23:43 [XNIO-1 task-7] INFO  c.r.f.i.PlusWebInvokeTimeInterceptor - [PLUS]结束请求 => URL[GET /system/role/list],耗时:[4768]毫秒
2025-10-21 15:27:33 [XNIO-1 task-7] INFO  c.r.f.i.PlusWebInvokeTimeInterceptor - [PLUS]开始请求 => URL[GET /getInfo],无参数
2025-10-21 15:27:38 [XNIO-1 task-7] INFO  c.r.f.i.PlusWebInvokeTimeInterceptor - [PLUS]结束请求 => URL[GET /getInfo],耗时:[4804]毫秒
2025-10-21 15:27:38 [XNIO-1 task-7] INFO  c.r.f.i.PlusWebInvokeTimeInterceptor - [PLUS]开始请求 => URL[POST /logout],无参数
2025-10-21 15:27:48 [XNIO-1 task-7] INFO  c.r.f.i.PlusWebInvokeTimeInterceptor - [PLUS]结束请求 => URL[POST /logout],耗时:[9591]毫秒
2025-10-21 15:27:49 [XNIO-1 task-7] INFO  c.r.f.i.PlusWebInvokeTimeInterceptor - [PLUS]开始请求 => URL[GET /getInfo],无参数
2025-10-21 15:27:54 [XNIO-1 task-7] INFO  c.r.f.i.PlusWebInvokeTimeInterceptor - [PLUS]结束请求 => URL[GET /getInfo],耗时:[4723]毫秒
2025-10-21 15:27:54 [XNIO-1 task-7] INFO  c.r.f.i.PlusWebInvokeTimeInterceptor - [PLUS]开始请求 => URL[POST /logout],无参数
2025-10-21 15:28:04 [XNIO-1 task-7] INFO  c.r.f.i.PlusWebInvokeTimeInterceptor - [PLUS]结束请求 => URL[POST /logout],耗时:[9580]毫秒
2025-10-21 15:33:02 [XNIO-1 task-7] INFO  c.r.f.i.PlusWebInvokeTimeInterceptor - [PLUS]开始请求 => URL[GET /getInfo],无参数
2025-10-21 15:33:02 [XNIO-1 task-7] INFO  c.r.f.i.PlusWebInvokeTimeInterceptor - [PLUS]结束请求 => URL[GET /getInfo],耗时:[56]毫秒
2025-10-21 15:33:02 [XNIO-1 task-7] INFO  c.r.f.i.PlusWebInvokeTimeInterceptor - [PLUS]开始请求 => URL[GET /getRouters],无参数
2025-10-21 15:33:03 [XNIO-1 task-7] INFO  c.r.f.i.PlusWebInvokeTimeInterceptor - [PLUS]结束请求 => URL[GET /getRouters],耗时:[42]毫秒
2025-10-21 15:33:08 [XNIO-1 task-5] INFO  c.r.f.i.PlusWebInvokeTimeInterceptor - [PLUS]开始请求 => URL[GET /business/user/list],参数类型[param],参数:[{"pageSize":["10"],"pageNum":["1"]}]
2025-10-21 15:33:08 [XNIO-1 task-7] INFO  c.r.f.i.PlusWebInvokeTimeInterceptor - [PLUS]开始请求 => URL[GET /system/dict/data/type/biz_permission],无参数
2025-10-21 15:33:09 [XNIO-1 task-7] INFO  c.r.f.i.PlusWebInvokeTimeInterceptor - [PLUS]结束请求 => URL[GET /system/dict/data/type/biz_permission],耗时:[31]毫秒
2025-10-21 15:33:09 [XNIO-1 task-5] INFO  c.r.f.i.PlusWebInvokeTimeInterceptor - [PLUS]结束请求 => URL[GET /business/user/list],耗时:[90]毫秒
2025-10-21 15:33:10 [XNIO-1 task-7] INFO  c.r.f.i.PlusWebInvokeTimeInterceptor - [PLUS]开始请求 => URL[GET /business/product/queryProductList],无参数
2025-10-21 15:33:10 [XNIO-1 task-5] INFO  c.r.f.i.PlusWebInvokeTimeInterceptor - [PLUS]开始请求 => URL[GET /business/arbiterMap/list],参数类型[param],参数:[{"pageSize":["10"],"pageNum":["1"]}]
2025-10-21 15:33:10 [XNIO-1 task-7] INFO  c.r.f.i.PlusWebInvokeTimeInterceptor - [PLUS]结束请求 => URL[GET /business/product/queryProductList],耗时:[39]毫秒
2025-10-21 15:33:10 [XNIO-1 task-5] INFO  c.r.f.i.PlusWebInvokeTimeInterceptor - [PLUS]结束请求 => URL[GET /business/arbiterMap/list],耗时:[67]毫秒
2025-10-21 15:33:18 [XNIO-1 task-5] INFO  c.r.f.i.PlusWebInvokeTimeInterceptor - [PLUS]开始请求 => URL[GET /business/arbiterMap/1881000197320888322],无参数
2025-10-21 15:33:19 [XNIO-1 task-5] INFO  c.r.f.i.PlusWebInvokeTimeInterceptor - [PLUS]结束请求 => URL[GET /business/arbiterMap/1881000197320888322],耗时:[69]毫秒
2025-10-21 15:33:25 [XNIO-1 task-7] INFO  c.r.f.i.PlusWebInvokeTimeInterceptor - [PLUS]开始请求 => URL[GET /business/arbiterMapLegend/queryArbiterMapLegendList],无参数
2025-10-21 15:33:25 [XNIO-1 task-5] INFO  c.r.f.i.PlusWebInvokeTimeInterceptor - [PLUS]开始请求 => URL[GET /business/arbiterMap/undefined],无参数
2025-10-21 15:33:26 [XNIO-1 task-5] INFO  c.r.f.i.PlusWebInvokeTimeInterceptor - [PLUS]结束请求 => URL[GET /business/arbiterMap/undefined],耗时:[51]毫秒
2025-10-21 15:33:26 [XNIO-1 task-7] INFO  c.r.f.i.PlusWebInvokeTimeInterceptor - [PLUS]结束请求 => URL[GET /business/arbiterMapLegend/queryArbiterMapLegendList],耗时:[51]毫秒
2025-10-21 15:33:28 [XNIO-1 task-7] INFO  c.r.f.i.PlusWebInvokeTimeInterceptor - [PLUS]开始请求 => URL[GET /business/arbiterMapLegend/list],参数类型[param],参数:[{"pageSize":["10"],"pageNum":["1"]}]
2025-10-21 15:33:28 [XNIO-1 task-7] INFO  c.r.f.i.PlusWebInvokeTimeInterceptor - [PLUS]结束请求 => URL[GET /business/arbiterMapLegend/list],耗时:[73]毫秒
2025-10-21 15:38:18 [XNIO-1 task-7] INFO  c.r.f.i.PlusWebInvokeTimeInterceptor - [PLUS]开始请求 => URL[GET /tool/gen/list],参数类型[param],参数:[{"pageSize":["10"],"dataName":["master"],"pageNum":["1"]}]
2025-10-21 15:38:18 [XNIO-1 task-7] INFO  c.r.f.i.PlusWebInvokeTimeInterceptor - [PLUS]结束请求 => URL[GET /tool/gen/list],耗时:[101]毫秒
2025-10-21 15:38:38 [XNIO-1 task-7] INFO  c.r.f.i.PlusWebInvokeTimeInterceptor - [PLUS]开始请求 => URL[GET /monitor/cache],无参数
2025-10-21 15:38:39 [XNIO-1 task-7] INFO  c.r.f.i.PlusWebInvokeTimeInterceptor - [PLUS]结束请求 => URL[GET /monitor/cache],耗时:[268]毫秒
2025-10-21 15:38:56 [XNIO-1 task-7] INFO  c.r.f.i.PlusWebInvokeTimeInterceptor - [PLUS]开始请求 => URL[GET /monitor/cache/getNames],无参数
2025-10-21 15:38:56 [XNIO-1 task-7] INFO  c.r.f.i.PlusWebInvokeTimeInterceptor - [PLUS]结束请求 => URL[GET /monitor/cache/getNames],耗时:[53]毫秒
2025-10-21 15:38:58 [XNIO-1 task-7] INFO  c.r.f.i.PlusWebInvokeTimeInterceptor - [PLUS]开始请求 => URL[GET /monitor/cache/getKeys/online_tokens:],无参数
2025-10-21 15:38:58 [XNIO-1 task-7] INFO  c.r.f.i.PlusWebInvokeTimeInterceptor - [PLUS]结束请求 => URL[GET /monitor/cache/getKeys/online_tokens:],耗时:[67]毫秒
2025-10-21 15:38:59 [XNIO-1 task-7] INFO  c.r.f.i.PlusWebInvokeTimeInterceptor - [PLUS]开始请求 => URL[GET /monitor/cache/getKeys/sys_config],无参数
2025-10-21 15:38:59 [XNIO-1 task-7] INFO  c.r.f.i.PlusWebInvokeTimeInterceptor - [PLUS]结束请求 => URL[GET /monitor/cache/getKeys/sys_config],耗时:[85]毫秒
2025-10-21 15:39:01 [XNIO-1 task-7] INFO  c.r.f.i.PlusWebInvokeTimeInterceptor - [PLUS]开始请求 => URL[GET /monitor/cache/getKeys/sys_dict],无参数
2025-10-21 15:39:01 [XNIO-1 task-7] INFO  c.r.f.i.PlusWebInvokeTimeInterceptor - [PLUS]结束请求 => URL[GET /monitor/cache/getKeys/sys_dict],耗时:[114]毫秒
2025-10-21 15:39:02 [XNIO-1 task-7] INFO  c.r.f.i.PlusWebInvokeTimeInterceptor - [PLUS]开始请求 => URL[GET /monitor/cache/getKeys/captcha_codes:],无参数
2025-10-21 15:39:02 [XNIO-1 task-7] INFO  c.r.f.i.PlusWebInvokeTimeInterceptor - [PLUS]结束请求 => URL[GET /monitor/cache/getKeys/captcha_codes:],耗时:[51]毫秒
2025-10-21 15:39:03 [XNIO-1 task-7] INFO  c.r.f.i.PlusWebInvokeTimeInterceptor - [PLUS]开始请求 => URL[GET /monitor/cache/getKeys/repeat_submit:],无参数
2025-10-21 15:39:03 [XNIO-1 task-7] INFO  c.r.f.i.PlusWebInvokeTimeInterceptor - [PLUS]结束请求 => URL[GET /monitor/cache/getKeys/repeat_submit:],耗时:[68]毫秒
2025-10-21 15:39:04 [XNIO-1 task-7] INFO  c.r.f.i.PlusWebInvokeTimeInterceptor - [PLUS]开始请求 => URL[GET /monitor/cache/getKeys/rate_limit:],无参数
2025-10-21 15:39:04 [XNIO-1 task-7] INFO  c.r.f.i.PlusWebInvokeTimeInterceptor - [PLUS]结束请求 => URL[GET /monitor/cache/getKeys/rate_limit:],耗时:[102]毫秒
2025-10-21 15:39:04 [XNIO-1 task-7] INFO  c.r.f.i.PlusWebInvokeTimeInterceptor - [PLUS]开始请求 => URL[GET /monitor/cache/getKeys/sys_oss_config],无参数
2025-10-21 15:39:05 [XNIO-1 task-7] INFO  c.r.f.i.PlusWebInvokeTimeInterceptor - [PLUS]结束请求 => URL[GET /monitor/cache/getKeys/sys_oss_config],耗时:[71]毫秒
2025-10-21 15:39:06 [XNIO-1 task-7] INFO  c.r.f.i.PlusWebInvokeTimeInterceptor - [PLUS]开始请求 => URL[GET /monitor/cache/getKeys/pwd_err_cnt:],无参数
2025-10-21 15:39:06 [XNIO-1 task-7] INFO  c.r.f.i.PlusWebInvokeTimeInterceptor - [PLUS]结束请求 => URL[GET /monitor/cache/getKeys/pwd_err_cnt:],耗时:[57]毫秒
2025-10-21 15:39:09 [XNIO-1 task-7] INFO  c.r.f.i.PlusWebInvokeTimeInterceptor - [PLUS]开始请求 => URL[GET /monitor/cache/getKeys/sys_dict],无参数
2025-10-21 15:39:09 [XNIO-1 task-7] INFO  c.r.f.i.PlusWebInvokeTimeInterceptor - [PLUS]结束请求 => URL[GET /monitor/cache/getKeys/sys_dict],耗时:[94]毫秒
2025-10-21 15:39:14 [XNIO-1 task-7] INFO  c.r.f.i.PlusWebInvokeTimeInterceptor - [PLUS]开始请求 => URL[GET /monitor/online/list],无参数
2025-10-21 15:39:14 [XNIO-1 task-7] INFO  c.r.f.i.PlusWebInvokeTimeInterceptor - [PLUS]结束请求 => URL[GET /monitor/online/list],耗时:[79]毫秒
2025-10-21 15:39:17 [XNIO-1 task-5] INFO  c.r.f.i.PlusWebInvokeTimeInterceptor - [PLUS]开始请求 => URL[GET /system/role/list],参数类型[param],参数:[{"pageSize":["10"],"pageNum":["1"]}]
2025-10-21 15:39:17 [XNIO-1 task-7] INFO  c.r.f.i.PlusWebInvokeTimeInterceptor - [PLUS]开始请求 => URL[GET /system/dict/data/type/sys_normal_disable],无参数
2025-10-21 15:39:17 [XNIO-1 task-7] INFO  c.r.f.i.PlusWebInvokeTimeInterceptor - [PLUS]结束请求 => URL[GET /system/dict/data/type/sys_normal_disable],耗时:[29]毫秒
2025-10-21 15:39:17 [XNIO-1 task-5] INFO  c.r.f.i.PlusWebInvokeTimeInterceptor - [PLUS]结束请求 => URL[GET /system/role/list],耗时:[94]毫秒
2025-10-21 15:39:22 [XNIO-1 task-7] INFO  c.r.f.i.PlusWebInvokeTimeInterceptor - [PLUS]开始请求 => URL[GET /system/menu/list],无参数
2025-10-21 15:39:22 [XNIO-1 task-5] INFO  c.r.f.i.PlusWebInvokeTimeInterceptor - [PLUS]开始请求 => URL[GET /system/dict/data/type/sys_show_hide],无参数
2025-10-21 15:39:22 [XNIO-1 task-5] INFO  c.r.f.i.PlusWebInvokeTimeInterceptor - [PLUS]结束请求 => URL[GET /system/dict/data/type/sys_show_hide],耗时:[29]毫秒
2025-10-21 15:39:22 [XNIO-1 task-7] INFO  c.r.f.i.PlusWebInvokeTimeInterceptor - [PLUS]结束请求 => URL[GET /system/menu/list],耗时:[115]毫秒
2025-10-21 15:40:22 [XNIO-1 task-7] INFO  c.r.f.i.PlusWebInvokeTimeInterceptor - [PLUS]开始请求 => URL[DELETE /system/menu/114],无参数
2025-10-21 15:40:23 [XNIO-1 task-7] INFO  c.r.f.i.PlusWebInvokeTimeInterceptor - [PLUS]结束请求 => URL[DELETE /system/menu/114],耗时:[133]毫秒
2025-10-21 15:40:33 [XNIO-1 task-7] INFO  c.r.f.i.PlusWebInvokeTimeInterceptor - [PLUS]开始请求 => URL[DELETE /system/menu/117],无参数
2025-10-21 15:40:33 [XNIO-1 task-7] INFO  c.r.f.i.PlusWebInvokeTimeInterceptor - [PLUS]结束请求 => URL[DELETE /system/menu/117],耗时:[70]毫秒
2025-10-21 15:40:44 [XNIO-1 task-7] INFO  c.r.f.i.PlusWebInvokeTimeInterceptor - [PLUS]开始请求 => URL[DELETE /system/menu/115],无参数
2025-10-21 15:40:44 [XNIO-1 task-7] INFO  c.r.f.i.PlusWebInvokeTimeInterceptor - [PLUS]结束请求 => URL[DELETE /system/menu/115],耗时:[60]毫秒
2025-10-21 15:40:51 [XNIO-1 task-7] INFO  c.r.f.i.PlusWebInvokeTimeInterceptor - [PLUS]开始请求 => URL[GET /system/dept/list],无参数
2025-10-21 15:40:51 [XNIO-1 task-7] INFO  c.r.f.i.PlusWebInvokeTimeInterceptor - [PLUS]结束请求 => URL[GET /system/dept/list],耗时:[75]毫秒
2025-10-21 15:40:53 [XNIO-1 task-7] INFO  c.r.f.i.PlusWebInvokeTimeInterceptor - [PLUS]开始请求 => URL[GET /system/post/list],参数类型[param],参数:[{"pageSize":["10"],"pageNum":["1"]}]
2025-10-21 15:40:53 [XNIO-1 task-7] INFO  c.r.f.i.PlusWebInvokeTimeInterceptor - [PLUS]结束请求 => URL[GET /system/post/list],耗时:[96]毫秒
2025-10-21 15:40:55 [XNIO-1 task-7] INFO  c.r.f.i.PlusWebInvokeTimeInterceptor - [PLUS]开始请求 => URL[GET /system/dict/type/list],参数类型[param],参数:[{"pageSize":["10"],"pageNum":["1"]}]
2025-10-21 15:40:55 [XNIO-1 task-7] INFO  c.r.f.i.PlusWebInvokeTimeInterceptor - [PLUS]结束请求 => URL[GET /system/dict/type/list],耗时:[89]毫秒
2025-10-21 15:40:57 [XNIO-1 task-5] INFO  c.r.f.i.PlusWebInvokeTimeInterceptor - [PLUS]开始请求 => URL[GET /system/config/list],参数类型[param],参数:[{"pageSize":["10"],"pageNum":["1"]}]
2025-10-21 15:40:57 [XNIO-1 task-7] INFO  c.r.f.i.PlusWebInvokeTimeInterceptor - [PLUS]开始请求 => URL[GET /system/dict/data/type/sys_yes_no],无参数
2025-10-21 15:40:57 [XNIO-1 task-7] INFO  c.r.f.i.PlusWebInvokeTimeInterceptor - [PLUS]结束请求 => URL[GET /system/dict/data/type/sys_yes_no],耗时:[24]毫秒
2025-10-21 15:40:57 [XNIO-1 task-5] INFO  c.r.f.i.PlusWebInvokeTimeInterceptor - [PLUS]结束请求 => URL[GET /system/config/list],耗时:[81]毫秒
2025-10-21 15:40:58 [XNIO-1 task-6] INFO  c.r.f.i.PlusWebInvokeTimeInterceptor - [PLUS]开始请求 => URL[GET /system/notice/list],参数类型[param],参数:[{"pageSize":["10"],"pageNum":["1"]}]
2025-10-21 15:40:58 [XNIO-1 task-7] INFO  c.r.f.i.PlusWebInvokeTimeInterceptor - [PLUS]开始请求 => URL[GET /system/dict/data/type/sys_notice_type],无参数
2025-10-21 15:40:58 [XNIO-1 task-5] INFO  c.r.f.i.PlusWebInvokeTimeInterceptor - [PLUS]开始请求 => URL[GET /system/dict/data/type/sys_notice_status],无参数
2025-10-21 15:40:58 [XNIO-1 task-7] INFO  c.r.f.i.PlusWebInvokeTimeInterceptor - [PLUS]结束请求 => URL[GET /system/dict/data/type/sys_notice_type],耗时:[26]毫秒
2025-10-21 15:40:58 [XNIO-1 task-5] INFO  c.r.f.i.PlusWebInvokeTimeInterceptor - [PLUS]结束请求 => URL[GET /system/dict/data/type/sys_notice_status],耗时:[26]毫秒
2025-10-21 15:40:58 [XNIO-1 task-6] INFO  c.r.f.i.PlusWebInvokeTimeInterceptor - [PLUS]结束请求 => URL[GET /system/notice/list],耗时:[85]毫秒
2025-10-21 15:41:00 [XNIO-1 task-6] INFO  c.r.f.i.PlusWebInvokeTimeInterceptor - [PLUS]开始请求 => URL[GET /system/oss/list],参数类型[param],参数:[{"pageSize":["10"],"pageNum":["1"]}]
2025-10-21 15:41:00 [XNIO-1 task-7] INFO  c.r.f.i.PlusWebInvokeTimeInterceptor - [PLUS]开始请求 => URL[GET /system/config/configKey/sys.oss.previewListResource],无参数
2025-10-21 15:41:00 [XNIO-1 task-7] INFO  c.r.f.i.PlusWebInvokeTimeInterceptor - [PLUS]结束请求 => URL[GET /system/config/configKey/sys.oss.previewListResource],耗时:[26]毫秒
2025-10-21 15:41:00 [XNIO-1 task-6] INFO  com.ruoyi.oss.factory.OssFactory - 创建OSS实例 key => minio
2025-10-21 15:41:00 [XNIO-1 task-6] INFO  c.r.f.i.PlusWebInvokeTimeInterceptor - [PLUS]结束请求 => URL[GET /system/oss/list],耗时:[394]毫秒
2025-10-21 15:41:01 [XNIO-1 task-5] INFO  c.r.f.i.PlusWebInvokeTimeInterceptor - [PLUS]开始请求 => URL[GET /system/user/list],参数类型[param],参数:[{"pageSize":["10"],"pageNum":["1"]}]
2025-10-21 15:41:01 [XNIO-1 task-7] INFO  c.r.f.i.PlusWebInvokeTimeInterceptor - [PLUS]开始请求 => URL[GET /system/user/deptTree],无参数
2025-10-21 15:41:01 [XNIO-1 task-6] INFO  c.r.f.i.PlusWebInvokeTimeInterceptor - [PLUS]开始请求 => URL[GET /system/dict/data/type/sys_user_sex],无参数
2025-10-21 15:41:01 [XNIO-1 task-11] INFO  c.r.f.i.PlusWebInvokeTimeInterceptor - [PLUS]开始请求 => URL[GET /system/config/configKey/sys.user.initPassword],无参数
2025-10-21 15:41:01 [XNIO-1 task-6] INFO  c.r.f.i.PlusWebInvokeTimeInterceptor - [PLUS]结束请求 => URL[GET /system/dict/data/type/sys_user_sex],耗时:[28]毫秒
2025-10-21 15:41:01 [XNIO-1 task-11] INFO  c.r.f.i.PlusWebInvokeTimeInterceptor - [PLUS]结束请求 => URL[GET /system/config/configKey/sys.user.initPassword],耗时:[28]毫秒
2025-10-21 15:41:01 [XNIO-1 task-5] INFO  c.r.f.i.PlusWebInvokeTimeInterceptor - [PLUS]结束请求 => URL[GET /system/user/list],耗时:[81]毫秒
2025-10-21 15:41:01 [XNIO-1 task-7] INFO  c.r.f.i.PlusWebInvokeTimeInterceptor - [PLUS]结束请求 => URL[GET /system/user/deptTree],耗时:[84]毫秒
2025-10-21 15:41:03 [XNIO-1 task-7] INFO  c.r.f.i.PlusWebInvokeTimeInterceptor - [PLUS]开始请求 => URL[GET /system/role/list],参数类型[param],参数:[{"pageSize":["10"],"pageNum":["1"]}]
2025-10-21 15:41:03 [XNIO-1 task-7] INFO  c.r.f.i.PlusWebInvokeTimeInterceptor - [PLUS]结束请求 => URL[GET /system/role/list],耗时:[88]毫秒
2025-10-21 15:45:38 [XNIO-1 task-7] INFO  c.r.f.i.PlusWebInvokeTimeInterceptor - [PLUS]开始请求 => URL[GET /system/notice/list],参数类型[param],参数:[{"pageSize":["10"],"pageNum":["1"]}]
2025-10-21 15:45:38 [XNIO-1 task-7] INFO  c.r.f.i.PlusWebInvokeTimeInterceptor - [PLUS]结束请求 => URL[GET /system/notice/list],耗时:[80]毫秒
2025-10-21 15:45:40 [XNIO-1 task-7] INFO  c.r.f.i.PlusWebInvokeTimeInterceptor - [PLUS]开始请求 => URL[GET /system/config/list],参数类型[param],参数:[{"pageSize":["10"],"pageNum":["1"]}]
2025-10-21 15:45:40 [XNIO-1 task-7] INFO  c.r.f.i.PlusWebInvokeTimeInterceptor - [PLUS]结束请求 => URL[GET /system/config/list],耗时:[67]毫秒
2025-10-21 15:45:44 [XNIO-1 task-7] INFO  c.r.f.i.PlusWebInvokeTimeInterceptor - [PLUS]开始请求 => URL[GET /system/dict/type/list],参数类型[param],参数:[{"pageSize":["10"],"pageNum":["1"]}]
2025-10-21 15:45:44 [XNIO-1 task-7] INFO  c.r.f.i.PlusWebInvokeTimeInterceptor - [PLUS]结束请求 => URL[GET /system/dict/type/list],耗时:[68]毫秒
2025-10-21 15:45:46 [XNIO-1 task-7] INFO  c.r.f.i.PlusWebInvokeTimeInterceptor - [PLUS]开始请求 => URL[GET /system/dept/list],无参数
2025-10-21 15:45:46 [XNIO-1 task-7] INFO  c.r.f.i.PlusWebInvokeTimeInterceptor - [PLUS]结束请求 => URL[GET /system/dept/list],耗时:[62]毫秒
2025-10-21 15:45:47 [XNIO-1 task-7] INFO  c.r.f.i.PlusWebInvokeTimeInterceptor - [PLUS]开始请求 => URL[GET /system/menu/list],无参数
2025-10-21 15:45:47 [XNIO-1 task-7] INFO  c.r.f.i.PlusWebInvokeTimeInterceptor - [PLUS]结束请求 => URL[GET /system/menu/list],耗时:[71]毫秒
2025-10-21 15:45:50 [XNIO-1 task-7] INFO  c.r.f.i.PlusWebInvokeTimeInterceptor - [PLUS]开始请求 => URL[GET /system/menu/list],无参数
2025-10-21 15:45:50 [XNIO-1 task-5] INFO  c.r.f.i.PlusWebInvokeTimeInterceptor - [PLUS]开始请求 => URL[GET /system/menu/1759475177796603906],无参数
2025-10-21 15:45:50 [XNIO-1 task-7] INFO  c.r.f.i.PlusWebInvokeTimeInterceptor - [PLUS]结束请求 => URL[GET /system/menu/list],耗时:[82]毫秒
2025-10-21 15:45:50 [XNIO-1 task-5] INFO  c.r.f.i.PlusWebInvokeTimeInterceptor - [PLUS]结束请求 => URL[GET /system/menu/1759475177796603906],耗时:[117]毫秒
2025-10-21 15:45:55 [XNIO-1 task-5] INFO  c.r.f.i.PlusWebInvokeTimeInterceptor - [PLUS]开始请求 => URL[GET /system/menu/list],无参数
2025-10-21 15:45:55 [XNIO-1 task-7] INFO  c.r.f.i.PlusWebInvokeTimeInterceptor - [PLUS]开始请求 => URL[GET /system/menu/1759503589500243970],无参数
2025-10-21 15:45:55 [XNIO-1 task-7] INFO  c.r.f.i.PlusWebInvokeTimeInterceptor - [PLUS]结束请求 => URL[GET /system/menu/1759503589500243970],耗时:[72]毫秒
2025-10-21 15:45:55 [XNIO-1 task-5] INFO  c.r.f.i.PlusWebInvokeTimeInterceptor - [PLUS]结束请求 => URL[GET /system/menu/list],耗时:[88]毫秒
2025-10-21 15:46:05 [XNIO-1 task-5] INFO  c.r.f.i.PlusWebInvokeTimeInterceptor - [PLUS]开始请求 => URL[PUT /system/menu],参数类型[json],参数:[{"createBy":"admin","createTime":"2024-02-19 17:05:43","updateBy":"admin","updateTime":"2024-02-19 17:23:17","parentName":null,"parentId":"1759475177796603906","children":[],"menuId":"1759503589500243970","menuName":"用户管理","orderNum":0,"path":"user","component":"business/user/index","queryParam":null,"isFrame":"1","isCache":"0","menuType":"C","visible":"0","status":"1","perms":"business:user:list","icon":"people","remark":"用户管理菜单"}]
2025-10-21 15:46:05 [XNIO-1 task-5] INFO  c.r.f.i.PlusWebInvokeTimeInterceptor - [PLUS]结束请求 => URL[PUT /system/menu],耗时:[110]毫秒
2025-10-21 15:46:05 [XNIO-1 task-5] INFO  c.r.f.i.PlusWebInvokeTimeInterceptor - [PLUS]开始请求 => URL[GET /system/menu/list],无参数
2025-10-21 15:46:05 [XNIO-1 task-5] INFO  c.r.f.i.PlusWebInvokeTimeInterceptor - [PLUS]结束请求 => URL[GET /system/menu/list],耗时:[65]毫秒
2025-10-21 15:46:08 [XNIO-1 task-5] INFO  c.r.f.i.PlusWebInvokeTimeInterceptor - [PLUS]开始请求 => URL[GET /system/menu/list],无参数
2025-10-21 15:46:08 [XNIO-1 task-5] INFO  c.r.f.i.PlusWebInvokeTimeInterceptor - [PLUS]结束请求 => URL[GET /system/menu/list],耗时:[75]毫秒
2025-10-21 15:46:11 [XNIO-1 task-7] INFO  c.r.f.i.PlusWebInvokeTimeInterceptor - [PLUS]开始请求 => URL[GET /system/menu/list],无参数
2025-10-21 15:46:11 [XNIO-1 task-5] INFO  c.r.f.i.PlusWebInvokeTimeInterceptor - [PLUS]开始请求 => URL[GET /system/menu/1759503589500243970],无参数
2025-10-21 15:46:11 [XNIO-1 task-5] INFO  c.r.f.i.PlusWebInvokeTimeInterceptor - [PLUS]结束请求 => URL[GET /system/menu/1759503589500243970],耗时:[58]毫秒
2025-10-21 15:46:11 [XNIO-1 task-7] INFO  c.r.f.i.PlusWebInvokeTimeInterceptor - [PLUS]结束请求 => URL[GET /system/menu/list],耗时:[75]毫秒
2025-10-21 15:46:14 [XNIO-1 task-7] INFO  c.r.f.i.PlusWebInvokeTimeInterceptor - [PLUS]开始请求 => URL[PUT /system/menu],参数类型[json],参数:[{"createBy":"admin","createTime":"2024-02-19 17:05:43","updateBy":"admin","updateTime":"2025-10-21 15:46:05","parentName":null,"parentId":"1759475177796603906","children":[],"menuId":"1759503589500243970","menuName":"用户管理","orderNum":0,"path":"user","component":"business/user/index","queryParam":null,"isFrame":"1","isCache":"0","menuType":"C","visible":"0","status":"0","perms":"business:user:list","icon":"people","remark":"用户管理菜单"}]
2025-10-21 15:46:14 [XNIO-1 task-7] INFO  c.r.f.i.PlusWebInvokeTimeInterceptor - [PLUS]结束请求 => URL[PUT /system/menu],耗时:[74]毫秒
2025-10-21 15:46:14 [XNIO-1 task-7] INFO  c.r.f.i.PlusWebInvokeTimeInterceptor - [PLUS]开始请求 => URL[GET /system/menu/list],无参数
2025-10-21 15:46:14 [XNIO-1 task-7] INFO  c.r.f.i.PlusWebInvokeTimeInterceptor - [PLUS]结束请求 => URL[GET /system/menu/list],耗时:[68]毫秒
2025-10-21 15:46:22 [XNIO-1 task-5] INFO  c.r.f.i.PlusWebInvokeTimeInterceptor - [PLUS]开始请求 => URL[GET /system/menu/list],无参数
2025-10-21 15:46:22 [XNIO-1 task-7] INFO  c.r.f.i.PlusWebInvokeTimeInterceptor - [PLUS]开始请求 => URL[GET /system/menu/117],无参数
2025-10-21 15:46:22 [XNIO-1 task-7] INFO  c.r.f.i.PlusWebInvokeTimeInterceptor - [PLUS]结束请求 => URL[GET /system/menu/117],耗时:[63]毫秒
2025-10-21 15:46:22 [XNIO-1 task-5] INFO  c.r.f.i.PlusWebInvokeTimeInterceptor - [PLUS]结束请求 => URL[GET /system/menu/list],耗时:[81]毫秒
2025-10-21 15:46:25 [XNIO-1 task-5] INFO  c.r.f.i.PlusWebInvokeTimeInterceptor - [PLUS]开始请求 => URL[PUT /system/menu],参数类型[json],参数:[{"createBy":"admin","createTime":"2024-02-19 14:34:50","updateBy":"","updateTime":null,"parentName":null,"parentId":2,"children":[],"menuId":117,"menuName":"Admin监控","orderNum":5,"path":"Admin","component":"monitor/admin/index","queryParam":"","isFrame":"1","isCache":"0","menuType":"C","visible":"0","status":"1","perms":"monitor:admin:list","icon":"dashboard","remark":"Admin监控菜单"}]
2025-10-21 15:46:25 [XNIO-1 task-5] INFO  c.r.f.i.PlusWebInvokeTimeInterceptor - [PLUS]结束请求 => URL[PUT /system/menu],耗时:[116]毫秒
2025-10-21 15:46:25 [XNIO-1 task-5] INFO  c.r.f.i.PlusWebInvokeTimeInterceptor - [PLUS]开始请求 => URL[GET /system/menu/list],无参数
2025-10-21 15:46:25 [XNIO-1 task-5] INFO  c.r.f.i.PlusWebInvokeTimeInterceptor - [PLUS]结束请求 => URL[GET /system/menu/list],耗时:[59]毫秒
2025-10-21 15:46:28 [XNIO-1 task-5] INFO  c.r.f.i.PlusWebInvokeTimeInterceptor - [PLUS]开始请求 => URL[DELETE /system/menu/117],无参数
2025-10-21 15:46:28 [XNIO-1 task-5] INFO  c.r.f.i.PlusWebInvokeTimeInterceptor - [PLUS]结束请求 => URL[DELETE /system/menu/117],耗时:[67]毫秒
2025-10-21 15:46:55 [XNIO-1 task-5] INFO  c.r.f.i.PlusWebInvokeTimeInterceptor - [PLUS]开始请求 => URL[GET /system/role/list],参数类型[param],参数:[{"pageSize":["10"],"pageNum":["1"]}]
2025-10-21 15:46:56 [XNIO-1 task-5] INFO  c.r.f.i.PlusWebInvokeTimeInterceptor - [PLUS]结束请求 => URL[GET /system/role/list],耗时:[74]毫秒
2025-10-21 15:46:58 [XNIO-1 task-7] INFO  c.r.f.i.PlusWebInvokeTimeInterceptor - [PLUS]开始请求 => URL[GET /system/role/1818642307856588801],无参数
2025-10-21 15:46:58 [XNIO-1 task-5] INFO  c.r.f.i.PlusWebInvokeTimeInterceptor - [PLUS]开始请求 => URL[GET /system/menu/roleMenuTreeselect/1818642307856588801],无参数
2025-10-21 15:46:58 [XNIO-1 task-7] INFO  c.r.f.i.PlusWebInvokeTimeInterceptor - [PLUS]结束请求 => URL[GET /system/role/1818642307856588801],耗时:[62]毫秒
2025-10-21 15:46:58 [XNIO-1 task-5] INFO  c.r.f.i.PlusWebInvokeTimeInterceptor - [PLUS]结束请求 => URL[GET /system/menu/roleMenuTreeselect/1818642307856588801],耗时:[63]毫秒
2025-10-21 15:47:17 [XNIO-1 task-5] INFO  c.r.f.i.PlusWebInvokeTimeInterceptor - [PLUS]开始请求 => URL[PUT /system/role],参数类型[json],参数:[{"createBy":"admin","createTime":"2024-07-31 21:38:10","updateBy":"admin","updateTime":"2024-07-31 21:38:10","roleId":"1818642307856588801","roleName":"测试角色","roleKey":"12","roleSort":1,"dataScope":"1","menuCheckStrictly":true,"deptCheckStrictly":true,"status":"0","delFlag":"0","remark":null,"flag":false,"menuIds":[],"deptIds":null,"admin":false}]
2025-10-21 15:47:17 [XNIO-1 task-5] INFO  c.r.f.i.PlusWebInvokeTimeInterceptor - [PLUS]结束请求 => URL[PUT /system/role],耗时:[155]毫秒
2025-10-21 15:47:17 [XNIO-1 task-5] INFO  c.r.f.i.PlusWebInvokeTimeInterceptor - [PLUS]开始请求 => URL[GET /system/role/list],参数类型[param],参数:[{"pageSize":["10"],"pageNum":["1"]}]
2025-10-21 15:47:17 [XNIO-1 task-5] INFO  c.r.f.i.PlusWebInvokeTimeInterceptor - [PLUS]结束请求 => URL[GET /system/role/list],耗时:[71]毫秒
2025-10-21 15:47:22 [XNIO-1 task-5] INFO  c.r.f.i.PlusWebInvokeTimeInterceptor - [PLUS]开始请求 => URL[GET /system/oss/list],参数类型[param],参数:[{"pageSize":["10"],"pageNum":["1"]}]
2025-10-21 15:47:22 [XNIO-1 task-7] INFO  c.r.f.i.PlusWebInvokeTimeInterceptor - [PLUS]开始请求 => URL[GET /system/config/configKey/sys.oss.previewListResource],无参数
2025-10-21 15:47:22 [XNIO-1 task-7] INFO  c.r.f.i.PlusWebInvokeTimeInterceptor - [PLUS]结束请求 => URL[GET /system/config/configKey/sys.oss.previewListResource],耗时:[26]毫秒
2025-10-21 15:47:23 [XNIO-1 task-5] INFO  c.r.f.i.PlusWebInvokeTimeInterceptor - [PLUS]结束请求 => URL[GET /system/oss/list],耗时:[104]毫秒
2025-10-21 15:47:24 [XNIO-1 task-11] INFO  c.r.f.i.PlusWebInvokeTimeInterceptor - [PLUS]开始请求 => URL[GET /monitor/operlog/list],参数类型[param],参数:[{"pageSize":["10"],"pageNum":["1"]}]
2025-10-21 15:47:24 [XNIO-1 task-5] INFO  c.r.f.i.PlusWebInvokeTimeInterceptor - [PLUS]开始请求 => URL[GET /system/dict/data/type/sys_common_status],无参数
2025-10-21 15:47:24 [XNIO-1 task-7] INFO  c.r.f.i.PlusWebInvokeTimeInterceptor - [PLUS]开始请求 => URL[GET /system/dict/data/type/sys_oper_type],无参数
2025-10-21 15:47:24 [XNIO-1 task-5] INFO  c.r.f.i.PlusWebInvokeTimeInterceptor - [PLUS]结束请求 => URL[GET /system/dict/data/type/sys_common_status],耗时:[26]毫秒
2025-10-21 15:47:24 [XNIO-1 task-7] INFO  c.r.f.i.PlusWebInvokeTimeInterceptor - [PLUS]结束请求 => URL[GET /system/dict/data/type/sys_oper_type],耗时:[26]毫秒
2025-10-21 15:47:24 [XNIO-1 task-11] INFO  c.r.f.i.PlusWebInvokeTimeInterceptor - [PLUS]结束请求 => URL[GET /monitor/operlog/list],耗时:[92]毫秒
2025-10-21 15:47:39 [XNIO-1 task-11] INFO  c.r.f.i.PlusWebInvokeTimeInterceptor - [PLUS]开始请求 => URL[DELETE /system/menu/117],无参数
2025-10-21 15:47:39 [XNIO-1 task-11] INFO  c.r.f.i.PlusWebInvokeTimeInterceptor - [PLUS]结束请求 => URL[DELETE /system/menu/117],耗时:[74]毫秒
2025-10-21 15:47:39 [XNIO-1 task-11] INFO  c.r.f.i.PlusWebInvokeTimeInterceptor - [PLUS]开始请求 => URL[GET /system/menu/list],无参数
2025-10-21 15:47:39 [XNIO-1 task-11] INFO  c.r.f.i.PlusWebInvokeTimeInterceptor - [PLUS]结束请求 => URL[GET /system/menu/list],耗时:[76]毫秒
2025-10-21 15:47:47 [XNIO-1 task-11] INFO  c.r.f.i.PlusWebInvokeTimeInterceptor - [PLUS]开始请求 => URL[DELETE /system/menu/120],无参数
2025-10-21 15:47:47 [XNIO-1 task-11] INFO  c.r.f.i.PlusWebInvokeTimeInterceptor - [PLUS]结束请求 => URL[DELETE /system/menu/120],耗时:[70]毫秒
2025-10-21 15:47:47 [XNIO-1 task-11] INFO  c.r.f.i.PlusWebInvokeTimeInterceptor - [PLUS]开始请求 => URL[GET /system/menu/list],无参数
2025-10-21 15:47:47 [XNIO-1 task-11] INFO  c.r.f.i.PlusWebInvokeTimeInterceptor - [PLUS]结束请求 => URL[GET /system/menu/list],耗时:[63]毫秒
2025-10-21 15:47:57 [XNIO-1 task-11] INFO  c.r.f.i.PlusWebInvokeTimeInterceptor - [PLUS]开始请求 => URL[GET /getInfo],无参数
2025-10-21 15:47:57 [XNIO-1 task-11] INFO  c.r.f.i.PlusWebInvokeTimeInterceptor - [PLUS]结束请求 => URL[GET /getInfo],耗时:[66]毫秒
2025-10-21 15:47:57 [XNIO-1 task-11] INFO  c.r.f.i.PlusWebInvokeTimeInterceptor - [PLUS]开始请求 => URL[GET /getRouters],无参数
2025-10-21 15:47:57 [XNIO-1 task-11] INFO  c.r.f.i.PlusWebInvokeTimeInterceptor - [PLUS]结束请求 => URL[GET /getRouters],耗时:[33]毫秒
2025-10-21 15:47:57 [XNIO-1 task-5] INFO  c.r.f.i.PlusWebInvokeTimeInterceptor - [PLUS]开始请求 => URL[GET /system/menu/list],无参数
2025-10-21 15:47:57 [XNIO-1 task-7] INFO  c.r.f.i.PlusWebInvokeTimeInterceptor - [PLUS]开始请求 => URL[GET /system/dict/data/type/sys_show_hide],无参数
2025-10-21 15:47:57 [XNIO-1 task-11] INFO  c.r.f.i.PlusWebInvokeTimeInterceptor - [PLUS]开始请求 => URL[GET /system/dict/data/type/sys_normal_disable],无参数
2025-10-21 15:47:58 [XNIO-1 task-11] INFO  c.r.f.i.PlusWebInvokeTimeInterceptor - [PLUS]结束请求 => URL[GET /system/dict/data/type/sys_normal_disable],耗时:[25]毫秒
2025-10-21 15:47:58 [XNIO-1 task-7] INFO  c.r.f.i.PlusWebInvokeTimeInterceptor - [PLUS]结束请求 => URL[GET /system/dict/data/type/sys_show_hide],耗时:[24]毫秒
2025-10-21 15:47:58 [XNIO-1 task-5] INFO  c.r.f.i.PlusWebInvokeTimeInterceptor - [PLUS]结束请求 => URL[GET /system/menu/list],耗时:[83]毫秒
2025-10-21 15:48:02 [XNIO-1 task-11] INFO  c.r.f.i.PlusWebInvokeTimeInterceptor - [PLUS]开始请求 => URL[GET /system/oss/list],参数类型[param],参数:[{"pageSize":["10"],"pageNum":["1"]}]
2025-10-21 15:48:02 [XNIO-1 task-5] INFO  c.r.f.i.PlusWebInvokeTimeInterceptor - [PLUS]开始请求 => URL[GET /system/config/configKey/sys.oss.previewListResource],无参数
2025-10-21 15:48:02 [XNIO-1 task-5] INFO  c.r.f.i.PlusWebInvokeTimeInterceptor - [PLUS]结束请求 => URL[GET /system/config/configKey/sys.oss.previewListResource],耗时:[22]毫秒
2025-10-21 15:48:02 [XNIO-1 task-11] INFO  c.r.f.i.PlusWebInvokeTimeInterceptor - [PLUS]结束请求 => URL[GET /system/oss/list],耗时:[104]毫秒
2025-10-21 15:48:05 [XNIO-1 task-7] INFO  c.r.f.i.PlusWebInvokeTimeInterceptor - [PLUS]开始请求 => URL[GET /monitor/operlog/list],参数类型[param],参数:[{"pageSize":["10"],"pageNum":["1"]}]
2025-10-21 15:48:05 [XNIO-1 task-11] INFO  c.r.f.i.PlusWebInvokeTimeInterceptor - [PLUS]开始请求 => URL[GET /system/dict/data/type/sys_common_status],无参数
2025-10-21 15:48:05 [XNIO-1 task-5] INFO  c.r.f.i.PlusWebInvokeTimeInterceptor - [PLUS]开始请求 => URL[GET /system/dict/data/type/sys_oper_type],无参数
2025-10-21 15:48:05 [XNIO-1 task-11] INFO  c.r.f.i.PlusWebInvokeTimeInterceptor - [PLUS]结束请求 => URL[GET /system/dict/data/type/sys_common_status],耗时:[25]毫秒
2025-10-21 15:48:05 [XNIO-1 task-5] INFO  c.r.f.i.PlusWebInvokeTimeInterceptor - [PLUS]结束请求 => URL[GET /system/dict/data/type/sys_oper_type],耗时:[25]毫秒
2025-10-21 15:48:05 [XNIO-1 task-7] INFO  c.r.f.i.PlusWebInvokeTimeInterceptor - [PLUS]结束请求 => URL[GET /monitor/operlog/list],耗时:[74]毫秒
2025-10-21 15:48:10 [XNIO-1 task-7] INFO  c.r.f.i.PlusWebInvokeTimeInterceptor - [PLUS]开始请求 => URL[GET /monitor/logininfor/list],参数类型[param],参数:[{"pageSize":["10"],"pageNum":["1"]}]
2025-10-21 15:48:10 [XNIO-1 task-7] INFO  c.r.f.i.PlusWebInvokeTimeInterceptor - [PLUS]结束请求 => URL[GET /monitor/logininfor/list],耗时:[85]毫秒
2025-10-21 15:48:13 [XNIO-1 task-7] INFO  c.r.f.i.PlusWebInvokeTimeInterceptor - [PLUS]开始请求 => URL[GET /system/config/list],参数类型[param],参数:[{"pageSize":["10"],"pageNum":["1"]}]
2025-10-21 15:48:13 [XNIO-1 task-5] INFO  c.r.f.i.PlusWebInvokeTimeInterceptor - [PLUS]开始请求 => URL[GET /system/dict/data/type/sys_yes_no],无参数
2025-10-21 15:48:13 [XNIO-1 task-5] INFO  c.r.f.i.PlusWebInvokeTimeInterceptor - [PLUS]结束请求 => URL[GET /system/dict/data/type/sys_yes_no],耗时:[23]毫秒
2025-10-21 15:48:13 [XNIO-1 task-7] INFO  c.r.f.i.PlusWebInvokeTimeInterceptor - [PLUS]结束请求 => URL[GET /system/config/list],耗时:[67]毫秒
2025-10-21 15:48:16 [XNIO-1 task-5] INFO  c.r.f.i.PlusWebInvokeTimeInterceptor - [PLUS]开始请求 => URL[GET /system/notice/list],参数类型[param],参数:[{"pageSize":["10"],"pageNum":["1"]}]
2025-10-21 15:48:16 [XNIO-1 task-11] INFO  c.r.f.i.PlusWebInvokeTimeInterceptor - [PLUS]开始请求 => URL[GET /system/dict/data/type/sys_notice_type],无参数
2025-10-21 15:48:16 [XNIO-1 task-7] INFO  c.r.f.i.PlusWebInvokeTimeInterceptor - [PLUS]开始请求 => URL[GET /system/dict/data/type/sys_notice_status],无参数
2025-10-21 15:48:16 [XNIO-1 task-7] INFO  c.r.f.i.PlusWebInvokeTimeInterceptor - [PLUS]结束请求 => URL[GET /system/dict/data/type/sys_notice_status],耗时:[22]毫秒
2025-10-21 15:48:16 [XNIO-1 task-11] INFO  c.r.f.i.PlusWebInvokeTimeInterceptor - [PLUS]结束请求 => URL[GET /system/dict/data/type/sys_notice_type],耗时:[22]毫秒
2025-10-21 15:48:16 [XNIO-1 task-5] INFO  c.r.f.i.PlusWebInvokeTimeInterceptor - [PLUS]结束请求 => URL[GET /system/notice/list],耗时:[63]毫秒
2025-10-21 15:48:17 [XNIO-1 task-5] INFO  c.r.f.i.PlusWebInvokeTimeInterceptor - [PLUS]开始请求 => URL[GET /system/post/list],参数类型[param],参数:[{"pageSize":["10"],"pageNum":["1"]}]
2025-10-21 15:48:17 [XNIO-1 task-5] INFO  c.r.f.i.PlusWebInvokeTimeInterceptor - [PLUS]结束请求 => URL[GET /system/post/list],耗时:[56]毫秒
2025-10-21 15:48:18 [XNIO-1 task-5] INFO  c.r.f.i.PlusWebInvokeTimeInterceptor - [PLUS]开始请求 => URL[GET /system/dict/type/list],参数类型[param],参数:[{"pageSize":["10"],"pageNum":["1"]}]
2025-10-21 15:48:18 [XNIO-1 task-5] INFO  c.r.f.i.PlusWebInvokeTimeInterceptor - [PLUS]结束请求 => URL[GET /system/dict/type/list],耗时:[143]毫秒
2025-10-21 15:48:49 [XNIO-1 task-5] INFO  c.r.f.i.PlusWebInvokeTimeInterceptor - [PLUS]开始请求 => URL[DELETE /system/menu/103],无参数
2025-10-21 15:48:49 [XNIO-1 task-5] INFO  c.r.f.i.PlusWebInvokeTimeInterceptor - [PLUS]结束请求 => URL[DELETE /system/menu/103],耗时:[58]毫秒
2025-10-21 15:48:58 [XNIO-1 task-5] INFO  c.r.f.i.PlusWebInvokeTimeInterceptor - [PLUS]开始请求 => URL[DELETE /system/menu/1017],无参数
2025-10-21 15:48:58 [XNIO-1 task-5] INFO  c.r.f.i.PlusWebInvokeTimeInterceptor - [PLUS]结束请求 => URL[DELETE /system/menu/1017],耗时:[64]毫秒
2025-10-21 15:48:58 [XNIO-1 task-5] INFO  c.r.f.i.PlusWebInvokeTimeInterceptor - [PLUS]开始请求 => URL[GET /system/menu/list],无参数
2025-10-21 15:48:58 [XNIO-1 task-5] INFO  c.r.f.i.PlusWebInvokeTimeInterceptor - [PLUS]结束请求 => URL[GET /system/menu/list],耗时:[68]毫秒
2025-10-21 15:49:01 [XNIO-1 task-5] INFO  c.r.f.i.PlusWebInvokeTimeInterceptor - [PLUS]开始请求 => URL[DELETE /system/menu/1018],无参数
2025-10-21 15:49:01 [XNIO-1 task-5] INFO  c.r.f.i.PlusWebInvokeTimeInterceptor - [PLUS]结束请求 => URL[DELETE /system/menu/1018],耗时:[68]毫秒
2025-10-21 15:49:01 [XNIO-1 task-5] INFO  c.r.f.i.PlusWebInvokeTimeInterceptor - [PLUS]开始请求 => URL[GET /system/menu/list],无参数
2025-10-21 15:49:01 [XNIO-1 task-5] INFO  c.r.f.i.PlusWebInvokeTimeInterceptor - [PLUS]结束请求 => URL[GET /system/menu/list],耗时:[64]毫秒
2025-10-21 15:49:03 [XNIO-1 task-5] INFO  c.r.f.i.PlusWebInvokeTimeInterceptor - [PLUS]开始请求 => URL[DELETE /system/menu/1019],无参数
2025-10-21 15:49:03 [XNIO-1 task-5] INFO  c.r.f.i.PlusWebInvokeTimeInterceptor - [PLUS]结束请求 => URL[DELETE /system/menu/1019],耗时:[70]毫秒
2025-10-21 15:49:03 [XNIO-1 task-5] INFO  c.r.f.i.PlusWebInvokeTimeInterceptor - [PLUS]开始请求 => URL[GET /system/menu/list],无参数
2025-10-21 15:49:03 [XNIO-1 task-5] INFO  c.r.f.i.PlusWebInvokeTimeInterceptor - [PLUS]结束请求 => URL[GET /system/menu/list],耗时:[67]毫秒
2025-10-21 15:49:03 [XNIO-1 task-5] INFO  c.r.f.i.PlusWebInvokeTimeInterceptor - [PLUS]开始请求 => URL[DELETE /system/menu/1020],无参数
2025-10-21 15:49:03 [XNIO-1 task-5] INFO  c.r.f.i.PlusWebInvokeTimeInterceptor - [PLUS]结束请求 => URL[DELETE /system/menu/1020],耗时:[112]毫秒
2025-10-21 15:49:04 [XNIO-1 task-5] INFO  c.r.f.i.PlusWebInvokeTimeInterceptor - [PLUS]开始请求 => URL[GET /system/menu/list],无参数
2025-10-21 15:49:04 [XNIO-1 task-5] INFO  c.r.f.i.PlusWebInvokeTimeInterceptor - [PLUS]结束请求 => URL[GET /system/menu/list],耗时:[109]毫秒
2025-10-21 15:49:05 [XNIO-1 task-5] INFO  c.r.f.i.PlusWebInvokeTimeInterceptor - [PLUS]开始请求 => URL[DELETE /system/menu/103],无参数
2025-10-21 15:49:05 [XNIO-1 task-5] INFO  c.r.f.i.PlusWebInvokeTimeInterceptor - [PLUS]结束请求 => URL[DELETE /system/menu/103],耗时:[72]毫秒
2025-10-21 15:49:05 [XNIO-1 task-5] INFO  c.r.f.i.PlusWebInvokeTimeInterceptor - [PLUS]开始请求 => URL[GET /system/menu/list],无参数
2025-10-21 15:49:05 [XNIO-1 task-5] INFO  c.r.f.i.PlusWebInvokeTimeInterceptor - [PLUS]结束请求 => URL[GET /system/menu/list],耗时:[65]毫秒
2025-10-21 15:49:09 [XNIO-1 task-5] INFO  c.r.f.i.PlusWebInvokeTimeInterceptor - [PLUS]开始请求 => URL[DELETE /system/menu/1022],无参数
2025-10-21 15:49:09 [XNIO-1 task-5] INFO  c.r.f.i.PlusWebInvokeTimeInterceptor - [PLUS]结束请求 => URL[DELETE /system/menu/1022],耗时:[80]毫秒
2025-10-21 15:49:09 [XNIO-1 task-5] INFO  c.r.f.i.PlusWebInvokeTimeInterceptor - [PLUS]开始请求 => URL[GET /system/menu/list],无参数
2025-10-21 15:49:10 [XNIO-1 task-5] INFO  c.r.f.i.PlusWebInvokeTimeInterceptor - [PLUS]结束请求 => URL[GET /system/menu/list],耗时:[72]毫秒
2025-10-21 15:49:11 [XNIO-1 task-5] INFO  c.r.f.i.PlusWebInvokeTimeInterceptor - [PLUS]开始请求 => URL[DELETE /system/menu/1023],无参数
2025-10-21 15:49:11 [XNIO-1 task-5] INFO  c.r.f.i.PlusWebInvokeTimeInterceptor - [PLUS]结束请求 => URL[DELETE /system/menu/1023],耗时:[74]毫秒
2025-10-21 15:49:11 [XNIO-1 task-5] INFO  c.r.f.i.PlusWebInvokeTimeInterceptor - [PLUS]开始请求 => URL[GET /system/menu/list],无参数
2025-10-21 15:49:11 [XNIO-1 task-5] INFO  c.r.f.i.PlusWebInvokeTimeInterceptor - [PLUS]结束请求 => URL[GET /system/menu/list],耗时:[67]毫秒
2025-10-21 15:49:12 [XNIO-1 task-5] INFO  c.r.f.i.PlusWebInvokeTimeInterceptor - [PLUS]开始请求 => URL[DELETE /system/menu/1024],无参数
2025-10-21 15:49:12 [XNIO-1 task-5] INFO  c.r.f.i.PlusWebInvokeTimeInterceptor - [PLUS]结束请求 => URL[DELETE /system/menu/1024],耗时:[69]毫秒
2025-10-21 15:49:12 [XNIO-1 task-5] INFO  c.r.f.i.PlusWebInvokeTimeInterceptor - [PLUS]开始请求 => URL[GET /system/menu/list],无参数
2025-10-21 15:49:12 [XNIO-1 task-5] INFO  c.r.f.i.PlusWebInvokeTimeInterceptor - [PLUS]结束请求 => URL[GET /system/menu/list],耗时:[73]毫秒
2025-10-21 15:49:13 [XNIO-1 task-5] INFO  c.r.f.i.PlusWebInvokeTimeInterceptor - [PLUS]开始请求 => URL[DELETE /system/menu/1025],无参数
2025-10-21 15:49:13 [XNIO-1 task-5] INFO  c.r.f.i.PlusWebInvokeTimeInterceptor - [PLUS]结束请求 => URL[DELETE /system/menu/1025],耗时:[81]毫秒
2025-10-21 15:49:13 [XNIO-1 task-5] INFO  c.r.f.i.PlusWebInvokeTimeInterceptor - [PLUS]开始请求 => URL[GET /system/menu/list],无参数
2025-10-21 15:49:13 [XNIO-1 task-5] INFO  c.r.f.i.PlusWebInvokeTimeInterceptor - [PLUS]结束请求 => URL[GET /system/menu/list],耗时:[76]毫秒
2025-10-21 15:49:14 [XNIO-1 task-5] INFO  c.r.f.i.PlusWebInvokeTimeInterceptor - [PLUS]开始请求 => URL[DELETE /system/menu/1021],无参数
2025-10-21 15:49:14 [XNIO-1 task-5] INFO  c.r.f.i.PlusWebInvokeTimeInterceptor - [PLUS]结束请求 => URL[DELETE /system/menu/1021],耗时:[67]毫秒
2025-10-21 15:49:14 [XNIO-1 task-5] INFO  c.r.f.i.PlusWebInvokeTimeInterceptor - [PLUS]开始请求 => URL[GET /system/menu/list],无参数
2025-10-21 15:49:14 [XNIO-1 task-5] INFO  c.r.f.i.PlusWebInvokeTimeInterceptor - [PLUS]结束请求 => URL[GET /system/menu/list],耗时:[71]毫秒
2025-10-21 15:49:15 [XNIO-1 task-5] INFO  c.r.f.i.PlusWebInvokeTimeInterceptor - [PLUS]开始请求 => URL[DELETE /system/menu/104],无参数
2025-10-21 15:49:15 [XNIO-1 task-5] INFO  c.r.f.i.PlusWebInvokeTimeInterceptor - [PLUS]结束请求 => URL[DELETE /system/menu/104],耗时:[70]毫秒
2025-10-21 15:49:15 [XNIO-1 task-5] INFO  c.r.f.i.PlusWebInvokeTimeInterceptor - [PLUS]开始请求 => URL[GET /system/menu/list],无参数
2025-10-21 15:49:15 [XNIO-1 task-5] INFO  c.r.f.i.PlusWebInvokeTimeInterceptor - [PLUS]结束请求 => URL[GET /system/menu/list],耗时:[68]毫秒
2025-10-21 15:49:20 [XNIO-1 task-5] INFO  c.r.f.i.PlusWebInvokeTimeInterceptor - [PLUS]开始请求 => URL[DELETE /system/menu/105],无参数
2025-10-21 15:49:20 [XNIO-1 task-5] INFO  c.r.f.i.PlusWebInvokeTimeInterceptor - [PLUS]结束请求 => URL[DELETE /system/menu/105],耗时:[59]毫秒
2025-10-21 15:49:24 [XNIO-1 task-5] INFO  c.r.f.i.PlusWebInvokeTimeInterceptor - [PLUS]开始请求 => URL[DELETE /system/menu/1026],无参数
2025-10-21 15:49:24 [XNIO-1 task-5] INFO  c.r.f.i.PlusWebInvokeTimeInterceptor - [PLUS]结束请求 => URL[DELETE /system/menu/1026],耗时:[74]毫秒
2025-10-21 15:49:24 [XNIO-1 task-5] INFO  c.r.f.i.PlusWebInvokeTimeInterceptor - [PLUS]开始请求 => URL[GET /system/menu/list],无参数
2025-10-21 15:49:24 [XNIO-1 task-5] INFO  c.r.f.i.PlusWebInvokeTimeInterceptor - [PLUS]结束请求 => URL[GET /system/menu/list],耗时:[67]毫秒
2025-10-21 15:49:25 [XNIO-1 task-5] INFO  c.r.f.i.PlusWebInvokeTimeInterceptor - [PLUS]开始请求 => URL[DELETE /system/menu/1027],无参数
2025-10-21 15:49:25 [XNIO-1 task-5] INFO  c.r.f.i.PlusWebInvokeTimeInterceptor - [PLUS]结束请求 => URL[DELETE /system/menu/1027],耗时:[70]毫秒
2025-10-21 15:49:25 [XNIO-1 task-5] INFO  c.r.f.i.PlusWebInvokeTimeInterceptor - [PLUS]开始请求 => URL[GET /system/menu/list],无参数
2025-10-21 15:49:25 [XNIO-1 task-5] INFO  c.r.f.i.PlusWebInvokeTimeInterceptor - [PLUS]结束请求 => URL[GET /system/menu/list],耗时:[67]毫秒
2025-10-21 15:49:28 [XNIO-1 task-5] INFO  c.r.f.i.PlusWebInvokeTimeInterceptor - [PLUS]开始请求 => URL[DELETE /system/menu/1028],无参数
2025-10-21 15:49:28 [XNIO-1 task-5] INFO  c.r.f.i.PlusWebInvokeTimeInterceptor - [PLUS]结束请求 => URL[DELETE /system/menu/1028],耗时:[73]毫秒
2025-10-21 15:49:28 [XNIO-1 task-5] INFO  c.r.f.i.PlusWebInvokeTimeInterceptor - [PLUS]开始请求 => URL[GET /system/menu/list],无参数
2025-10-21 15:49:28 [XNIO-1 task-5] INFO  c.r.f.i.PlusWebInvokeTimeInterceptor - [PLUS]结束请求 => URL[GET /system/menu/list],耗时:[68]毫秒
2025-10-21 15:49:29 [XNIO-1 task-5] INFO  c.r.f.i.PlusWebInvokeTimeInterceptor - [PLUS]开始请求 => URL[DELETE /system/menu/1029],无参数
2025-10-21 15:49:29 [XNIO-1 task-5] INFO  c.r.f.i.PlusWebInvokeTimeInterceptor - [PLUS]结束请求 => URL[DELETE /system/menu/1029],耗时:[71]毫秒
2025-10-21 15:49:29 [XNIO-1 task-5] INFO  c.r.f.i.PlusWebInvokeTimeInterceptor - [PLUS]开始请求 => URL[GET /system/menu/list],无参数
2025-10-21 15:49:29 [XNIO-1 task-5] INFO  c.r.f.i.PlusWebInvokeTimeInterceptor - [PLUS]结束请求 => URL[GET /system/menu/list],耗时:[67]毫秒
2025-10-21 15:49:31 [XNIO-1 task-5] INFO  c.r.f.i.PlusWebInvokeTimeInterceptor - [PLUS]开始请求 => URL[DELETE /system/menu/1030],无参数
2025-10-21 15:49:31 [XNIO-1 task-5] INFO  c.r.f.i.PlusWebInvokeTimeInterceptor - [PLUS]结束请求 => URL[DELETE /system/menu/1030],耗时:[70]毫秒
2025-10-21 15:49:31 [XNIO-1 task-5] INFO  c.r.f.i.PlusWebInvokeTimeInterceptor - [PLUS]开始请求 => URL[GET /system/menu/list],无参数
2025-10-21 15:49:31 [XNIO-1 task-5] INFO  c.r.f.i.PlusWebInvokeTimeInterceptor - [PLUS]结束请求 => URL[GET /system/menu/list],耗时:[72]毫秒
2025-10-21 15:49:33 [XNIO-1 task-5] INFO  c.r.f.i.PlusWebInvokeTimeInterceptor - [PLUS]开始请求 => URL[DELETE /system/menu/106],无参数
2025-10-21 15:49:33 [XNIO-1 task-5] INFO  c.r.f.i.PlusWebInvokeTimeInterceptor - [PLUS]结束请求 => URL[DELETE /system/menu/106],耗时:[58]毫秒
2025-10-21 15:49:34 [XNIO-1 task-5] INFO  c.r.f.i.PlusWebInvokeTimeInterceptor - [PLUS]开始请求 => URL[DELETE /system/menu/105],无参数
2025-10-21 15:49:34 [XNIO-1 task-5] INFO  c.r.f.i.PlusWebInvokeTimeInterceptor - [PLUS]结束请求 => URL[DELETE /system/menu/105],耗时:[76]毫秒
2025-10-21 15:49:34 [XNIO-1 task-5] INFO  c.r.f.i.PlusWebInvokeTimeInterceptor - [PLUS]开始请求 => URL[GET /system/menu/list],无参数
2025-10-21 15:49:34 [XNIO-1 task-5] INFO  c.r.f.i.PlusWebInvokeTimeInterceptor - [PLUS]结束请求 => URL[GET /system/menu/list],耗时:[64]毫秒
2025-10-21 15:49:37 [XNIO-1 task-5] INFO  c.r.f.i.PlusWebInvokeTimeInterceptor - [PLUS]开始请求 => URL[DELETE /system/menu/1036],无参数
2025-10-21 15:49:37 [XNIO-1 task-5] INFO  c.r.f.i.PlusWebInvokeTimeInterceptor - [PLUS]结束请求 => URL[DELETE /system/menu/1036],耗时:[76]毫秒
2025-10-21 15:49:37 [XNIO-1 task-5] INFO  c.r.f.i.PlusWebInvokeTimeInterceptor - [PLUS]开始请求 => URL[GET /system/menu/list],无参数
2025-10-21 15:49:37 [XNIO-1 task-5] INFO  c.r.f.i.PlusWebInvokeTimeInterceptor - [PLUS]结束请求 => URL[GET /system/menu/list],耗时:[68]毫秒
2025-10-21 15:49:38 [XNIO-1 task-5] INFO  c.r.f.i.PlusWebInvokeTimeInterceptor - [PLUS]开始请求 => URL[DELETE /system/menu/1037],无参数
2025-10-21 15:49:38 [XNIO-1 task-5] INFO  c.r.f.i.PlusWebInvokeTimeInterceptor - [PLUS]结束请求 => URL[DELETE /system/menu/1037],耗时:[74]毫秒
2025-10-21 15:49:38 [XNIO-1 task-5] INFO  c.r.f.i.PlusWebInvokeTimeInterceptor - [PLUS]开始请求 => URL[GET /system/menu/list],无参数
2025-10-21 15:49:38 [XNIO-1 task-5] INFO  c.r.f.i.PlusWebInvokeTimeInterceptor - [PLUS]结束请求 => URL[GET /system/menu/list],耗时:[70]毫秒
2025-10-21 15:49:38 [XNIO-1 task-5] INFO  c.r.f.i.PlusWebInvokeTimeInterceptor - [PLUS]开始请求 => URL[DELETE /system/menu/1038],无参数
2025-10-21 15:49:39 [XNIO-1 task-5] INFO  c.r.f.i.PlusWebInvokeTimeInterceptor - [PLUS]结束请求 => URL[DELETE /system/menu/1038],耗时:[70]毫秒
2025-10-21 15:49:39 [XNIO-1 task-5] INFO  c.r.f.i.PlusWebInvokeTimeInterceptor - [PLUS]开始请求 => URL[GET /system/menu/list],无参数
2025-10-21 15:49:39 [XNIO-1 task-5] INFO  c.r.f.i.PlusWebInvokeTimeInterceptor - [PLUS]结束请求 => URL[GET /system/menu/list],耗时:[70]毫秒
2025-10-21 15:49:41 [XNIO-1 task-5] INFO  c.r.f.i.PlusWebInvokeTimeInterceptor - [PLUS]开始请求 => URL[DELETE /system/menu/1039],无参数
2025-10-21 15:49:41 [XNIO-1 task-5] INFO  c.r.f.i.PlusWebInvokeTimeInterceptor - [PLUS]结束请求 => URL[DELETE /system/menu/1039],耗时:[72]毫秒
2025-10-21 15:49:41 [XNIO-1 task-5] INFO  c.r.f.i.PlusWebInvokeTimeInterceptor - [PLUS]开始请求 => URL[GET /system/menu/list],无参数
2025-10-21 15:49:41 [XNIO-1 task-5] INFO  c.r.f.i.PlusWebInvokeTimeInterceptor - [PLUS]结束请求 => URL[GET /system/menu/list],耗时:[67]毫秒
2025-10-21 15:49:43 [XNIO-1 task-5] INFO  c.r.f.i.PlusWebInvokeTimeInterceptor - [PLUS]开始请求 => URL[DELETE /system/menu/107],无参数
2025-10-21 15:49:43 [XNIO-1 task-5] INFO  c.r.f.i.PlusWebInvokeTimeInterceptor - [PLUS]结束请求 => URL[DELETE /system/menu/107],耗时:[69]毫秒
2025-10-21 15:49:43 [XNIO-1 task-5] INFO  c.r.f.i.PlusWebInvokeTimeInterceptor - [PLUS]开始请求 => URL[GET /system/menu/list],无参数
2025-10-21 15:49:43 [XNIO-1 task-5] INFO  c.r.f.i.PlusWebInvokeTimeInterceptor - [PLUS]结束请求 => URL[GET /system/menu/list],耗时:[68]毫秒
2025-10-21 15:49:44 [XNIO-1 task-5] INFO  c.r.f.i.PlusWebInvokeTimeInterceptor - [PLUS]开始请求 => URL[DELETE /system/menu/108],无参数
2025-10-21 15:49:44 [XNIO-1 task-5] INFO  c.r.f.i.PlusWebInvokeTimeInterceptor - [PLUS]结束请求 => URL[DELETE /system/menu/108],耗时:[60]毫秒
2025-10-21 15:49:50 [XNIO-1 task-5] INFO  c.r.f.i.PlusWebInvokeTimeInterceptor - [PLUS]开始请求 => URL[DELETE /system/menu/1040],无参数
2025-10-21 15:49:50 [XNIO-1 task-5] INFO  c.r.f.i.PlusWebInvokeTimeInterceptor - [PLUS]结束请求 => URL[DELETE /system/menu/1040],耗时:[71]毫秒
2025-10-21 15:49:50 [XNIO-1 task-5] INFO  c.r.f.i.PlusWebInvokeTimeInterceptor - [PLUS]开始请求 => URL[GET /system/menu/list],无参数
2025-10-21 15:49:50 [XNIO-1 task-5] INFO  c.r.f.i.PlusWebInvokeTimeInterceptor - [PLUS]结束请求 => URL[GET /system/menu/list],耗时:[69]毫秒
2025-10-21 15:49:50 [XNIO-1 task-5] INFO  c.r.f.i.PlusWebInvokeTimeInterceptor - [PLUS]开始请求 => URL[DELETE /system/menu/1041],无参数
2025-10-21 15:49:50 [XNIO-1 task-5] INFO  c.r.f.i.PlusWebInvokeTimeInterceptor - [PLUS]结束请求 => URL[DELETE /system/menu/1041],耗时:[68]毫秒
2025-10-21 15:49:50 [XNIO-1 task-5] INFO  c.r.f.i.PlusWebInvokeTimeInterceptor - [PLUS]开始请求 => URL[GET /system/menu/list],无参数
2025-10-21 15:49:50 [XNIO-1 task-5] INFO  c.r.f.i.PlusWebInvokeTimeInterceptor - [PLUS]结束请求 => URL[GET /system/menu/list],耗时:[68]毫秒
2025-10-21 15:49:51 [XNIO-1 task-5] INFO  c.r.f.i.PlusWebInvokeTimeInterceptor - [PLUS]开始请求 => URL[DELETE /system/menu/1042],无参数
2025-10-21 15:49:51 [XNIO-1 task-5] INFO  c.r.f.i.PlusWebInvokeTimeInterceptor - [PLUS]结束请求 => URL[DELETE /system/menu/1042],耗时:[72]毫秒
2025-10-21 15:49:51 [XNIO-1 task-5] INFO  c.r.f.i.PlusWebInvokeTimeInterceptor - [PLUS]开始请求 => URL[GET /system/menu/list],无参数
2025-10-21 15:49:51 [XNIO-1 task-5] INFO  c.r.f.i.PlusWebInvokeTimeInterceptor - [PLUS]结束请求 => URL[GET /system/menu/list],耗时:[71]毫秒
2025-10-21 15:49:52 [XNIO-1 task-5] INFO  c.r.f.i.PlusWebInvokeTimeInterceptor - [PLUS]开始请求 => URL[DELETE /system/menu/501],无参数
2025-10-21 15:49:52 [XNIO-1 task-5] INFO  c.r.f.i.PlusWebInvokeTimeInterceptor - [PLUS]结束请求 => URL[DELETE /system/menu/501],耗时:[57]毫秒
2025-10-21 15:49:53 [XNIO-1 task-5] INFO  c.r.f.i.PlusWebInvokeTimeInterceptor - [PLUS]开始请求 => URL[DELETE /system/menu/500],无参数
2025-10-21 15:49:53 [XNIO-1 task-5] INFO  c.r.f.i.PlusWebInvokeTimeInterceptor - [PLUS]结束请求 => URL[DELETE /system/menu/500],耗时:[76]毫秒
2025-10-21 15:49:53 [XNIO-1 task-5] INFO  c.r.f.i.PlusWebInvokeTimeInterceptor - [PLUS]开始请求 => URL[GET /system/menu/list],无参数
2025-10-21 15:49:53 [XNIO-1 task-5] INFO  c.r.f.i.PlusWebInvokeTimeInterceptor - [PLUS]结束请求 => URL[GET /system/menu/list],耗时:[66]毫秒
2025-10-21 15:49:54 [XNIO-1 task-5] INFO  c.r.f.i.PlusWebInvokeTimeInterceptor - [PLUS]开始请求 => URL[DELETE /system/menu/501],无参数
2025-10-21 15:49:54 [XNIO-1 task-5] INFO  c.r.f.i.PlusWebInvokeTimeInterceptor - [PLUS]结束请求 => URL[DELETE /system/menu/501],耗时:[57]毫秒
2025-10-21 15:49:57 [XNIO-1 task-5] INFO  c.r.f.i.PlusWebInvokeTimeInterceptor - [PLUS]开始请求 => URL[DELETE /system/menu/1043],无参数
2025-10-21 15:49:57 [XNIO-1 task-5] INFO  c.r.f.i.PlusWebInvokeTimeInterceptor - [PLUS]结束请求 => URL[DELETE /system/menu/1043],耗时:[72]毫秒
2025-10-21 15:49:57 [XNIO-1 task-5] INFO  c.r.f.i.PlusWebInvokeTimeInterceptor - [PLUS]开始请求 => URL[GET /system/menu/list],无参数
2025-10-21 15:49:57 [XNIO-1 task-5] INFO  c.r.f.i.PlusWebInvokeTimeInterceptor - [PLUS]结束请求 => URL[GET /system/menu/list],耗时:[72]毫秒
2025-10-21 15:49:58 [XNIO-1 task-5] INFO  c.r.f.i.PlusWebInvokeTimeInterceptor - [PLUS]开始请求 => URL[DELETE /system/menu/1044],无参数
2025-10-21 15:49:58 [XNIO-1 task-5] INFO  c.r.f.i.PlusWebInvokeTimeInterceptor - [PLUS]结束请求 => URL[DELETE /system/menu/1044],耗时:[73]毫秒
2025-10-21 15:49:58 [XNIO-1 task-5] INFO  c.r.f.i.PlusWebInvokeTimeInterceptor - [PLUS]开始请求 => URL[GET /system/menu/list],无参数
2025-10-21 15:49:59 [XNIO-1 task-5] INFO  c.r.f.i.PlusWebInvokeTimeInterceptor - [PLUS]结束请求 => URL[GET /system/menu/list],耗时:[71]毫秒
2025-10-21 15:50:00 [XNIO-1 task-5] INFO  c.r.f.i.PlusWebInvokeTimeInterceptor - [PLUS]开始请求 => URL[DELETE /system/menu/1045],无参数
2025-10-21 15:50:00 [XNIO-1 task-5] INFO  c.r.f.i.PlusWebInvokeTimeInterceptor - [PLUS]结束请求 => URL[DELETE /system/menu/1045],耗时:[69]毫秒
2025-10-21 15:50:00 [XNIO-1 task-5] INFO  c.r.f.i.PlusWebInvokeTimeInterceptor - [PLUS]开始请求 => URL[GET /system/menu/list],无参数
2025-10-21 15:50:00 [XNIO-1 task-5] INFO  c.r.f.i.PlusWebInvokeTimeInterceptor - [PLUS]结束请求 => URL[GET /system/menu/list],耗时:[69]毫秒
2025-10-21 15:50:01 [XNIO-1 task-5] INFO  c.r.f.i.PlusWebInvokeTimeInterceptor - [PLUS]开始请求 => URL[DELETE /system/menu/1050],无参数
2025-10-21 15:50:01 [XNIO-1 task-5] INFO  c.r.f.i.PlusWebInvokeTimeInterceptor - [PLUS]结束请求 => URL[DELETE /system/menu/1050],耗时:[80]毫秒
2025-10-21 15:50:01 [XNIO-1 task-5] INFO  c.r.f.i.PlusWebInvokeTimeInterceptor - [PLUS]开始请求 => URL[GET /system/menu/list],无参数
2025-10-21 15:50:01 [XNIO-1 task-5] INFO  c.r.f.i.PlusWebInvokeTimeInterceptor - [PLUS]结束请求 => URL[GET /system/menu/list],耗时:[67]毫秒
2025-10-21 15:50:02 [XNIO-1 task-5] INFO  c.r.f.i.PlusWebInvokeTimeInterceptor - [PLUS]开始请求 => URL[DELETE /system/menu/501],无参数
2025-10-21 15:50:02 [XNIO-1 task-5] INFO  c.r.f.i.PlusWebInvokeTimeInterceptor - [PLUS]结束请求 => URL[DELETE /system/menu/501],耗时:[72]毫秒
2025-10-21 15:50:02 [XNIO-1 task-5] INFO  c.r.f.i.PlusWebInvokeTimeInterceptor - [PLUS]开始请求 => URL[GET /system/menu/list],无参数
2025-10-21 15:50:02 [XNIO-1 task-5] INFO  c.r.f.i.PlusWebInvokeTimeInterceptor - [PLUS]结束请求 => URL[GET /system/menu/list],耗时:[67]毫秒
2025-10-21 15:50:05 [XNIO-1 task-5] INFO  c.r.f.i.PlusWebInvokeTimeInterceptor - [PLUS]开始请求 => URL[DELETE /system/menu/108],无参数
2025-10-21 15:50:05 [XNIO-1 task-5] INFO  c.r.f.i.PlusWebInvokeTimeInterceptor - [PLUS]结束请求 => URL[DELETE /system/menu/108],耗时:[70]毫秒
2025-10-21 15:50:05 [XNIO-1 task-5] INFO  c.r.f.i.PlusWebInvokeTimeInterceptor - [PLUS]开始请求 => URL[GET /system/menu/list],无参数
2025-10-21 15:50:05 [XNIO-1 task-5] INFO  c.r.f.i.PlusWebInvokeTimeInterceptor - [PLUS]结束请求 => URL[GET /system/menu/list],耗时:[65]毫秒
2025-10-21 15:50:28 [XNIO-1 task-5] INFO  c.r.f.i.PlusWebInvokeTimeInterceptor - [PLUS]开始请求 => URL[DELETE /system/menu/1031],无参数
2025-10-21 15:50:28 [XNIO-1 task-5] INFO  c.r.f.i.PlusWebInvokeTimeInterceptor - [PLUS]结束请求 => URL[DELETE /system/menu/1031],耗时:[74]毫秒
2025-10-21 15:50:28 [XNIO-1 task-5] INFO  c.r.f.i.PlusWebInvokeTimeInterceptor - [PLUS]开始请求 => URL[GET /system/menu/list],无参数
2025-10-21 15:50:28 [XNIO-1 task-5] INFO  c.r.f.i.PlusWebInvokeTimeInterceptor - [PLUS]结束请求 => URL[GET /system/menu/list],耗时:[72]毫秒
2025-10-21 15:50:29 [XNIO-1 task-5] INFO  c.r.f.i.PlusWebInvokeTimeInterceptor - [PLUS]开始请求 => URL[DELETE /system/menu/1032],无参数
2025-10-21 15:50:29 [XNIO-1 task-5] INFO  c.r.f.i.PlusWebInvokeTimeInterceptor - [PLUS]结束请求 => URL[DELETE /system/menu/1032],耗时:[70]毫秒
2025-10-21 15:50:29 [XNIO-1 task-5] INFO  c.r.f.i.PlusWebInvokeTimeInterceptor - [PLUS]开始请求 => URL[GET /system/menu/list],无参数
2025-10-21 15:50:29 [XNIO-1 task-5] INFO  c.r.f.i.PlusWebInvokeTimeInterceptor - [PLUS]结束请求 => URL[GET /system/menu/list],耗时:[67]毫秒
2025-10-21 15:50:30 [XNIO-1 task-5] INFO  c.r.f.i.PlusWebInvokeTimeInterceptor - [PLUS]开始请求 => URL[DELETE /system/menu/1033],无参数
2025-10-21 15:50:30 [XNIO-1 task-5] INFO  c.r.f.i.PlusWebInvokeTimeInterceptor - [PLUS]结束请求 => URL[DELETE /system/menu/1033],耗时:[67]毫秒
2025-10-21 15:50:30 [XNIO-1 task-5] INFO  c.r.f.i.PlusWebInvokeTimeInterceptor - [PLUS]开始请求 => URL[GET /system/menu/list],无参数
2025-10-21 15:50:30 [XNIO-1 task-5] INFO  c.r.f.i.PlusWebInvokeTimeInterceptor - [PLUS]结束请求 => URL[GET /system/menu/list],耗时:[63]毫秒
2025-10-21 15:50:31 [XNIO-1 task-5] INFO  c.r.f.i.PlusWebInvokeTimeInterceptor - [PLUS]开始请求 => URL[DELETE /system/menu/1034],无参数
2025-10-21 15:50:31 [XNIO-1 task-5] INFO  c.r.f.i.PlusWebInvokeTimeInterceptor - [PLUS]结束请求 => URL[DELETE /system/menu/1034],耗时:[72]毫秒
2025-10-21 15:50:31 [XNIO-1 task-5] INFO  c.r.f.i.PlusWebInvokeTimeInterceptor - [PLUS]开始请求 => URL[GET /system/menu/list],无参数
2025-10-21 15:50:31 [XNIO-1 task-5] INFO  c.r.f.i.PlusWebInvokeTimeInterceptor - [PLUS]结束请求 => URL[GET /system/menu/list],耗时:[68]毫秒
2025-10-21 15:50:32 [XNIO-1 task-5] INFO  c.r.f.i.PlusWebInvokeTimeInterceptor - [PLUS]开始请求 => URL[DELETE /system/menu/1035],无参数
2025-10-21 15:50:32 [XNIO-1 task-5] INFO  c.r.f.i.PlusWebInvokeTimeInterceptor - [PLUS]结束请求 => URL[DELETE /system/menu/1035],耗时:[67]毫秒
2025-10-21 15:50:32 [XNIO-1 task-5] INFO  c.r.f.i.PlusWebInvokeTimeInterceptor - [PLUS]开始请求 => URL[GET /system/menu/list],无参数
2025-10-21 15:50:32 [XNIO-1 task-5] INFO  c.r.f.i.PlusWebInvokeTimeInterceptor - [PLUS]结束请求 => URL[GET /system/menu/list],耗时:[68]毫秒
2025-10-21 15:50:33 [XNIO-1 task-5] INFO  c.r.f.i.PlusWebInvokeTimeInterceptor - [PLUS]开始请求 => URL[DELETE /system/menu/106],无参数
2025-10-21 15:50:33 [XNIO-1 task-5] INFO  c.r.f.i.PlusWebInvokeTimeInterceptor - [PLUS]结束请求 => URL[DELETE /system/menu/106],耗时:[71]毫秒
2025-10-21 15:50:33 [XNIO-1 task-5] INFO  c.r.f.i.PlusWebInvokeTimeInterceptor - [PLUS]开始请求 => URL[GET /system/menu/list],无参数
2025-10-21 15:50:33 [XNIO-1 task-5] INFO  c.r.f.i.PlusWebInvokeTimeInterceptor - [PLUS]结束请求 => URL[GET /system/menu/list],耗时:[73]毫秒
2025-10-21 15:50:39 [XNIO-1 task-5] INFO  c.r.f.i.PlusWebInvokeTimeInterceptor - [PLUS]开始请求 => URL[DELETE /system/menu/1833064781008461832],无参数
2025-10-21 15:50:39 [XNIO-1 task-5] INFO  c.r.f.i.PlusWebInvokeTimeInterceptor - [PLUS]结束请求 => URL[DELETE /system/menu/1833064781008461832],耗时:[72]毫秒
2025-10-21 15:50:39 [XNIO-1 task-5] INFO  c.r.f.i.PlusWebInvokeTimeInterceptor - [PLUS]开始请求 => URL[GET /system/menu/list],无参数
2025-10-21 15:50:39 [XNIO-1 task-5] INFO  c.r.f.i.PlusWebInvokeTimeInterceptor - [PLUS]结束请求 => URL[GET /system/menu/list],耗时:[64]毫秒
2025-10-21 15:50:43 [XNIO-1 task-5] INFO  c.r.f.i.PlusWebInvokeTimeInterceptor - [PLUS]开始请求 => URL[DELETE /system/menu/1822222362158624770],无参数
2025-10-21 15:50:44 [XNIO-1 task-5] INFO  c.r.f.i.PlusWebInvokeTimeInterceptor - [PLUS]结束请求 => URL[DELETE /system/menu/1822222362158624770],耗时:[74]毫秒
2025-10-21 15:50:44 [XNIO-1 task-5] INFO  c.r.f.i.PlusWebInvokeTimeInterceptor - [PLUS]开始请求 => URL[GET /system/menu/list],无参数
2025-10-21 15:50:44 [XNIO-1 task-5] INFO  c.r.f.i.PlusWebInvokeTimeInterceptor - [PLUS]结束请求 => URL[GET /system/menu/list],耗时:[62]毫秒
2025-10-21 15:50:44 [XNIO-1 task-5] INFO  c.r.f.i.PlusWebInvokeTimeInterceptor - [PLUS]开始请求 => URL[DELETE /system/menu/1822222589187911682],无参数
2025-10-21 15:50:44 [XNIO-1 task-5] INFO  c.r.f.i.PlusWebInvokeTimeInterceptor - [PLUS]结束请求 => URL[DELETE /system/menu/1822222589187911682],耗时:[69]毫秒
2025-10-21 15:50:44 [XNIO-1 task-5] INFO  c.r.f.i.PlusWebInvokeTimeInterceptor - [PLUS]开始请求 => URL[GET /system/menu/list],无参数
2025-10-21 15:50:44 [XNIO-1 task-5] INFO  c.r.f.i.PlusWebInvokeTimeInterceptor - [PLUS]结束请求 => URL[GET /system/menu/list],耗时:[68]毫秒
2025-10-21 15:50:45 [XNIO-1 task-5] INFO  c.r.f.i.PlusWebInvokeTimeInterceptor - [PLUS]开始请求 => URL[DELETE /system/menu/1822222692422316034],无参数
2025-10-21 15:50:45 [XNIO-1 task-5] INFO  c.r.f.i.PlusWebInvokeTimeInterceptor - [PLUS]结束请求 => URL[DELETE /system/menu/1822222692422316034],耗时:[72]毫秒
2025-10-21 15:50:45 [XNIO-1 task-5] INFO  c.r.f.i.PlusWebInvokeTimeInterceptor - [PLUS]开始请求 => URL[GET /system/menu/list],无参数
2025-10-21 15:50:45 [XNIO-1 task-5] INFO  c.r.f.i.PlusWebInvokeTimeInterceptor - [PLUS]结束请求 => URL[GET /system/menu/list],耗时:[64]毫秒
2025-10-21 15:50:47 [XNIO-1 task-5] INFO  c.r.f.i.PlusWebInvokeTimeInterceptor - [PLUS]开始请求 => URL[DELETE /system/menu/1822222799565811713],无参数
2025-10-21 15:50:47 [XNIO-1 task-5] INFO  c.r.f.i.PlusWebInvokeTimeInterceptor - [PLUS]结束请求 => URL[DELETE /system/menu/1822222799565811713],耗时:[63]毫秒
2025-10-21 15:50:47 [XNIO-1 task-5] INFO  c.r.f.i.PlusWebInvokeTimeInterceptor - [PLUS]开始请求 => URL[GET /system/menu/list],无参数
2025-10-21 15:50:47 [XNIO-1 task-5] INFO  c.r.f.i.PlusWebInvokeTimeInterceptor - [PLUS]结束请求 => URL[GET /system/menu/list],耗时:[67]毫秒
2025-10-21 15:50:48 [XNIO-1 task-5] INFO  c.r.f.i.PlusWebInvokeTimeInterceptor - [PLUS]开始请求 => URL[DELETE /system/menu/1822222029516763138],无参数
2025-10-21 15:50:48 [XNIO-1 task-5] INFO  c.r.f.i.PlusWebInvokeTimeInterceptor - [PLUS]结束请求 => URL[DELETE /system/menu/1822222029516763138],耗时:[71]毫秒
2025-10-21 15:50:48 [XNIO-1 task-5] INFO  c.r.f.i.PlusWebInvokeTimeInterceptor - [PLUS]开始请求 => URL[GET /system/menu/list],无参数
2025-10-21 15:50:48 [XNIO-1 task-5] INFO  c.r.f.i.PlusWebInvokeTimeInterceptor - [PLUS]结束请求 => URL[GET /system/menu/list],耗时:[65]毫秒
2025-10-21 15:50:54 [XNIO-1 task-5] INFO  c.r.f.i.PlusWebInvokeTimeInterceptor - [PLUS]开始请求 => URL[GET /getInfo],无参数
2025-10-21 15:50:54 [XNIO-1 task-5] INFO  c.r.f.i.PlusWebInvokeTimeInterceptor - [PLUS]结束请求 => URL[GET /getInfo],耗时:[49]毫秒
2025-10-21 15:50:54 [XNIO-1 task-5] INFO  c.r.f.i.PlusWebInvokeTimeInterceptor - [PLUS]开始请求 => URL[GET /getRouters],无参数
2025-10-21 15:50:54 [XNIO-1 task-5] INFO  c.r.f.i.PlusWebInvokeTimeInterceptor - [PLUS]结束请求 => URL[GET /getRouters],耗时:[33]毫秒
2025-10-21 15:50:55 [XNIO-1 task-11] INFO  c.r.f.i.PlusWebInvokeTimeInterceptor - [PLUS]开始请求 => URL[GET /system/menu/list],无参数
2025-10-21 15:50:55 [XNIO-1 task-7] INFO  c.r.f.i.PlusWebInvokeTimeInterceptor - [PLUS]开始请求 => URL[GET /system/dict/data/type/sys_show_hide],无参数
2025-10-21 15:50:55 [XNIO-1 task-5] INFO  c.r.f.i.PlusWebInvokeTimeInterceptor - [PLUS]开始请求 => URL[GET /system/dict/data/type/sys_normal_disable],无参数
2025-10-21 15:50:55 [XNIO-1 task-5] INFO  c.r.f.i.PlusWebInvokeTimeInterceptor - [PLUS]结束请求 => URL[GET /system/dict/data/type/sys_normal_disable],耗时:[23]毫秒
2025-10-21 15:50:55 [XNIO-1 task-7] INFO  c.r.f.i.PlusWebInvokeTimeInterceptor - [PLUS]结束请求 => URL[GET /system/dict/data/type/sys_show_hide],耗时:[23]毫秒
2025-10-21 15:50:55 [XNIO-1 task-11] INFO  c.r.f.i.PlusWebInvokeTimeInterceptor - [PLUS]结束请求 => URL[GET /system/menu/list],耗时:[62]毫秒
2025-10-21 15:50:57 [XNIO-1 task-11] INFO  c.r.f.i.PlusWebInvokeTimeInterceptor - [PLUS]开始请求 => URL[GET /business/arbiterMapRiver/list],参数类型[param],参数:[{"pageSize":["10"],"pageNum":["1"]}]
2025-10-21 15:50:57 [XNIO-1 task-11] INFO  c.r.f.i.PlusWebInvokeTimeInterceptor - [PLUS]结束请求 => URL[GET /business/arbiterMapRiver/list],耗时:[81]毫秒
2025-10-21 15:50:58 [XNIO-1 task-11] INFO  c.r.f.i.PlusWebInvokeTimeInterceptor - [PLUS]开始请求 => URL[GET /business/arbiterMapRoad/list],参数类型[param],参数:[{"pageSize":["10"],"pageNum":["1"]}]
2025-10-21 15:50:58 [XNIO-1 task-11] INFO  c.r.f.i.PlusWebInvokeTimeInterceptor - [PLUS]结束请求 => URL[GET /business/arbiterMapRoad/list],耗时:[81]毫秒
2025-10-21 15:51:01 [XNIO-1 task-11] INFO  c.r.f.i.PlusWebInvokeTimeInterceptor - [PLUS]开始请求 => URL[GET /business/product/queryProductList],无参数
2025-10-21 15:51:01 [XNIO-1 task-7] INFO  c.r.f.i.PlusWebInvokeTimeInterceptor - [PLUS]开始请求 => URL[GET /system/dict/data/type/action_type],无参数
2025-10-21 15:51:01 [XNIO-1 task-5] INFO  c.r.f.i.PlusWebInvokeTimeInterceptor - [PLUS]开始请求 => URL[GET /business/chessPiecesType/queryChessPiecesTypeList],无参数
2025-10-21 15:51:01 [XNIO-1 task-6] INFO  c.r.f.i.PlusWebInvokeTimeInterceptor - [PLUS]开始请求 => URL[GET /business/chessPieces/list],参数类型[param],参数:[{"pageSize":["10"],"pageNum":["1"]}]
2025-10-21 15:51:01 [XNIO-1 task-13] INFO  c.r.f.i.PlusWebInvokeTimeInterceptor - [PLUS]开始请求 => URL[GET /business/chessPiecesCamp/queryChessPiecesCampList],无参数
2025-10-21 15:51:01 [XNIO-1 task-7] INFO  c.r.f.i.PlusWebInvokeTimeInterceptor - [PLUS]结束请求 => URL[GET /system/dict/data/type/action_type],耗时:[37]毫秒
2025-10-21 15:51:01 [XNIO-1 task-11] INFO  c.r.f.i.PlusWebInvokeTimeInterceptor - [PLUS]结束请求 => URL[GET /business/product/queryProductList],耗时:[45]毫秒
2025-10-21 15:51:01 [XNIO-1 task-5] INFO  c.r.f.i.PlusWebInvokeTimeInterceptor - [PLUS]结束请求 => URL[GET /business/chessPiecesType/queryChessPiecesTypeList],耗时:[41]毫秒
2025-10-21 15:51:01 [XNIO-1 task-13] INFO  c.r.f.i.PlusWebInvokeTimeInterceptor - [PLUS]结束请求 => URL[GET /business/chessPiecesCamp/queryChessPiecesCampList],耗时:[51]毫秒
2025-10-21 15:51:01 [XNIO-1 task-6] INFO  c.r.f.i.PlusWebInvokeTimeInterceptor - [PLUS]结束请求 => URL[GET /business/chessPieces/list],耗时:[89]毫秒
2025-10-21 15:51:01 [XNIO-1 task-6] INFO  c.r.f.i.PlusWebInvokeTimeInterceptor - [PLUS]开始请求 => URL[GET /api/system/getOssById/1856590846159982594],无参数
2025-10-21 15:51:01 [XNIO-1 task-13] INFO  c.r.f.i.PlusWebInvokeTimeInterceptor - [PLUS]开始请求 => URL[GET /api/system/getOssById/1856587777389072386],无参数
2025-10-21 15:51:01 [XNIO-1 task-5] INFO  c.r.f.i.PlusWebInvokeTimeInterceptor - [PLUS]开始请求 => URL[GET /api/system/getOssById/1856590815659003905],无参数
2025-10-21 15:51:01 [XNIO-1 task-6] INFO  c.r.f.i.PlusWebInvokeTimeInterceptor - [PLUS]结束请求 => URL[GET /api/system/getOssById/1856590846159982594],耗时:[54]毫秒
2025-10-21 15:51:01 [XNIO-1 task-5] INFO  c.r.f.i.PlusWebInvokeTimeInterceptor - [PLUS]结束请求 => URL[GET /api/system/getOssById/1856590815659003905],耗时:[54]毫秒
2025-10-21 15:51:01 [XNIO-1 task-13] INFO  c.r.f.i.PlusWebInvokeTimeInterceptor - [PLUS]结束请求 => URL[GET /api/system/getOssById/1856587777389072386],耗时:[54]毫秒
2025-10-21 15:51:01 [XNIO-1 task-5] INFO  c.r.f.i.PlusWebInvokeTimeInterceptor - [PLUS]开始请求 => URL[GET /api/system/getOssById/1856590815659003905],无参数
2025-10-21 15:51:01 [XNIO-1 task-6] INFO  c.r.f.i.PlusWebInvokeTimeInterceptor - [PLUS]开始请求 => URL[GET /api/system/getOssById/1856587777389072386],无参数
2025-10-21 15:51:01 [XNIO-1 task-13] INFO  c.r.f.i.PlusWebInvokeTimeInterceptor - [PLUS]开始请求 => URL[GET /api/system/getOssById/1856590846159982594],无参数
2025-10-21 15:51:01 [XNIO-1 task-13] INFO  c.r.f.i.PlusWebInvokeTimeInterceptor - [PLUS]结束请求 => URL[GET /api/system/getOssById/1856590846159982594],耗时:[27]毫秒
2025-10-21 15:51:01 [XNIO-1 task-5] INFO  c.r.f.i.PlusWebInvokeTimeInterceptor - [PLUS]结束请求 => URL[GET /api/system/getOssById/1856590815659003905],耗时:[27]毫秒
2025-10-21 15:51:01 [XNIO-1 task-6] INFO  c.r.f.i.PlusWebInvokeTimeInterceptor - [PLUS]结束请求 => URL[GET /api/system/getOssById/1856587777389072386],耗时:[27]毫秒
2025-10-21 15:51:01 [XNIO-1 task-6] INFO  c.r.f.i.PlusWebInvokeTimeInterceptor - [PLUS]开始请求 => URL[GET /api/system/getOssById/1856590846159982594],无参数
2025-10-21 15:51:01 [XNIO-1 task-13] INFO  c.r.f.i.PlusWebInvokeTimeInterceptor - [PLUS]开始请求 => URL[GET /api/system/getOssById/1856587777389072386],无参数
2025-10-21 15:51:01 [XNIO-1 task-13] INFO  c.r.f.i.PlusWebInvokeTimeInterceptor - [PLUS]结束请求 => URL[GET /api/system/getOssById/1856587777389072386],耗时:[51]毫秒
2025-10-21 15:51:01 [XNIO-1 task-6] INFO  c.r.f.i.PlusWebInvokeTimeInterceptor - [PLUS]结束请求 => URL[GET /api/system/getOssById/1856590846159982594],耗时:[51]毫秒
2025-10-21 15:51:01 [XNIO-1 task-13] INFO  c.r.f.i.PlusWebInvokeTimeInterceptor - [PLUS]开始请求 => URL[GET /api/system/getOssById/1856587777389072386],无参数
2025-10-21 15:51:01 [XNIO-1 task-13] INFO  c.r.f.i.PlusWebInvokeTimeInterceptor - [PLUS]结束请求 => URL[GET /api/system/getOssById/1856587777389072386],耗时:[98]毫秒
2025-10-21 15:51:02 [XNIO-1 task-13] INFO  c.r.f.i.PlusWebInvokeTimeInterceptor - [PLUS]开始请求 => URL[GET /api/system/getOssById/1856587777389072386],无参数
2025-10-21 15:51:02 [XNIO-1 task-13] INFO  c.r.f.i.PlusWebInvokeTimeInterceptor - [PLUS]结束请求 => URL[GET /api/system/getOssById/1856587777389072386],耗时:[96]毫秒
2025-10-21 15:51:06 [XNIO-1 task-13] INFO  c.r.f.i.PlusWebInvokeTimeInterceptor - [PLUS]开始请求 => URL[GET /business/chessPieces/list],参数类型[param],参数:[{"pageSize":["10"],"pageNum":["32"]}]
2025-10-21 15:51:06 [XNIO-1 task-13] INFO  c.r.f.i.PlusWebInvokeTimeInterceptor - [PLUS]结束请求 => URL[GET /business/chessPieces/list],耗时:[72]毫秒
2025-10-21 15:51:06 [XNIO-1 task-13] INFO  c.r.f.i.PlusWebInvokeTimeInterceptor - [PLUS]开始请求 => URL[GET /api/system/getOssById/1856589427889639426],无参数
2025-10-21 15:51:06 [XNIO-1 task-13] INFO  c.r.f.i.PlusWebInvokeTimeInterceptor - [PLUS]结束请求 => URL[GET /api/system/getOssById/1856589427889639426],耗时:[31]毫秒
2025-10-21 15:51:06 [XNIO-1 task-13] INFO  c.r.f.i.PlusWebInvokeTimeInterceptor - [PLUS]开始请求 => URL[GET /api/system/getOssById/1856589427889639426],无参数
2025-10-21 15:51:06 [XNIO-1 task-13] INFO  c.r.f.i.PlusWebInvokeTimeInterceptor - [PLUS]结束请求 => URL[GET /api/system/getOssById/1856589427889639426],耗时:[24]毫秒
2025-10-21 15:51:06 [XNIO-1 task-13] INFO  c.r.f.i.PlusWebInvokeTimeInterceptor - [PLUS]开始请求 => URL[GET /api/system/getOssById/1856589427889639426],无参数
2025-10-21 15:51:06 [XNIO-1 task-13] INFO  c.r.f.i.PlusWebInvokeTimeInterceptor - [PLUS]结束请求 => URL[GET /api/system/getOssById/1856589427889639426],耗时:[23]毫秒
2025-10-21 15:51:08 [XNIO-1 task-5] INFO  c.r.f.i.PlusWebInvokeTimeInterceptor - [PLUS]开始请求 => URL[GET /system/dict/data/type/level_type],无参数
2025-10-21 15:51:08 [XNIO-1 task-6] INFO  c.r.f.i.PlusWebInvokeTimeInterceptor - [PLUS]开始请求 => URL[GET /system/dict/data/type/subject_type],无参数
2025-10-21 15:51:08 [XNIO-1 task-13] INFO  c.r.f.i.PlusWebInvokeTimeInterceptor - [PLUS]开始请求 => URL[GET /system/dict/data/type/mode_type],无参数
2025-10-21 15:51:08 [XNIO-1 task-11] INFO  c.r.f.i.PlusWebInvokeTimeInterceptor - [PLUS]开始请求 => URL[GET /system/dict/data/type/shelf_flag],无参数
2025-10-21 15:51:08 [XNIO-1 task-12] INFO  c.r.f.i.PlusWebInvokeTimeInterceptor - [PLUS]开始请求 => URL[GET /business/product/list],参数类型[param],参数:[{"pageSize":["10"],"pageNum":["1"]}]
2025-10-21 15:51:08 [XNIO-1 task-7] INFO  c.r.f.i.PlusWebInvokeTimeInterceptor - [PLUS]开始请求 => URL[GET /system/dict/data/type/verdict_type],无参数
2025-10-21 15:51:08 [XNIO-1 task-7] INFO  c.r.f.i.PlusWebInvokeTimeInterceptor - [PLUS]结束请求 => URL[GET /system/dict/data/type/verdict_type],耗时:[26]毫秒
2025-10-21 15:51:08 [XNIO-1 task-5] INFO  c.r.f.i.PlusWebInvokeTimeInterceptor - [PLUS]结束请求 => URL[GET /system/dict/data/type/level_type],耗时:[28]毫秒
2025-10-21 15:51:08 [XNIO-1 task-13] INFO  c.r.f.i.PlusWebInvokeTimeInterceptor - [PLUS]结束请求 => URL[GET /system/dict/data/type/mode_type],耗时:[27]毫秒
2025-10-21 15:51:08 [XNIO-1 task-6] INFO  c.r.f.i.PlusWebInvokeTimeInterceptor - [PLUS]结束请求 => URL[GET /system/dict/data/type/subject_type],耗时:[27]毫秒
2025-10-21 15:51:08 [XNIO-1 task-11] INFO  c.r.f.i.PlusWebInvokeTimeInterceptor - [PLUS]结束请求 => URL[GET /system/dict/data/type/shelf_flag],耗时:[28]毫秒
2025-10-21 15:51:08 [XNIO-1 task-5] INFO  c.r.f.i.PlusWebInvokeTimeInterceptor - [PLUS]开始请求 => URL[GET /business/scenario/queryScenarioList],无参数
2025-10-21 15:51:08 [XNIO-1 task-11] INFO  c.r.f.i.PlusWebInvokeTimeInterceptor - [PLUS]开始请求 => URL[GET /business/chessPieces/queryChessPiecesList],无参数
2025-10-21 15:51:08 [XNIO-1 task-5] INFO  c.r.f.i.PlusWebInvokeTimeInterceptor - [PLUS]结束请求 => URL[GET /business/scenario/queryScenarioList],耗时:[55]毫秒
2025-10-21 15:51:08 [XNIO-1 task-12] INFO  c.r.f.i.PlusWebInvokeTimeInterceptor - [PLUS]结束请求 => URL[GET /business/product/list],耗时:[88]毫秒
2025-10-21 15:51:08 [XNIO-1 task-11] INFO  c.r.f.i.PlusWebInvokeTimeInterceptor - [PLUS]结束请求 => URL[GET /business/chessPieces/queryChessPiecesList],耗时:[79]毫秒
2025-10-21 15:51:11 [XNIO-1 task-11] INFO  c.r.f.i.PlusWebInvokeTimeInterceptor - [PLUS]开始请求 => URL[GET /business/product/list],无参数
2025-10-21 15:51:11 [XNIO-1 task-5] INFO  c.r.f.i.PlusWebInvokeTimeInterceptor - [PLUS]开始请求 => URL[GET /system/dict/data/type/chess_attr_type],无参数
2025-10-21 15:51:11 [XNIO-1 task-12] INFO  c.r.f.i.PlusWebInvokeTimeInterceptor - [PLUS]开始请求 => URL[GET /system/dict/data/type/chess_attr_init],无参数
2025-10-21 15:51:11 [XNIO-1 task-12] INFO  c.r.f.i.PlusWebInvokeTimeInterceptor - [PLUS]结束请求 => URL[GET /system/dict/data/type/chess_attr_init],耗时:[23]毫秒
2025-10-21 15:51:11 [XNIO-1 task-5] INFO  c.r.f.i.PlusWebInvokeTimeInterceptor - [PLUS]结束请求 => URL[GET /system/dict/data/type/chess_attr_type],耗时:[23]毫秒
2025-10-21 15:51:11 [XNIO-1 task-11] INFO  c.r.f.i.PlusWebInvokeTimeInterceptor - [PLUS]结束请求 => URL[GET /business/product/list],耗时:[62]毫秒
2025-10-21 15:51:11 [XNIO-1 task-12] INFO  c.r.f.i.PlusWebInvokeTimeInterceptor - [PLUS]开始请求 => URL[GET /business/chessPiecesType/list],参数类型[param],参数:[{"productId":["1690375113702400000"],"pageSize":["10"],"pageNum":["1"],"productName":["火力战"]}]
2025-10-21 15:51:11 [XNIO-1 task-11] INFO  c.r.f.i.PlusWebInvokeTimeInterceptor - [PLUS]开始请求 => URL[GET /app/verdictType/list],参数类型[param],参数:[{"productId":["1690375113702400000"],"productName":["火力战"]}]
2025-10-21 15:51:11 [XNIO-1 task-12] INFO  c.r.f.i.PlusWebInvokeTimeInterceptor - [PLUS]结束请求 => URL[GET /business/chessPiecesType/list],耗时:[67]毫秒
2025-10-21 15:51:11 [XNIO-1 task-11] INFO  c.r.f.i.PlusWebInvokeTimeInterceptor - [PLUS]结束请求 => URL[GET /app/verdictType/list],耗时:[71]毫秒
2025-10-21 15:51:20 [XNIO-1 task-11] INFO  c.r.f.i.PlusWebInvokeTimeInterceptor - [PLUS]开始请求 => URL[GET /business/product/list],参数类型[param],参数:[{"pageSize":["10"],"pageNum":["1"]}]
2025-10-21 15:51:20 [XNIO-1 task-11] INFO  c.r.f.i.PlusWebInvokeTimeInterceptor - [PLUS]结束请求 => URL[GET /business/product/list],耗时:[66]毫秒
2025-10-21 15:51:20 [XNIO-1 task-11] INFO  c.r.f.i.PlusWebInvokeTimeInterceptor - [PLUS]开始请求 => URL[GET /business/chessPiecesAttribute/list],参数类型[param],参数:[{"productId":["1690375113702400000"],"pageSize":["10"],"pageNum":["1"]}]
2025-10-21 15:51:20 [XNIO-1 task-11] INFO  c.r.f.i.PlusWebInvokeTimeInterceptor - [PLUS]结束请求 => URL[GET /business/chessPiecesAttribute/list],耗时:[69]毫秒
2025-10-21 15:51:22 [XNIO-1 task-11] INFO  c.r.f.i.PlusWebInvokeTimeInterceptor - [PLUS]开始请求 => URL[GET /business/product/list],无参数
2025-10-21 15:51:22 [XNIO-1 task-13] INFO  c.r.f.i.PlusWebInvokeTimeInterceptor - [PLUS]开始请求 => URL[GET /system/dict/type/optionselect],无参数
2025-10-21 15:51:22 [XNIO-1 task-12] INFO  c.r.f.i.PlusWebInvokeTimeInterceptor - [PLUS]开始请求 => URL[GET /business/verdictDimension/listAll],无参数
2025-10-21 15:51:22 [XNIO-1 task-5] INFO  c.r.f.i.PlusWebInvokeTimeInterceptor - [PLUS]开始请求 => URL[GET /system/dict/data/type/biz_rule_resource_type],无参数
2025-10-21 15:51:22 [XNIO-1 task-5] INFO  c.r.f.i.PlusWebInvokeTimeInterceptor - [PLUS]结束请求 => URL[GET /system/dict/data/type/biz_rule_resource_type],耗时:[28]毫秒
2025-10-21 15:51:22 [XNIO-1 task-13] INFO  c.r.f.i.PlusWebInvokeTimeInterceptor - [PLUS]结束请求 => URL[GET /system/dict/type/optionselect],耗时:[34]毫秒
2025-10-21 15:51:22 [XNIO-1 task-12] INFO  c.r.f.i.PlusWebInvokeTimeInterceptor - [PLUS]结束请求 => URL[GET /business/verdictDimension/listAll],耗时:[45]毫秒
2025-10-21 15:51:22 [XNIO-1 task-11] INFO  c.r.f.i.PlusWebInvokeTimeInterceptor - [PLUS]结束请求 => URL[GET /business/product/list],耗时:[65]毫秒
2025-10-21 15:51:22 [XNIO-1 task-11] INFO  c.r.f.i.PlusWebInvokeTimeInterceptor - [PLUS]开始请求 => URL[GET /app/verdictType/bizVerdictTypeTree],参数类型[param],参数:[{"productId":["1690375113702400000"],"productName":["火力战"]}]
2025-10-21 15:51:22 [XNIO-1 task-11] INFO  c.r.f.i.PlusWebInvokeTimeInterceptor - [PLUS]结束请求 => URL[GET /app/verdictType/bizVerdictTypeTree],耗时:[29]毫秒
2025-10-21 15:51:27 [XNIO-1 task-11] INFO  c.r.f.i.PlusWebInvokeTimeInterceptor - [PLUS]开始请求 => URL[GET /business/product/list],无参数
2025-10-21 15:51:27 [XNIO-1 task-11] INFO  c.r.f.i.PlusWebInvokeTimeInterceptor - [PLUS]结束请求 => URL[GET /business/product/list],耗时:[67]毫秒
2025-10-21 15:51:27 [XNIO-1 task-12] INFO  c.r.f.i.PlusWebInvokeTimeInterceptor - [PLUS]开始请求 => URL[GET /business/verdictDimension/list],参数类型[param],参数:[{"productId":["1690375113702400000"],"pageSize":["10"],"pageNum":["1"],"productName":["火力战"]}]
2025-10-21 15:51:27 [XNIO-1 task-11] INFO  c.r.f.i.PlusWebInvokeTimeInterceptor - [PLUS]开始请求 => URL[GET /app/verdictType/list],参数类型[param],参数:[{"productId":["1690375113702400000"],"productName":["火力战"]}]
2025-10-21 15:51:27 [XNIO-1 task-11] INFO  c.r.f.i.PlusWebInvokeTimeInterceptor - [PLUS]结束请求 => URL[GET /app/verdictType/list],耗时:[54]毫秒
2025-10-21 15:51:27 [XNIO-1 task-12] INFO  c.r.f.i.PlusWebInvokeTimeInterceptor - [PLUS]结束请求 => URL[GET /business/verdictDimension/list],耗时:[66]毫秒
2025-10-21 15:51:29 [XNIO-1 task-12] INFO  c.r.f.i.PlusWebInvokeTimeInterceptor - [PLUS]开始请求 => URL[GET /business/verdictRule/list],参数类型[param],参数:[{"pageSize":["10"],"pageNum":["1"]}]
2025-10-21 15:51:29 [XNIO-1 task-12] INFO  c.r.f.i.PlusWebInvokeTimeInterceptor - [PLUS]结束请求 => URL[GET /business/verdictRule/list],耗时:[122]毫秒
2025-10-21 15:51:31 [XNIO-1 task-11] INFO  c.r.f.i.PlusWebInvokeTimeInterceptor - [PLUS]开始请求 => URL[GET /business/arbiterMap/queryArbiterMapList],无参数
2025-10-21 15:51:31 [XNIO-1 task-13] INFO  c.r.f.i.PlusWebInvokeTimeInterceptor - [PLUS]开始请求 => URL[GET /business/product/queryProductList],无参数
2025-10-21 15:51:31 [XNIO-1 task-12] INFO  c.r.f.i.PlusWebInvokeTimeInterceptor - [PLUS]开始请求 => URL[GET /business/scenario/list],参数类型[param],参数:[{"pageSize":["10"],"pageNum":["1"]}]
2025-10-21 15:51:31 [XNIO-1 task-11] INFO  c.r.f.i.PlusWebInvokeTimeInterceptor - [PLUS]结束请求 => URL[GET /business/arbiterMap/queryArbiterMapList],耗时:[30]毫秒
2025-10-21 15:51:31 [XNIO-1 task-13] INFO  c.r.f.i.PlusWebInvokeTimeInterceptor - [PLUS]结束请求 => URL[GET /business/product/queryProductList],耗时:[30]毫秒
2025-10-21 15:51:31 [XNIO-1 task-12] INFO  c.r.f.i.PlusWebInvokeTimeInterceptor - [PLUS]结束请求 => URL[GET /business/scenario/list],耗时:[56]毫秒
2025-10-21 15:51:35 [XNIO-1 task-12] INFO  c.r.f.i.PlusWebInvokeTimeInterceptor - [PLUS]开始请求 => URL[GET /business/product/queryProductList],无参数
2025-10-21 15:51:35 [XNIO-1 task-11] INFO  c.r.f.i.PlusWebInvokeTimeInterceptor - [PLUS]开始请求 => URL[GET /business/weapon/list],参数类型[param],参数:[{"pageSize":["10"],"pageNum":["1"]}]
2025-10-21 15:51:35 [XNIO-1 task-12] INFO  c.r.f.i.PlusWebInvokeTimeInterceptor - [PLUS]结束请求 => URL[GET /business/product/queryProductList],耗时:[30]毫秒
2025-10-21 15:51:35 [XNIO-1 task-11] INFO  c.r.f.i.PlusWebInvokeTimeInterceptor - [PLUS]结束请求 => URL[GET /business/weapon/list],耗时:[81]毫秒
2025-10-21 15:51:38 [XNIO-1 task-12] INFO  c.r.f.i.PlusWebInvokeTimeInterceptor - [PLUS]开始请求 => URL[GET /business/product/queryProductList],无参数
2025-10-21 15:51:38 [XNIO-1 task-13] INFO  c.r.f.i.PlusWebInvokeTimeInterceptor - [PLUS]开始请求 => URL[GET /business/arbiterMap/queryArbiterMapList],无参数
2025-10-21 15:51:38 [XNIO-1 task-11] INFO  c.r.f.i.PlusWebInvokeTimeInterceptor - [PLUS]开始请求 => URL[GET /business/scenario/list],参数类型[param],参数:[{"pageSize":["10"],"pageNum":["1"]}]
2025-10-21 15:51:38 [XNIO-1 task-12] INFO  c.r.f.i.PlusWebInvokeTimeInterceptor - [PLUS]结束请求 => URL[GET /business/product/queryProductList],耗时:[31]毫秒
2025-10-21 15:51:38 [XNIO-1 task-13] INFO  c.r.f.i.PlusWebInvokeTimeInterceptor - [PLUS]结束请求 => URL[GET /business/arbiterMap/queryArbiterMapList],耗时:[32]毫秒
2025-10-21 15:51:38 [XNIO-1 task-11] INFO  c.r.f.i.PlusWebInvokeTimeInterceptor - [PLUS]结束请求 => URL[GET /business/scenario/list],耗时:[59]毫秒
2025-10-21 15:51:41 [XNIO-1 task-11] INFO  c.r.f.i.PlusWebInvokeTimeInterceptor - [PLUS]开始请求 => URL[GET /system/menu/list],无参数
2025-10-21 15:51:41 [XNIO-1 task-11] INFO  c.r.f.i.PlusWebInvokeTimeInterceptor - [PLUS]结束请求 => URL[GET /system/menu/list],耗时:[69]毫秒
2025-10-21 15:51:56 [XNIO-1 task-11] INFO  c.r.f.i.PlusWebInvokeTimeInterceptor - [PLUS]开始请求 => URL[DELETE /system/menu/1759503588346810371],无参数
2025-10-21 15:51:56 [XNIO-1 task-11] INFO  c.r.f.i.PlusWebInvokeTimeInterceptor - [PLUS]结束请求 => URL[DELETE /system/menu/1759503588346810371],耗时:[68]毫秒
2025-10-21 15:51:56 [XNIO-1 task-11] INFO  c.r.f.i.PlusWebInvokeTimeInterceptor - [PLUS]开始请求 => URL[GET /system/menu/list],无参数
2025-10-21 15:51:56 [XNIO-1 task-11] INFO  c.r.f.i.PlusWebInvokeTimeInterceptor - [PLUS]结束请求 => URL[GET /system/menu/list],耗时:[61]毫秒
2025-10-21 15:51:58 [XNIO-1 task-11] INFO  c.r.f.i.PlusWebInvokeTimeInterceptor - [PLUS]开始请求 => URL[DELETE /system/menu/1759503588346810370],无参数
2025-10-21 15:51:58 [XNIO-1 task-11] INFO  c.r.f.i.PlusWebInvokeTimeInterceptor - [PLUS]结束请求 => URL[DELETE /system/menu/1759503588346810370],耗时:[60]毫秒
2025-10-21 15:51:59 [XNIO-1 task-11] INFO  c.r.f.i.PlusWebInvokeTimeInterceptor - [PLUS]开始请求 => URL[DELETE /system/menu/1759503588346810372],无参数
2025-10-21 15:51:59 [XNIO-1 task-11] INFO  c.r.f.i.PlusWebInvokeTimeInterceptor - [PLUS]结束请求 => URL[DELETE /system/menu/1759503588346810372],耗时:[68]毫秒
2025-10-21 15:51:59 [XNIO-1 task-11] INFO  c.r.f.i.PlusWebInvokeTimeInterceptor - [PLUS]开始请求 => URL[GET /system/menu/list],无参数
2025-10-21 15:51:59 [XNIO-1 task-11] INFO  c.r.f.i.PlusWebInvokeTimeInterceptor - [PLUS]结束请求 => URL[GET /system/menu/list],耗时:[68]毫秒
2025-10-21 15:52:00 [XNIO-1 task-11] INFO  c.r.f.i.PlusWebInvokeTimeInterceptor - [PLUS]开始请求 => URL[DELETE /system/menu/1759503588346810370],无参数
2025-10-21 15:52:00 [XNIO-1 task-11] INFO  c.r.f.i.PlusWebInvokeTimeInterceptor - [PLUS]结束请求 => URL[DELETE /system/menu/1759503588346810370],耗时:[57]毫秒
2025-10-21 15:52:02 [XNIO-1 task-11] INFO  c.r.f.i.PlusWebInvokeTimeInterceptor - [PLUS]开始请求 => URL[DELETE /system/menu/1759503588346810374],无参数
2025-10-21 15:52:02 [XNIO-1 task-11] INFO  c.r.f.i.PlusWebInvokeTimeInterceptor - [PLUS]结束请求 => URL[DELETE /system/menu/1759503588346810374],耗时:[67]毫秒
2025-10-21 15:52:02 [XNIO-1 task-11] INFO  c.r.f.i.PlusWebInvokeTimeInterceptor - [PLUS]开始请求 => URL[GET /system/menu/list],无参数
2025-10-21 15:52:02 [XNIO-1 task-11] INFO  c.r.f.i.PlusWebInvokeTimeInterceptor - [PLUS]结束请求 => URL[GET /system/menu/list],耗时:[61]毫秒
2025-10-21 15:52:03 [XNIO-1 task-11] INFO  c.r.f.i.PlusWebInvokeTimeInterceptor - [PLUS]开始请求 => URL[DELETE /system/menu/1759503588346810373],无参数
2025-10-21 15:52:03 [XNIO-1 task-11] INFO  c.r.f.i.PlusWebInvokeTimeInterceptor - [PLUS]结束请求 => URL[DELETE /system/menu/1759503588346810373],耗时:[67]毫秒
2025-10-21 15:52:03 [XNIO-1 task-11] INFO  c.r.f.i.PlusWebInvokeTimeInterceptor - [PLUS]开始请求 => URL[GET /system/menu/list],无参数
2025-10-21 15:52:03 [XNIO-1 task-11] INFO  c.r.f.i.PlusWebInvokeTimeInterceptor - [PLUS]结束请求 => URL[GET /system/menu/list],耗时:[62]毫秒
2025-10-21 15:52:04 [XNIO-1 task-11] INFO  c.r.f.i.PlusWebInvokeTimeInterceptor - [PLUS]开始请求 => URL[DELETE /system/menu/1759503588346810375],无参数
2025-10-21 15:52:04 [XNIO-1 task-11] INFO  c.r.f.i.PlusWebInvokeTimeInterceptor - [PLUS]结束请求 => URL[DELETE /system/menu/1759503588346810375],耗时:[68]毫秒
2025-10-21 15:52:04 [XNIO-1 task-11] INFO  c.r.f.i.PlusWebInvokeTimeInterceptor - [PLUS]开始请求 => URL[GET /system/menu/list],无参数
2025-10-21 15:52:04 [XNIO-1 task-11] INFO  c.r.f.i.PlusWebInvokeTimeInterceptor - [PLUS]结束请求 => URL[GET /system/menu/list],耗时:[65]毫秒
2025-10-21 15:52:07 [XNIO-1 task-11] INFO  c.r.f.i.PlusWebInvokeTimeInterceptor - [PLUS]开始请求 => URL[DELETE /system/menu/1759503588346810370],无参数
2025-10-21 15:52:07 [XNIO-1 task-11] INFO  c.r.f.i.PlusWebInvokeTimeInterceptor - [PLUS]结束请求 => URL[DELETE /system/menu/1759503588346810370],耗时:[73]毫秒
2025-10-21 15:52:07 [XNIO-1 task-11] INFO  c.r.f.i.PlusWebInvokeTimeInterceptor - [PLUS]开始请求 => URL[GET /system/menu/list],无参数
2025-10-21 15:52:07 [XNIO-1 task-11] INFO  c.r.f.i.PlusWebInvokeTimeInterceptor - [PLUS]结束请求 => URL[GET /system/menu/list],耗时:[64]毫秒
2025-10-21 15:52:16 [XNIO-1 task-13] INFO  c.r.f.i.PlusWebInvokeTimeInterceptor - [PLUS]开始请求 => URL[GET /business/chessPieces/queryChessPiecesList],无参数
2025-10-21 15:52:16 [XNIO-1 task-11] INFO  c.r.f.i.PlusWebInvokeTimeInterceptor - [PLUS]开始请求 => URL[GET /business/product/list],参数类型[param],参数:[{"pageSize":["10"],"pageNum":["1"]}]
2025-10-21 15:52:16 [XNIO-1 task-12] INFO  c.r.f.i.PlusWebInvokeTimeInterceptor - [PLUS]开始请求 => URL[GET /business/scenario/queryScenarioList],无参数
2025-10-21 15:52:16 [XNIO-1 task-12] INFO  c.r.f.i.PlusWebInvokeTimeInterceptor - [PLUS]结束请求 => URL[GET /business/scenario/queryScenarioList],耗时:[35]毫秒
2025-10-21 15:52:16 [XNIO-1 task-11] INFO  c.r.f.i.PlusWebInvokeTimeInterceptor - [PLUS]结束请求 => URL[GET /business/product/list],耗时:[67]毫秒
2025-10-21 15:52:16 [XNIO-1 task-13] INFO  c.r.f.i.PlusWebInvokeTimeInterceptor - [PLUS]结束请求 => URL[GET /business/chessPieces/queryChessPiecesList],耗时:[74]毫秒
2025-10-21 15:52:17 [XNIO-1 task-11] INFO  c.r.f.i.PlusWebInvokeTimeInterceptor - [PLUS]开始请求 => URL[GET /business/product/queryProductList],无参数
2025-10-21 15:52:17 [XNIO-1 task-12] INFO  c.r.f.i.PlusWebInvokeTimeInterceptor - [PLUS]开始请求 => URL[GET /business/chessPiecesType/queryChessPiecesTypeList],无参数
2025-10-21 15:52:17 [XNIO-1 task-13] INFO  c.r.f.i.PlusWebInvokeTimeInterceptor - [PLUS]开始请求 => URL[GET /business/chessPieces/list],参数类型[param],参数:[{"pageSize":["10"],"pageNum":["1"]}]
2025-10-21 15:52:17 [XNIO-1 task-5] INFO  c.r.f.i.PlusWebInvokeTimeInterceptor - [PLUS]开始请求 => URL[GET /business/chessPiecesCamp/queryChessPiecesCampList],无参数
2025-10-21 15:52:17 [XNIO-1 task-12] INFO  c.r.f.i.PlusWebInvokeTimeInterceptor - [PLUS]结束请求 => URL[GET /business/chessPiecesType/queryChessPiecesTypeList],耗时:[32]毫秒
2025-10-21 15:52:17 [XNIO-1 task-5] INFO  c.r.f.i.PlusWebInvokeTimeInterceptor - [PLUS]结束请求 => URL[GET /business/chessPiecesCamp/queryChessPiecesCampList],耗时:[39]毫秒
2025-10-21 15:52:17 [XNIO-1 task-11] INFO  c.r.f.i.PlusWebInvokeTimeInterceptor - [PLUS]结束请求 => URL[GET /business/product/queryProductList],耗时:[40]毫秒
2025-10-21 15:52:18 [XNIO-1 task-13] INFO  c.r.f.i.PlusWebInvokeTimeInterceptor - [PLUS]结束请求 => URL[GET /business/chessPieces/list],耗时:[83]毫秒
2025-10-21 15:52:18 [XNIO-1 task-11] INFO  c.r.f.i.PlusWebInvokeTimeInterceptor - [PLUS]开始请求 => URL[GET /api/system/getOssById/1856590815659003905],无参数
2025-10-21 15:52:18 [XNIO-1 task-5] INFO  c.r.f.i.PlusWebInvokeTimeInterceptor - [PLUS]开始请求 => URL[GET /api/system/getOssById/1856590846159982594],无参数
2025-10-21 15:52:18 [XNIO-1 task-13] INFO  c.r.f.i.PlusWebInvokeTimeInterceptor - [PLUS]开始请求 => URL[GET /api/system/getOssById/1856587777389072386],无参数
2025-10-21 15:52:18 [XNIO-1 task-11] INFO  c.r.f.i.PlusWebInvokeTimeInterceptor - [PLUS]结束请求 => URL[GET /api/system/getOssById/1856590815659003905],耗时:[23]毫秒
2025-10-21 15:52:18 [XNIO-1 task-13] INFO  c.r.f.i.PlusWebInvokeTimeInterceptor - [PLUS]结束请求 => URL[GET /api/system/getOssById/1856587777389072386],耗时:[23]毫秒
2025-10-21 15:52:18 [XNIO-1 task-5] INFO  c.r.f.i.PlusWebInvokeTimeInterceptor - [PLUS]结束请求 => URL[GET /api/system/getOssById/1856590846159982594],耗时:[28]毫秒
2025-10-21 15:52:18 [XNIO-1 task-13] INFO  c.r.f.i.PlusWebInvokeTimeInterceptor - [PLUS]开始请求 => URL[GET /api/system/getOssById/1856590815659003905],无参数
2025-10-21 15:52:18 [XNIO-1 task-5] INFO  c.r.f.i.PlusWebInvokeTimeInterceptor - [PLUS]开始请求 => URL[GET /api/system/getOssById/1856587777389072386],无参数
2025-10-21 15:52:18 [XNIO-1 task-11] INFO  c.r.f.i.PlusWebInvokeTimeInterceptor - [PLUS]开始请求 => URL[GET /api/system/getOssById/1856590846159982594],无参数
2025-10-21 15:52:18 [XNIO-1 task-13] INFO  c.r.f.i.PlusWebInvokeTimeInterceptor - [PLUS]结束请求 => URL[GET /api/system/getOssById/1856590815659003905],耗时:[20]毫秒
2025-10-21 15:52:18 [XNIO-1 task-11] INFO  c.r.f.i.PlusWebInvokeTimeInterceptor - [PLUS]结束请求 => URL[GET /api/system/getOssById/1856590846159982594],耗时:[19]毫秒
2025-10-21 15:52:18 [XNIO-1 task-5] INFO  c.r.f.i.PlusWebInvokeTimeInterceptor - [PLUS]结束请求 => URL[GET /api/system/getOssById/1856587777389072386],耗时:[20]毫秒
2025-10-21 15:52:18 [XNIO-1 task-11] INFO  c.r.f.i.PlusWebInvokeTimeInterceptor - [PLUS]开始请求 => URL[GET /api/system/getOssById/1856590846159982594],无参数
2025-10-21 15:52:18 [XNIO-1 task-5] INFO  c.r.f.i.PlusWebInvokeTimeInterceptor - [PLUS]开始请求 => URL[GET /api/system/getOssById/1856587777389072386],无参数
2025-10-21 15:52:18 [XNIO-1 task-11] INFO  c.r.f.i.PlusWebInvokeTimeInterceptor - [PLUS]结束请求 => URL[GET /api/system/getOssById/1856590846159982594],耗时:[23]毫秒
2025-10-21 15:52:18 [XNIO-1 task-5] INFO  c.r.f.i.PlusWebInvokeTimeInterceptor - [PLUS]结束请求 => URL[GET /api/system/getOssById/1856587777389072386],耗时:[23]毫秒
2025-10-21 15:52:18 [XNIO-1 task-5] INFO  c.r.f.i.PlusWebInvokeTimeInterceptor - [PLUS]开始请求 => URL[GET /api/system/getOssById/1856587777389072386],无参数
2025-10-21 15:52:18 [XNIO-1 task-5] INFO  c.r.f.i.PlusWebInvokeTimeInterceptor - [PLUS]结束请求 => URL[GET /api/system/getOssById/1856587777389072386],耗时:[21]毫秒
2025-10-21 15:52:18 [XNIO-1 task-5] INFO  c.r.f.i.PlusWebInvokeTimeInterceptor - [PLUS]开始请求 => URL[GET /api/system/getOssById/1856587777389072386],无参数
2025-10-21 15:52:18 [XNIO-1 task-5] INFO  c.r.f.i.PlusWebInvokeTimeInterceptor - [PLUS]结束请求 => URL[GET /api/system/getOssById/1856587777389072386],耗时:[26]毫秒
2025-10-21 15:52:19 [XNIO-1 task-5] INFO  c.r.f.i.PlusWebInvokeTimeInterceptor - [PLUS]开始请求 => URL[GET /business/product/list],参数类型[param],参数:[{"pageSize":["10"],"pageNum":["1"]}]
2025-10-21 15:52:19 [XNIO-1 task-5] INFO  c.r.f.i.PlusWebInvokeTimeInterceptor - [PLUS]结束请求 => URL[GET /business/product/list],耗时:[65]毫秒
2025-10-21 15:52:19 [XNIO-1 task-5] INFO  c.r.f.i.PlusWebInvokeTimeInterceptor - [PLUS]开始请求 => URL[GET /business/chessPiecesAttribute/list],参数类型[param],参数:[{"productId":["1690375113702400000"],"pageSize":["10"],"pageNum":["1"]}]
2025-10-21 15:52:19 [XNIO-1 task-5] INFO  c.r.f.i.PlusWebInvokeTimeInterceptor - [PLUS]结束请求 => URL[GET /business/chessPiecesAttribute/list],耗时:[57]毫秒
2025-10-21 15:52:27 [XNIO-1 task-5] INFO  c.r.f.i.PlusWebInvokeTimeInterceptor - [PLUS]开始请求 => URL[GET /business/product/list],无参数
2025-10-21 15:52:27 [XNIO-1 task-11] INFO  c.r.f.i.PlusWebInvokeTimeInterceptor - [PLUS]开始请求 => URL[GET /system/dict/type/optionselect],无参数
2025-10-21 15:52:27 [XNIO-1 task-13] INFO  c.r.f.i.PlusWebInvokeTimeInterceptor - [PLUS]开始请求 => URL[GET /business/verdictDimension/listAll],无参数
2025-10-21 15:52:27 [XNIO-1 task-13] INFO  c.r.f.i.PlusWebInvokeTimeInterceptor - [PLUS]结束请求 => URL[GET /business/verdictDimension/listAll],耗时:[29]毫秒
2025-10-21 15:52:27 [XNIO-1 task-11] INFO  c.r.f.i.PlusWebInvokeTimeInterceptor - [PLUS]结束请求 => URL[GET /system/dict/type/optionselect],耗时:[30]毫秒
2025-10-21 15:52:27 [XNIO-1 task-5] INFO  c.r.f.i.PlusWebInvokeTimeInterceptor - [PLUS]结束请求 => URL[GET /business/product/list],耗时:[65]毫秒
2025-10-21 15:52:27 [XNIO-1 task-5] INFO  c.r.f.i.PlusWebInvokeTimeInterceptor - [PLUS]开始请求 => URL[GET /app/verdictType/bizVerdictTypeTree],参数类型[param],参数:[{"productId":["1690375113702400000"],"productName":["火力战"]}]
2025-10-21 15:52:27 [XNIO-1 task-5] INFO  c.r.f.i.PlusWebInvokeTimeInterceptor - [PLUS]结束请求 => URL[GET /app/verdictType/bizVerdictTypeTree],耗时:[23]毫秒
2025-10-21 15:52:43 [XNIO-1 task-13] INFO  c.r.f.i.PlusWebInvokeTimeInterceptor - [PLUS]开始请求 => URL[GET /system/oss/list],参数类型[param],参数:[{"pageSize":["10"],"pageNum":["1"]}]
2025-10-21 15:52:43 [XNIO-1 task-5] INFO  c.r.f.i.PlusWebInvokeTimeInterceptor - [PLUS]开始请求 => URL[GET /system/config/configKey/sys.oss.previewListResource],无参数
2025-10-21 15:52:43 [XNIO-1 task-5] INFO  c.r.f.i.PlusWebInvokeTimeInterceptor - [PLUS]结束请求 => URL[GET /system/config/configKey/sys.oss.previewListResource],耗时:[23]毫秒
2025-10-21 15:52:43 [XNIO-1 task-13] INFO  c.r.f.i.PlusWebInvokeTimeInterceptor - [PLUS]结束请求 => URL[GET /system/oss/list],耗时:[93]毫秒
2025-10-21 15:52:51 [XNIO-1 task-13] INFO  c.r.f.i.PlusWebInvokeTimeInterceptor - [PLUS]开始请求 => URL[GET /system/role/list],参数类型[param],参数:[{"pageSize":["10"],"pageNum":["1"]}]
2025-10-21 15:52:51 [XNIO-1 task-13] INFO  c.r.f.i.PlusWebInvokeTimeInterceptor - [PLUS]结束请求 => URL[GET /system/role/list],耗时:[71]毫秒
2025-10-21 15:53:11 [XNIO-1 task-13] INFO  c.r.f.i.PlusWebInvokeTimeInterceptor - [PLUS]开始请求 => URL[GET /system/menu/list],无参数
2025-10-21 15:53:11 [XNIO-1 task-5] INFO  c.r.f.i.PlusWebInvokeTimeInterceptor - [PLUS]开始请求 => URL[GET /system/menu/118],无参数
2025-10-21 15:53:11 [XNIO-1 task-5] INFO  c.r.f.i.PlusWebInvokeTimeInterceptor - [PLUS]结束请求 => URL[GET /system/menu/118],耗时:[60]毫秒
2025-10-21 15:53:11 [XNIO-1 task-13] INFO  c.r.f.i.PlusWebInvokeTimeInterceptor - [PLUS]结束请求 => URL[GET /system/menu/list],耗时:[70]毫秒
2025-10-21 15:53:15 [XNIO-1 task-13] INFO  c.r.f.i.PlusWebInvokeTimeInterceptor - [PLUS]开始请求 => URL[PUT /system/menu],参数类型[json],参数:[{"createBy":"admin","createTime":"2024-02-19 14:34:50","updateBy":"","updateTime":null,"parentName":null,"parentId":1,"children":[],"menuId":118,"menuName":"文件管理","orderNum":10,"path":"oss","component":"system/oss/index","queryParam":"","isFrame":"1","isCache":"0","menuType":"C","visible":"1","status":"1","perms":"system:oss:list","icon":"upload","remark":"文件管理菜单"}]
2025-10-21 15:53:15 [XNIO-1 task-13] INFO  c.r.f.i.PlusWebInvokeTimeInterceptor - [PLUS]结束请求 => URL[PUT /system/menu],耗时:[74]毫秒
2025-10-21 15:53:15 [XNIO-1 task-13] INFO  c.r.f.i.PlusWebInvokeTimeInterceptor - [PLUS]开始请求 => URL[GET /system/menu/list],无参数
2025-10-21 15:53:15 [XNIO-1 task-13] INFO  c.r.f.i.PlusWebInvokeTimeInterceptor - [PLUS]结束请求 => URL[GET /system/menu/list],耗时:[88]毫秒
2025-10-21 15:53:24 [XNIO-1 task-13] INFO  c.r.f.i.PlusWebInvokeTimeInterceptor - [PLUS]开始请求 => URL[GET /system/menu/list],无参数
2025-10-21 15:53:24 [XNIO-1 task-5] INFO  c.r.f.i.PlusWebInvokeTimeInterceptor - [PLUS]开始请求 => URL[GET /system/menu/1833064781008461826],无参数
2025-10-21 15:53:24 [XNIO-1 task-5] INFO  c.r.f.i.PlusWebInvokeTimeInterceptor - [PLUS]结束请求 => URL[GET /system/menu/1833064781008461826],耗时:[58]毫秒
2025-10-21 15:53:24 [XNIO-1 task-13] INFO  c.r.f.i.PlusWebInvokeTimeInterceptor - [PLUS]结束请求 => URL[GET /system/menu/list],耗时:[72]毫秒
2025-10-21 15:53:29 [XNIO-1 task-13] INFO  c.r.f.i.PlusWebInvokeTimeInterceptor - [PLUS]开始请求 => URL[PUT /system/menu],参数类型[json],参数:[{"createBy":"admin","createTime":"2024-09-09 16:52:41","updateBy":"admin","updateTime":"2024-09-10 14:53:24","parentName":null,"parentId":"1759475177796603906","children":[],"menuId":"1833064781008461826","menuName":"裁决维度定义","orderNum":41,"path":"verdictDimension","component":"business/verdictDimension/index","queryParam":null,"isFrame":"1","isCache":"1","menuType":"C","visible":"1","status":"1","perms":"business:verdictDimension:list","icon":"dict","remark":"裁决维度定义菜单"}]
2025-10-21 15:53:29 [XNIO-1 task-13] INFO  c.r.f.i.PlusWebInvokeTimeInterceptor - [PLUS]结束请求 => URL[PUT /system/menu],耗时:[69]毫秒
2025-10-21 15:53:29 [XNIO-1 task-13] INFO  c.r.f.i.PlusWebInvokeTimeInterceptor - [PLUS]开始请求 => URL[GET /system/menu/list],无参数
2025-10-21 15:53:29 [XNIO-1 task-13] INFO  c.r.f.i.PlusWebInvokeTimeInterceptor - [PLUS]结束请求 => URL[GET /system/menu/list],耗时:[64]毫秒
2025-10-21 15:53:31 [XNIO-1 task-13] INFO  c.r.f.i.PlusWebInvokeTimeInterceptor - [PLUS]开始请求 => URL[GET /system/menu/list],无参数
2025-10-21 15:53:31 [XNIO-1 task-5] INFO  c.r.f.i.PlusWebInvokeTimeInterceptor - [PLUS]开始请求 => URL[GET /system/menu/1823365164670726146],无参数
2025-10-21 15:53:31 [XNIO-1 task-5] INFO  c.r.f.i.PlusWebInvokeTimeInterceptor - [PLUS]结束请求 => URL[GET /system/menu/1823365164670726146],耗时:[56]毫秒
2025-10-21 15:53:31 [XNIO-1 task-13] INFO  c.r.f.i.PlusWebInvokeTimeInterceptor - [PLUS]结束请求 => URL[GET /system/menu/list],耗时:[70]毫秒
2025-10-21 15:53:35 [XNIO-1 task-13] INFO  c.r.f.i.PlusWebInvokeTimeInterceptor - [PLUS]开始请求 => URL[PUT /system/menu],参数类型[json],参数:[{"createBy":"admin","createTime":"2024-08-13 22:25:06","updateBy":"admin","updateTime":"2024-09-09 16:55:36","parentName":null,"parentId":"1759475177796603906","children":[],"menuId":"1823365164670726146","menuName":"裁决规则配置","orderNum":40,"path":"bizVerdictRule","component":"app/bizVerdictRule/index","queryParam":null,"isFrame":"1","isCache":"1","menuType":"C","visible":"1","status":"1","perms":"app:bizVerdictRule:list","icon":"tab","remark":""}]
2025-10-21 15:53:35 [XNIO-1 task-13] INFO  c.r.f.i.PlusWebInvokeTimeInterceptor - [PLUS]结束请求 => URL[PUT /system/menu],耗时:[82]毫秒
2025-10-21 15:53:35 [XNIO-1 task-13] INFO  c.r.f.i.PlusWebInvokeTimeInterceptor - [PLUS]开始请求 => URL[GET /system/menu/list],无参数
2025-10-21 15:53:35 [XNIO-1 task-13] INFO  c.r.f.i.PlusWebInvokeTimeInterceptor - [PLUS]结束请求 => URL[GET /system/menu/list],耗时:[70]毫秒
2025-10-21 15:53:41 [XNIO-1 task-13] INFO  c.r.f.i.PlusWebInvokeTimeInterceptor - [PLUS]开始请求 => URL[GET /system/menu/list],无参数
2025-10-21 15:53:41 [XNIO-1 task-5] INFO  c.r.f.i.PlusWebInvokeTimeInterceptor - [PLUS]开始请求 => URL[GET /system/menu/1830511045841022978],无参数
2025-10-21 15:53:41 [XNIO-1 task-5] INFO  c.r.f.i.PlusWebInvokeTimeInterceptor - [PLUS]结束请求 => URL[GET /system/menu/1830511045841022978],耗时:[57]毫秒
2025-10-21 15:53:41 [XNIO-1 task-13] INFO  c.r.f.i.PlusWebInvokeTimeInterceptor - [PLUS]结束请求 => URL[GET /system/menu/list],耗时:[71]毫秒
2025-10-21 15:53:44 [XNIO-1 task-13] INFO  c.r.f.i.PlusWebInvokeTimeInterceptor - [PLUS]开始请求 => URL[PUT /system/menu],参数类型[json],参数:[{"createBy":"admin","createTime":"2024-09-02 16:43:19","updateBy":"admin","updateTime":"2024-09-09 16:55:05","parentName":null,"parentId":"1759475177796603906","children":[],"menuId":"1830511045841022978","menuName":"棋子属性定义","orderNum":35,"path":"chessPiecesAttribute","component":"business/chessPiecesAttribute/index","queryParam":null,"isFrame":"1","isCache":"1","menuType":"C","visible":"1","status":"1","perms":"business:chessPiecesAttribute:list","icon":"dict","remark":"棋子属性定义菜单"}]
2025-10-21 15:53:44 [XNIO-1 task-13] INFO  c.r.f.i.PlusWebInvokeTimeInterceptor - [PLUS]结束请求 => URL[PUT /system/menu],耗时:[70]毫秒
2025-10-21 15:53:44 [XNIO-1 task-13] INFO  c.r.f.i.PlusWebInvokeTimeInterceptor - [PLUS]开始请求 => URL[GET /system/menu/list],无参数
2025-10-21 15:53:44 [XNIO-1 task-13] INFO  c.r.f.i.PlusWebInvokeTimeInterceptor - [PLUS]结束请求 => URL[GET /system/menu/list],耗时:[67]毫秒
2025-10-21 15:53:48 [XNIO-1 task-13] INFO  c.r.f.i.PlusWebInvokeTimeInterceptor - [PLUS]开始请求 => URL[GET /getInfo],无参数
2025-10-21 15:53:48 [XNIO-1 task-13] INFO  c.r.f.i.PlusWebInvokeTimeInterceptor - [PLUS]结束请求 => URL[GET /getInfo],耗时:[48]毫秒
2025-10-21 15:53:48 [XNIO-1 task-13] INFO  c.r.f.i.PlusWebInvokeTimeInterceptor - [PLUS]开始请求 => URL[GET /getRouters],无参数
2025-10-21 15:53:48 [XNIO-1 task-13] INFO  c.r.f.i.PlusWebInvokeTimeInterceptor - [PLUS]结束请求 => URL[GET /getRouters],耗时:[25]毫秒
2025-10-21 15:53:49 [XNIO-1 task-13] INFO  c.r.f.i.PlusWebInvokeTimeInterceptor - [PLUS]开始请求 => URL[GET /system/menu/list],无参数
2025-10-21 15:53:49 [XNIO-1 task-11] INFO  c.r.f.i.PlusWebInvokeTimeInterceptor - [PLUS]开始请求 => URL[GET /system/dict/data/type/sys_show_hide],无参数
2025-10-21 15:53:49 [XNIO-1 task-5] INFO  c.r.f.i.PlusWebInvokeTimeInterceptor - [PLUS]开始请求 => URL[GET /system/dict/data/type/sys_normal_disable],无参数
2025-10-21 15:53:49 [XNIO-1 task-11] INFO  c.r.f.i.PlusWebInvokeTimeInterceptor - [PLUS]结束请求 => URL[GET /system/dict/data/type/sys_show_hide],耗时:[19]毫秒
2025-10-21 15:53:49 [XNIO-1 task-5] INFO  c.r.f.i.PlusWebInvokeTimeInterceptor - [PLUS]结束请求 => URL[GET /system/dict/data/type/sys_normal_disable],耗时:[19]毫秒
2025-10-21 15:53:49 [XNIO-1 task-13] INFO  c.r.f.i.PlusWebInvokeTimeInterceptor - [PLUS]结束请求 => URL[GET /system/menu/list],耗时:[60]毫秒
2025-10-21 15:53:57 [XNIO-1 task-11] INFO  c.r.f.i.PlusWebInvokeTimeInterceptor - [PLUS]开始请求 => URL[GET /business/user/list],参数类型[param],参数:[{"pageSize":["10"],"pageNum":["1"]}]
2025-10-21 15:53:57 [XNIO-1 task-13] INFO  c.r.f.i.PlusWebInvokeTimeInterceptor - [PLUS]开始请求 => URL[GET /system/dict/data/type/biz_permission],无参数
2025-10-21 15:53:57 [XNIO-1 task-13] INFO  c.r.f.i.PlusWebInvokeTimeInterceptor - [PLUS]结束请求 => URL[GET /system/dict/data/type/biz_permission],耗时:[23]毫秒
2025-10-21 15:53:57 [XNIO-1 task-11] INFO  c.r.f.i.PlusWebInvokeTimeInterceptor - [PLUS]结束请求 => URL[GET /business/user/list],耗时:[70]毫秒
2025-10-21 15:53:59 [XNIO-1 task-11] INFO  c.r.f.i.PlusWebInvokeTimeInterceptor - [PLUS]开始请求 => URL[GET /business/arbiterMap/list],参数类型[param],参数:[{"pageSize":["10"],"pageNum":["1"]}]
2025-10-21 15:53:59 [XNIO-1 task-13] INFO  c.r.f.i.PlusWebInvokeTimeInterceptor - [PLUS]开始请求 => URL[GET /business/product/queryProductList],无参数
2025-10-21 15:53:59 [XNIO-1 task-13] INFO  c.r.f.i.PlusWebInvokeTimeInterceptor - [PLUS]结束请求 => URL[GET /business/product/queryProductList],耗时:[32]毫秒
2025-10-21 15:53:59 [XNIO-1 task-11] INFO  c.r.f.i.PlusWebInvokeTimeInterceptor - [PLUS]结束请求 => URL[GET /business/arbiterMap/list],耗时:[59]毫秒
2025-10-21 15:54:00 [XNIO-1 task-11] INFO  c.r.f.i.PlusWebInvokeTimeInterceptor - [PLUS]开始请求 => URL[GET /business/arbiterMapLegend/list],参数类型[param],参数:[{"pageSize":["10"],"pageNum":["1"]}]
2025-10-21 15:54:00 [XNIO-1 task-11] INFO  c.r.f.i.PlusWebInvokeTimeInterceptor - [PLUS]结束请求 => URL[GET /business/arbiterMapLegend/list],耗时:[60]毫秒
2025-10-21 15:54:05 [XNIO-1 task-11] INFO  c.r.f.i.PlusWebInvokeTimeInterceptor - [PLUS]开始请求 => URL[GET /business/arbiterMapRoad/list],参数类型[param],参数:[{"pageSize":["10"],"pageNum":["1"]}]
2025-10-21 15:54:05 [XNIO-1 task-11] INFO  c.r.f.i.PlusWebInvokeTimeInterceptor - [PLUS]结束请求 => URL[GET /business/arbiterMapRoad/list],耗时:[73]毫秒
2025-10-21 15:54:16 [XNIO-1 task-11] INFO  c.r.f.i.PlusWebInvokeTimeInterceptor - [PLUS]开始请求 => URL[GET /system/dict/data/type/action_type],无参数
2025-10-21 15:54:16 [XNIO-1 task-13] INFO  c.r.f.i.PlusWebInvokeTimeInterceptor - [PLUS]开始请求 => URL[GET /business/chessPieces/list],参数类型[param],参数:[{"pageSize":["10"],"pageNum":["1"]}]
2025-10-21 15:54:16 [XNIO-1 task-12] INFO  c.r.f.i.PlusWebInvokeTimeInterceptor - [PLUS]开始请求 => URL[GET /business/chessPiecesCamp/queryChessPiecesCampList],无参数
2025-10-21 15:54:16 [XNIO-1 task-5] INFO  c.r.f.i.PlusWebInvokeTimeInterceptor - [PLUS]开始请求 => URL[GET /business/chessPiecesType/queryChessPiecesTypeList],无参数
2025-10-21 15:54:16 [XNIO-1 task-7] INFO  c.r.f.i.PlusWebInvokeTimeInterceptor - [PLUS]开始请求 => URL[GET /business/product/queryProductList],无参数
2025-10-21 15:54:16 [XNIO-1 task-11] INFO  c.r.f.i.PlusWebInvokeTimeInterceptor - [PLUS]结束请求 => URL[GET /system/dict/data/type/action_type],耗时:[25]毫秒
2025-10-21 15:54:16 [XNIO-1 task-5] INFO  c.r.f.i.PlusWebInvokeTimeInterceptor - [PLUS]结束请求 => URL[GET /business/chessPiecesType/queryChessPiecesTypeList],耗时:[28]毫秒
2025-10-21 15:54:16 [XNIO-1 task-12] INFO  c.r.f.i.PlusWebInvokeTimeInterceptor - [PLUS]结束请求 => URL[GET /business/chessPiecesCamp/queryChessPiecesCampList],耗时:[32]毫秒
2025-10-21 15:54:16 [XNIO-1 task-7] INFO  c.r.f.i.PlusWebInvokeTimeInterceptor - [PLUS]结束请求 => URL[GET /business/product/queryProductList],耗时:[32]毫秒
2025-10-21 15:54:16 [XNIO-1 task-13] INFO  c.r.f.i.PlusWebInvokeTimeInterceptor - [PLUS]结束请求 => URL[GET /business/chessPieces/list],耗时:[71]毫秒
2025-10-21 15:54:16 [XNIO-1 task-7] INFO  c.r.f.i.PlusWebInvokeTimeInterceptor - [PLUS]开始请求 => URL[GET /api/system/getOssById/1856590815659003905],无参数
2025-10-21 15:54:16 [XNIO-1 task-12] INFO  c.r.f.i.PlusWebInvokeTimeInterceptor - [PLUS]开始请求 => URL[GET /api/system/getOssById/1856590846159982594],无参数
2025-10-21 15:54:16 [XNIO-1 task-13] INFO  c.r.f.i.PlusWebInvokeTimeInterceptor - [PLUS]开始请求 => URL[GET /api/system/getOssById/1856587777389072386],无参数
2025-10-21 15:54:16 [XNIO-1 task-12] INFO  c.r.f.i.PlusWebInvokeTimeInterceptor - [PLUS]结束请求 => URL[GET /api/system/getOssById/1856590846159982594],耗时:[20]毫秒
2025-10-21 15:54:16 [XNIO-1 task-7] INFO  c.r.f.i.PlusWebInvokeTimeInterceptor - [PLUS]结束请求 => URL[GET /api/system/getOssById/1856590815659003905],耗时:[21]毫秒
2025-10-21 15:54:16 [XNIO-1 task-13] INFO  c.r.f.i.PlusWebInvokeTimeInterceptor - [PLUS]结束请求 => URL[GET /api/system/getOssById/1856587777389072386],耗时:[23]毫秒
2025-10-21 15:54:16 [XNIO-1 task-12] INFO  c.r.f.i.PlusWebInvokeTimeInterceptor - [PLUS]开始请求 => URL[GET /api/system/getOssById/1856590846159982594],无参数
2025-10-21 15:54:16 [XNIO-1 task-7] INFO  c.r.f.i.PlusWebInvokeTimeInterceptor - [PLUS]开始请求 => URL[GET /api/system/getOssById/1856590815659003905],无参数
2025-10-21 15:54:16 [XNIO-1 task-13] INFO  c.r.f.i.PlusWebInvokeTimeInterceptor - [PLUS]开始请求 => URL[GET /api/system/getOssById/1856587777389072386],无参数
2025-10-21 15:54:16 [XNIO-1 task-12] INFO  c.r.f.i.PlusWebInvokeTimeInterceptor - [PLUS]结束请求 => URL[GET /api/system/getOssById/1856590846159982594],耗时:[22]毫秒
2025-10-21 15:54:16 [XNIO-1 task-7] INFO  c.r.f.i.PlusWebInvokeTimeInterceptor - [PLUS]结束请求 => URL[GET /api/system/getOssById/1856590815659003905],耗时:[22]毫秒
2025-10-21 15:54:16 [XNIO-1 task-7] INFO  c.r.f.i.PlusWebInvokeTimeInterceptor - [PLUS]开始请求 => URL[GET /api/system/getOssById/1856590846159982594],无参数
2025-10-21 15:54:16 [XNIO-1 task-13] INFO  c.r.f.i.PlusWebInvokeTimeInterceptor - [PLUS]结束请求 => URL[GET /api/system/getOssById/1856587777389072386],耗时:[22]毫秒
2025-10-21 15:54:16 [XNIO-1 task-13] INFO  c.r.f.i.PlusWebInvokeTimeInterceptor - [PLUS]开始请求 => URL[GET /api/system/getOssById/1856587777389072386],无参数
2025-10-21 15:54:16 [XNIO-1 task-7] INFO  c.r.f.i.PlusWebInvokeTimeInterceptor - [PLUS]结束请求 => URL[GET /api/system/getOssById/1856590846159982594],耗时:[20]毫秒
2025-10-21 15:54:16 [XNIO-1 task-13] INFO  c.r.f.i.PlusWebInvokeTimeInterceptor - [PLUS]结束请求 => URL[GET /api/system/getOssById/1856587777389072386],耗时:[21]毫秒
2025-10-21 15:54:16 [XNIO-1 task-13] INFO  c.r.f.i.PlusWebInvokeTimeInterceptor - [PLUS]开始请求 => URL[GET /api/system/getOssById/1856587777389072386],无参数
2025-10-21 15:54:16 [XNIO-1 task-13] INFO  c.r.f.i.PlusWebInvokeTimeInterceptor - [PLUS]结束请求 => URL[GET /api/system/getOssById/1856587777389072386],耗时:[20]毫秒
2025-10-21 15:54:16 [XNIO-1 task-13] INFO  c.r.f.i.PlusWebInvokeTimeInterceptor - [PLUS]开始请求 => URL[GET /api/system/getOssById/1856587777389072386],无参数
2025-10-21 15:54:16 [XNIO-1 task-13] INFO  c.r.f.i.PlusWebInvokeTimeInterceptor - [PLUS]结束请求 => URL[GET /api/system/getOssById/1856587777389072386],耗时:[21]毫秒
2025-10-21 15:54:34 [XNIO-1 task-13] INFO  c.r.f.i.PlusWebInvokeTimeInterceptor - [PLUS]开始请求 => URL[GET /getInfo],无参数
2025-10-21 15:54:34 [XNIO-1 task-13] INFO  c.r.f.i.PlusWebInvokeTimeInterceptor - [PLUS]结束请求 => URL[GET /getInfo],耗时:[44]毫秒
2025-10-21 15:54:34 [XNIO-1 task-13] INFO  c.r.f.i.PlusWebInvokeTimeInterceptor - [PLUS]开始请求 => URL[GET /getRouters],无参数
2025-10-21 15:54:34 [XNIO-1 task-13] INFO  c.r.f.i.PlusWebInvokeTimeInterceptor - [PLUS]结束请求 => URL[GET /getRouters],耗时:[25]毫秒
2025-10-21 15:54:34 [XNIO-1 task-11] INFO  c.r.f.i.PlusWebInvokeTimeInterceptor - [PLUS]开始请求 => URL[GET /business/chessPiecesCamp/queryChessPiecesCampList],无参数
2025-10-21 15:54:34 [XNIO-1 task-5] INFO  c.r.f.i.PlusWebInvokeTimeInterceptor - [PLUS]开始请求 => URL[GET /business/chessPiecesType/queryChessPiecesTypeList],无参数
2025-10-21 15:54:34 [XNIO-1 task-7] INFO  c.r.f.i.PlusWebInvokeTimeInterceptor - [PLUS]开始请求 => URL[GET /business/product/queryProductList],无参数
2025-10-21 15:54:34 [XNIO-1 task-13] INFO  c.r.f.i.PlusWebInvokeTimeInterceptor - [PLUS]开始请求 => URL[GET /system/dict/data/type/action_type],无参数
2025-10-21 15:54:34 [XNIO-1 task-12] INFO  c.r.f.i.PlusWebInvokeTimeInterceptor - [PLUS]开始请求 => URL[GET /business/chessPieces/list],参数类型[param],参数:[{"pageSize":["10"],"pageNum":["1"]}]
2025-10-21 15:54:34 [XNIO-1 task-5] INFO  c.r.f.i.PlusWebInvokeTimeInterceptor - [PLUS]结束请求 => URL[GET /business/chessPiecesType/queryChessPiecesTypeList],耗时:[22]毫秒
2025-10-21 15:54:34 [XNIO-1 task-13] INFO  c.r.f.i.PlusWebInvokeTimeInterceptor - [PLUS]结束请求 => URL[GET /system/dict/data/type/action_type],耗时:[24]毫秒
2025-10-21 15:54:34 [XNIO-1 task-11] INFO  c.r.f.i.PlusWebInvokeTimeInterceptor - [PLUS]结束请求 => URL[GET /business/chessPiecesCamp/queryChessPiecesCampList],耗时:[28]毫秒
2025-10-21 15:54:34 [XNIO-1 task-7] INFO  c.r.f.i.PlusWebInvokeTimeInterceptor - [PLUS]结束请求 => URL[GET /business/product/queryProductList],耗时:[30]毫秒
2025-10-21 15:54:34 [XNIO-1 task-12] INFO  c.r.f.i.PlusWebInvokeTimeInterceptor - [PLUS]结束请求 => URL[GET /business/chessPieces/list],耗时:[69]毫秒
2025-10-21 15:54:34 [XNIO-1 task-12] INFO  c.r.f.i.PlusWebInvokeTimeInterceptor - [PLUS]开始请求 => URL[GET /api/system/getOssById/1856587777389072386],无参数
2025-10-21 15:54:34 [XNIO-1 task-7] INFO  c.r.f.i.PlusWebInvokeTimeInterceptor - [PLUS]开始请求 => URL[GET /api/system/getOssById/1856587777389072386],无参数
2025-10-21 15:54:34 [XNIO-1 task-11] INFO  c.r.f.i.PlusWebInvokeTimeInterceptor - [PLUS]开始请求 => URL[GET /api/system/getOssById/1856587777389072386],无参数
2025-10-21 15:54:34 [XNIO-1 task-13] INFO  c.r.f.i.PlusWebInvokeTimeInterceptor - [PLUS]开始请求 => URL[GET /api/system/getOssById/1856587777389072386],无参数
2025-10-21 15:54:34 [XNIO-1 task-5] INFO  c.r.f.i.PlusWebInvokeTimeInterceptor - [PLUS]开始请求 => URL[GET /api/system/getOssById/1856587777389072386],无参数
2025-10-21 15:54:34 [XNIO-1 task-6] INFO  c.r.f.i.PlusWebInvokeTimeInterceptor - [PLUS]开始请求 => URL[GET /api/system/getOssById/1856590815659003905],无参数
2025-10-21 15:54:34 [XNIO-1 task-12] INFO  c.r.f.i.PlusWebInvokeTimeInterceptor - [PLUS]结束请求 => URL[GET /api/system/getOssById/1856587777389072386],耗时:[27]毫秒
2025-10-21 15:54:34 [XNIO-1 task-13] INFO  c.r.f.i.PlusWebInvokeTimeInterceptor - [PLUS]结束请求 => URL[GET /api/system/getOssById/1856587777389072386],耗时:[22]毫秒
2025-10-21 15:54:34 [XNIO-1 task-7] INFO  c.r.f.i.PlusWebInvokeTimeInterceptor - [PLUS]结束请求 => URL[GET /api/system/getOssById/1856587777389072386],耗时:[24]毫秒
2025-10-21 15:54:34 [XNIO-1 task-11] INFO  c.r.f.i.PlusWebInvokeTimeInterceptor - [PLUS]结束请求 => URL[GET /api/system/getOssById/1856587777389072386],耗时:[27]毫秒
2025-10-21 15:54:34 [XNIO-1 task-7] INFO  c.r.f.i.PlusWebInvokeTimeInterceptor - [PLUS]开始请求 => URL[GET /api/system/getOssById/1856590846159982594],无参数
2025-10-21 15:54:34 [XNIO-1 task-11] INFO  c.r.f.i.PlusWebInvokeTimeInterceptor - [PLUS]开始请求 => URL[GET /api/system/getOssById/1856590815659003905],无参数
2025-10-21 15:54:34 [XNIO-1 task-6] INFO  c.r.f.i.PlusWebInvokeTimeInterceptor - [PLUS]结束请求 => URL[GET /api/system/getOssById/1856590815659003905],耗时:[26]毫秒
2025-10-21 15:54:34 [XNIO-1 task-13] INFO  c.r.f.i.PlusWebInvokeTimeInterceptor - [PLUS]开始请求 => URL[GET /api/system/getOssById/1856590846159982594],无参数
2025-10-21 15:54:34 [XNIO-1 task-5] INFO  c.r.f.i.PlusWebInvokeTimeInterceptor - [PLUS]结束请求 => URL[GET /api/system/getOssById/1856587777389072386],耗时:[26]毫秒
2025-10-21 15:54:34 [XNIO-1 task-12] INFO  c.r.f.i.PlusWebInvokeTimeInterceptor - [PLUS]开始请求 => URL[GET /api/system/getOssById/1856590846159982594],无参数
2025-10-21 15:54:34 [XNIO-1 task-7] INFO  c.r.f.i.PlusWebInvokeTimeInterceptor - [PLUS]结束请求 => URL[GET /api/system/getOssById/1856590846159982594],耗时:[25]毫秒
2025-10-21 15:54:34 [XNIO-1 task-11] INFO  c.r.f.i.PlusWebInvokeTimeInterceptor - [PLUS]结束请求 => URL[GET /api/system/getOssById/1856590815659003905],耗时:[25]毫秒
2025-10-21 15:54:34 [XNIO-1 task-13] INFO  c.r.f.i.PlusWebInvokeTimeInterceptor - [PLUS]结束请求 => URL[GET /api/system/getOssById/1856590846159982594],耗时:[29]毫秒
2025-10-21 15:54:34 [XNIO-1 task-12] INFO  c.r.f.i.PlusWebInvokeTimeInterceptor - [PLUS]结束请求 => URL[GET /api/system/getOssById/1856590846159982594],耗时:[29]毫秒
2025-10-21 15:54:39 [XNIO-1 task-7] INFO  c.r.f.i.PlusWebInvokeTimeInterceptor - [PLUS]开始请求 => URL[GET /business/product/list],无参数
2025-10-21 15:54:39 [XNIO-1 task-13] INFO  c.r.f.i.PlusWebInvokeTimeInterceptor - [PLUS]开始请求 => URL[GET /system/dict/data/type/chess_attr_init],无参数
2025-10-21 15:54:39 [XNIO-1 task-12] INFO  c.r.f.i.PlusWebInvokeTimeInterceptor - [PLUS]开始请求 => URL[GET /system/dict/data/type/chess_attr_type],无参数
2025-10-21 15:54:39 [XNIO-1 task-13] INFO  c.r.f.i.PlusWebInvokeTimeInterceptor - [PLUS]结束请求 => URL[GET /system/dict/data/type/chess_attr_init],耗时:[28]毫秒
2025-10-21 15:54:39 [XNIO-1 task-12] INFO  c.r.f.i.PlusWebInvokeTimeInterceptor - [PLUS]结束请求 => URL[GET /system/dict/data/type/chess_attr_type],耗时:[28]毫秒
2025-10-21 15:54:39 [XNIO-1 task-7] INFO  c.r.f.i.PlusWebInvokeTimeInterceptor - [PLUS]结束请求 => URL[GET /business/product/list],耗时:[72]毫秒
2025-10-21 15:54:39 [XNIO-1 task-12] INFO  c.r.f.i.PlusWebInvokeTimeInterceptor - [PLUS]开始请求 => URL[GET /business/chessPiecesType/list],参数类型[param],参数:[{"productId":["1690375113702400000"],"pageSize":["10"],"pageNum":["1"],"productName":["火力战"]}]
2025-10-21 15:54:39 [XNIO-1 task-7] INFO  c.r.f.i.PlusWebInvokeTimeInterceptor - [PLUS]开始请求 => URL[GET /app/verdictType/list],参数类型[param],参数:[{"productId":["1690375113702400000"],"productName":["火力战"]}]
2025-10-21 15:54:39 [XNIO-1 task-7] INFO  c.r.f.i.PlusWebInvokeTimeInterceptor - [PLUS]结束请求 => URL[GET /app/verdictType/list],耗时:[51]毫秒
2025-10-21 15:54:39 [XNIO-1 task-12] INFO  c.r.f.i.PlusWebInvokeTimeInterceptor - [PLUS]结束请求 => URL[GET /business/chessPiecesType/list],耗时:[56]毫秒
2025-10-21 15:54:45 [XNIO-1 task-7] INFO  c.r.f.i.PlusWebInvokeTimeInterceptor - [PLUS]开始请求 => URL[GET /system/dict/data/type/level_type],无参数
2025-10-21 15:54:45 [XNIO-1 task-6] INFO  c.r.f.i.PlusWebInvokeTimeInterceptor - [PLUS]开始请求 => URL[GET /business/product/list],参数类型[param],参数:[{"pageSize":["10"],"pageNum":["1"]}]
2025-10-21 15:54:45 [XNIO-1 task-11] INFO  c.r.f.i.PlusWebInvokeTimeInterceptor - [PLUS]开始请求 => URL[GET /system/dict/data/type/subject_type],无参数
2025-10-21 15:54:45 [XNIO-1 task-13] INFO  c.r.f.i.PlusWebInvokeTimeInterceptor - [PLUS]开始请求 => URL[GET /system/dict/data/type/shelf_flag],无参数
2025-10-21 15:54:45 [XNIO-1 task-12] INFO  c.r.f.i.PlusWebInvokeTimeInterceptor - [PLUS]开始请求 => URL[GET /system/dict/data/type/mode_type],无参数
2025-10-21 15:54:45 [XNIO-1 task-5] INFO  c.r.f.i.PlusWebInvokeTimeInterceptor - [PLUS]开始请求 => URL[GET /system/dict/data/type/verdict_type],无参数
2025-10-21 15:54:45 [XNIO-1 task-12] INFO  c.r.f.i.PlusWebInvokeTimeInterceptor - [PLUS]结束请求 => URL[GET /system/dict/data/type/mode_type],耗时:[29]毫秒
2025-10-21 15:54:45 [XNIO-1 task-7] INFO  c.r.f.i.PlusWebInvokeTimeInterceptor - [PLUS]结束请求 => URL[GET /system/dict/data/type/level_type],耗时:[30]毫秒
2025-10-21 15:54:45 [XNIO-1 task-13] INFO  c.r.f.i.PlusWebInvokeTimeInterceptor - [PLUS]结束请求 => URL[GET /system/dict/data/type/shelf_flag],耗时:[33]毫秒
2025-10-21 15:54:45 [XNIO-1 task-11] INFO  c.r.f.i.PlusWebInvokeTimeInterceptor - [PLUS]结束请求 => URL[GET /system/dict/data/type/subject_type],耗时:[32]毫秒
2025-10-21 15:54:45 [XNIO-1 task-5] INFO  c.r.f.i.PlusWebInvokeTimeInterceptor - [PLUS]结束请求 => URL[GET /system/dict/data/type/verdict_type],耗时:[32]毫秒
2025-10-21 15:54:45 [XNIO-1 task-5] INFO  c.r.f.i.PlusWebInvokeTimeInterceptor - [PLUS]开始请求 => URL[GET /business/chessPieces/queryChessPiecesList],无参数
2025-10-21 15:54:45 [XNIO-1 task-11] INFO  c.r.f.i.PlusWebInvokeTimeInterceptor - [PLUS]开始请求 => URL[GET /business/scenario/queryScenarioList],无参数
2025-10-21 15:54:45 [XNIO-1 task-11] INFO  c.r.f.i.PlusWebInvokeTimeInterceptor - [PLUS]结束请求 => URL[GET /business/scenario/queryScenarioList],耗时:[29]毫秒
2025-10-21 15:54:45 [XNIO-1 task-6] INFO  c.r.f.i.PlusWebInvokeTimeInterceptor - [PLUS]结束请求 => URL[GET /business/product/list],耗时:[70]毫秒
2025-10-21 15:54:45 [XNIO-1 task-5] INFO  c.r.f.i.PlusWebInvokeTimeInterceptor - [PLUS]结束请求 => URL[GET /business/chessPieces/queryChessPiecesList],耗时:[53]毫秒
2025-10-21 15:54:49 [XNIO-1 task-5] INFO  c.r.f.i.PlusWebInvokeTimeInterceptor - [PLUS]开始请求 => URL[GET /business/arbiterMapRoad/list],参数类型[param],参数:[{"pageSize":["10"],"pageNum":["1"]}]
2025-10-21 15:54:49 [XNIO-1 task-5] INFO  c.r.f.i.PlusWebInvokeTimeInterceptor - [PLUS]结束请求 => URL[GET /business/arbiterMapRoad/list],耗时:[70]毫秒
2025-10-21 15:54:51 [XNIO-1 task-5] INFO  c.r.f.i.PlusWebInvokeTimeInterceptor - [PLUS]开始请求 => URL[GET /business/arbiterMapRiver/list],参数类型[param],参数:[{"pageSize":["10"],"pageNum":["1"]}]
2025-10-21 15:54:51 [XNIO-1 task-5] INFO  c.r.f.i.PlusWebInvokeTimeInterceptor - [PLUS]结束请求 => URL[GET /business/arbiterMapRiver/list],耗时:[65]毫秒
2025-10-21 15:54:52 [XNIO-1 task-5] INFO  c.r.f.i.PlusWebInvokeTimeInterceptor - [PLUS]开始请求 => URL[GET /business/arbiterMapLegend/list],参数类型[param],参数:[{"pageSize":["10"],"pageNum":["1"]}]
2025-10-21 15:54:52 [XNIO-1 task-5] INFO  c.r.f.i.PlusWebInvokeTimeInterceptor - [PLUS]结束请求 => URL[GET /business/arbiterMapLegend/list],耗时:[70]毫秒
2025-10-21 15:54:58 [XNIO-1 task-11] INFO  c.r.f.i.PlusWebInvokeTimeInterceptor - [PLUS]开始请求 => URL[GET /business/arbiterMap/queryArbiterMapList],无参数
2025-10-21 15:54:58 [XNIO-1 task-6] INFO  c.r.f.i.PlusWebInvokeTimeInterceptor - [PLUS]开始请求 => URL[GET /business/scenario/list],参数类型[param],参数:[{"pageSize":["10"],"pageNum":["1"]}]
2025-10-21 15:54:58 [XNIO-1 task-5] INFO  c.r.f.i.PlusWebInvokeTimeInterceptor - [PLUS]开始请求 => URL[GET /business/product/queryProductList],无参数
2025-10-21 15:54:58 [XNIO-1 task-11] INFO  c.r.f.i.PlusWebInvokeTimeInterceptor - [PLUS]结束请求 => URL[GET /business/arbiterMap/queryArbiterMapList],耗时:[27]毫秒
2025-10-21 15:54:58 [XNIO-1 task-5] INFO  c.r.f.i.PlusWebInvokeTimeInterceptor - [PLUS]结束请求 => URL[GET /business/product/queryProductList],耗时:[27]毫秒
2025-10-21 15:54:58 [XNIO-1 task-6] INFO  c.r.f.i.PlusWebInvokeTimeInterceptor - [PLUS]结束请求 => URL[GET /business/scenario/list],耗时:[62]毫秒
2025-10-21 15:55:02 [XNIO-1 task-5] INFO  c.r.f.i.PlusWebInvokeTimeInterceptor - [PLUS]开始请求 => URL[GET /system/menu/list],无参数
2025-10-21 15:55:02 [XNIO-1 task-11] INFO  c.r.f.i.PlusWebInvokeTimeInterceptor - [PLUS]开始请求 => URL[GET /system/dict/data/type/sys_show_hide],无参数
2025-10-21 15:55:02 [XNIO-1 task-6] INFO  c.r.f.i.PlusWebInvokeTimeInterceptor - [PLUS]开始请求 => URL[GET /system/dict/data/type/sys_normal_disable],无参数
2025-10-21 15:55:02 [XNIO-1 task-11] INFO  c.r.f.i.PlusWebInvokeTimeInterceptor - [PLUS]结束请求 => URL[GET /system/dict/data/type/sys_show_hide],耗时:[23]毫秒
2025-10-21 15:55:02 [XNIO-1 task-6] INFO  c.r.f.i.PlusWebInvokeTimeInterceptor - [PLUS]结束请求 => URL[GET /system/dict/data/type/sys_normal_disable],耗时:[23]毫秒
2025-10-21 15:55:02 [XNIO-1 task-5] INFO  c.r.f.i.PlusWebInvokeTimeInterceptor - [PLUS]结束请求 => URL[GET /system/menu/list],耗时:[63]毫秒
2025-10-21 15:55:07 [XNIO-1 task-5] INFO  c.r.f.i.PlusWebInvokeTimeInterceptor - [PLUS]开始请求 => URL[GET /system/menu/list],无参数
2025-10-21 15:55:07 [XNIO-1 task-6] INFO  c.r.f.i.PlusWebInvokeTimeInterceptor - [PLUS]开始请求 => URL[GET /system/menu/1826826537358970882],无参数
2025-10-21 15:55:07 [XNIO-1 task-6] INFO  c.r.f.i.PlusWebInvokeTimeInterceptor - [PLUS]结束请求 => URL[GET /system/menu/1826826537358970882],耗时:[60]毫秒
2025-10-21 15:55:07 [XNIO-1 task-5] INFO  c.r.f.i.PlusWebInvokeTimeInterceptor - [PLUS]结束请求 => URL[GET /system/menu/list],耗时:[68]毫秒
2025-10-21 15:55:11 [XNIO-1 task-5] INFO  c.r.f.i.PlusWebInvokeTimeInterceptor - [PLUS]开始请求 => URL[PUT /system/menu],参数类型[json],参数:[{"createBy":"admin","createTime":"2024-08-23 11:39:21","updateBy":"admin","updateTime":"2024-08-23 11:39:21","parentName":null,"parentId":"1759475177796603906","children":[],"menuId":"1826826537358970882","menuName":"棋子定义","orderNum":30,"path":"chessPiecesType","component":"business/chessPiecesType/index","queryParam":null,"isFrame":"1","isCache":"1","menuType":"C","visible":"1","status":"1","perms":"business:chessPiecesType:list","icon":"component","remark":""}]
2025-10-21 15:55:11 [XNIO-1 task-5] INFO  c.r.f.i.PlusWebInvokeTimeInterceptor - [PLUS]结束请求 => URL[PUT /system/menu],耗时:[110]毫秒
2025-10-21 15:55:11 [XNIO-1 task-5] INFO  c.r.f.i.PlusWebInvokeTimeInterceptor - [PLUS]开始请求 => URL[GET /system/menu/list],无参数
2025-10-21 15:55:11 [XNIO-1 task-5] INFO  c.r.f.i.PlusWebInvokeTimeInterceptor - [PLUS]结束请求 => URL[GET /system/menu/list],耗时:[62]毫秒
2025-10-21 15:55:34 [XNIO-1 task-5] INFO  c.r.f.i.PlusWebInvokeTimeInterceptor - [PLUS]开始请求 => URL[GET /business/product/queryProductList],无参数
2025-10-21 15:55:34 [XNIO-1 task-6] INFO  c.r.f.i.PlusWebInvokeTimeInterceptor - [PLUS]开始请求 => URL[GET /business/arbiterMap/list],参数类型[param],参数:[{"pageSize":["10"],"pageNum":["1"]}]
2025-10-21 15:55:34 [XNIO-1 task-5] INFO  c.r.f.i.PlusWebInvokeTimeInterceptor - [PLUS]结束请求 => URL[GET /business/product/queryProductList],耗时:[63]毫秒
2025-10-21 15:55:34 [XNIO-1 task-6] INFO  c.r.f.i.PlusWebInvokeTimeInterceptor - [PLUS]结束请求 => URL[GET /business/arbiterMap/list],耗时:[95]毫秒
2025-10-21 15:55:36 [XNIO-1 task-5] INFO  c.r.f.i.PlusWebInvokeTimeInterceptor - [PLUS]开始请求 => URL[GET /business/user/list],参数类型[param],参数:[{"pageSize":["10"],"pageNum":["1"]}]
2025-10-21 15:55:36 [XNIO-1 task-6] INFO  c.r.f.i.PlusWebInvokeTimeInterceptor - [PLUS]开始请求 => URL[GET /system/dict/data/type/biz_permission],无参数
2025-10-21 15:55:36 [XNIO-1 task-6] INFO  c.r.f.i.PlusWebInvokeTimeInterceptor - [PLUS]结束请求 => URL[GET /system/dict/data/type/biz_permission],耗时:[23]毫秒
2025-10-21 15:55:36 [XNIO-1 task-5] INFO  c.r.f.i.PlusWebInvokeTimeInterceptor - [PLUS]结束请求 => URL[GET /business/user/list],耗时:[75]毫秒
2025-10-21 16:01:36 [XNIO-1 task-5] INFO  c.r.f.i.PlusWebInvokeTimeInterceptor - [PLUS]开始请求 => URL[GET /getInfo],无参数
2025-10-21 16:01:36 [XNIO-1 task-5] INFO  c.r.f.i.PlusWebInvokeTimeInterceptor - [PLUS]结束请求 => URL[GET /getInfo],耗时:[59]毫秒
2025-10-21 16:01:36 [XNIO-1 task-5] INFO  c.r.f.i.PlusWebInvokeTimeInterceptor - [PLUS]开始请求 => URL[GET /getRouters],无参数
2025-10-21 16:01:36 [XNIO-1 task-5] INFO  c.r.f.i.PlusWebInvokeTimeInterceptor - [PLUS]结束请求 => URL[GET /getRouters],耗时:[30]毫秒
2025-10-21 16:02:14 [XNIO-1 task-5] INFO  c.r.f.i.PlusWebInvokeTimeInterceptor - [PLUS]开始请求 => URL[GET /getInfo],无参数
2025-10-21 16:02:14 [XNIO-1 task-5] INFO  c.r.f.i.PlusWebInvokeTimeInterceptor - [PLUS]结束请求 => URL[GET /getInfo],耗时:[51]毫秒
2025-10-21 16:02:14 [XNIO-1 task-5] INFO  c.r.f.i.PlusWebInvokeTimeInterceptor - [PLUS]开始请求 => URL[GET /getRouters],无参数
2025-10-21 16:02:14 [XNIO-1 task-5] INFO  c.r.f.i.PlusWebInvokeTimeInterceptor - [PLUS]结束请求 => URL[GET /getRouters],耗时:[28]毫秒
2025-10-21 16:02:17 [XNIO-1 task-5] INFO  c.r.f.i.PlusWebInvokeTimeInterceptor - [PLUS]开始请求 => URL[GET /system/user/profile],无参数
2025-10-21 16:02:17 [XNIO-1 task-5] INFO  c.r.f.i.PlusWebInvokeTimeInterceptor - [PLUS]结束请求 => URL[GET /system/user/profile],耗时:[61]毫秒
2025-10-21 16:02:20 [XNIO-1 task-5] INFO  c.r.f.i.PlusWebInvokeTimeInterceptor - [PLUS]开始请求 => URL[GET /business/arbiterMap/undefined],无参数
2025-10-21 16:02:20 [XNIO-1 task-6] INFO  c.r.f.i.PlusWebInvokeTimeInterceptor - [PLUS]开始请求 => URL[GET /business/arbiterMapLegend/queryArbiterMapLegendList],无参数
2025-10-21 16:02:20 [XNIO-1 task-6] INFO  c.r.f.i.PlusWebInvokeTimeInterceptor - [PLUS]结束请求 => URL[GET /business/arbiterMapLegend/queryArbiterMapLegendList],耗时:[49]毫秒
2025-10-21 16:02:20 [XNIO-1 task-5] INFO  c.r.f.i.PlusWebInvokeTimeInterceptor - [PLUS]结束请求 => URL[GET /business/arbiterMap/undefined],耗时:[49]毫秒
2025-10-21 16:02:25 [XNIO-1 task-6] INFO  c.r.f.i.PlusWebInvokeTimeInterceptor - [PLUS]开始请求 => URL[GET /business/product/queryProductList],无参数
2025-10-21 16:02:25 [XNIO-1 task-5] INFO  c.r.f.i.PlusWebInvokeTimeInterceptor - [PLUS]开始请求 => URL[GET /business/arbiterMap/list],参数类型[param],参数:[{"pageSize":["10"],"pageNum":["1"]}]
2025-10-21 16:02:25 [XNIO-1 task-6] INFO  c.r.f.i.PlusWebInvokeTimeInterceptor - [PLUS]结束请求 => URL[GET /business/product/queryProductList],耗时:[30]毫秒
2025-10-21 16:02:25 [XNIO-1 task-5] INFO  c.r.f.i.PlusWebInvokeTimeInterceptor - [PLUS]结束请求 => URL[GET /business/arbiterMap/list],耗时:[58]毫秒
2025-10-21 16:02:32 [XNIO-1 task-6] INFO  c.r.f.i.PlusWebInvokeTimeInterceptor - [PLUS]开始请求 => URL[GET /business/arbiterMap/queryArbiterMapList],无参数
2025-10-21 16:02:32 [XNIO-1 task-5] INFO  c.r.f.i.PlusWebInvokeTimeInterceptor - [PLUS]开始请求 => URL[GET /business/product/queryProductList],无参数
2025-10-21 16:02:32 [XNIO-1 task-5] INFO  c.r.f.i.PlusWebInvokeTimeInterceptor - [PLUS]结束请求 => URL[GET /business/product/queryProductList],耗时:[28]毫秒
2025-10-21 16:02:32 [XNIO-1 task-6] INFO  c.r.f.i.PlusWebInvokeTimeInterceptor - [PLUS]结束请求 => URL[GET /business/arbiterMap/queryArbiterMapList],耗时:[28]毫秒
2025-10-21 16:02:36 [XNIO-1 task-6] INFO  c.r.f.i.PlusWebInvokeTimeInterceptor - [PLUS]开始请求 => URL[GET /business/product/queryProductList],无参数
2025-10-21 16:02:36 [XNIO-1 task-5] INFO  c.r.f.i.PlusWebInvokeTimeInterceptor - [PLUS]开始请求 => URL[GET /business/arbiterMap/queryArbiterMapList],无参数
2025-10-21 16:02:36 [XNIO-1 task-6] INFO  c.r.f.i.PlusWebInvokeTimeInterceptor - [PLUS]结束请求 => URL[GET /business/product/queryProductList],耗时:[30]毫秒
2025-10-21 16:02:36 [XNIO-1 task-5] INFO  c.r.f.i.PlusWebInvokeTimeInterceptor - [PLUS]结束请求 => URL[GET /business/arbiterMap/queryArbiterMapList],耗时:[30]毫秒
2025-10-21 16:02:51 [XNIO-1 task-5] INFO  c.r.f.i.PlusWebInvokeTimeInterceptor - [PLUS]开始请求 => URL[GET /business/arbiterMapLegend/list],参数类型[param],参数:[{"pageSize":["10"],"pageNum":["1"]}]
2025-10-21 16:02:51 [XNIO-1 task-5] INFO  c.r.f.i.PlusWebInvokeTimeInterceptor - [PLUS]结束请求 => URL[GET /business/arbiterMapLegend/list],耗时:[60]毫秒
2025-10-21 16:02:55 [XNIO-1 task-5] INFO  c.r.f.i.PlusWebInvokeTimeInterceptor - [PLUS]开始请求 => URL[GET /business/product/queryProductList],无参数
2025-10-21 16:02:55 [XNIO-1 task-6] INFO  c.r.f.i.PlusWebInvokeTimeInterceptor - [PLUS]开始请求 => URL[GET /business/scenario/list],参数类型[param],参数:[{"pageSize":["10"],"pageNum":["1"]}]
2025-10-21 16:02:55 [XNIO-1 task-11] INFO  c.r.f.i.PlusWebInvokeTimeInterceptor - [PLUS]开始请求 => URL[GET /business/arbiterMap/queryArbiterMapList],无参数
2025-10-21 16:02:55 [XNIO-1 task-5] INFO  c.r.f.i.PlusWebInvokeTimeInterceptor - [PLUS]结束请求 => URL[GET /business/product/queryProductList],耗时:[32]毫秒
2025-10-21 16:02:55 [XNIO-1 task-11] INFO  c.r.f.i.PlusWebInvokeTimeInterceptor - [PLUS]结束请求 => URL[GET /business/arbiterMap/queryArbiterMapList],耗时:[31]毫秒
2025-10-21 16:02:55 [XNIO-1 task-6] INFO  c.r.f.i.PlusWebInvokeTimeInterceptor - [PLUS]结束请求 => URL[GET /business/scenario/list],耗时:[63]毫秒
2025-10-21 16:03:03 [XNIO-1 task-6] INFO  c.r.f.i.PlusWebInvokeTimeInterceptor - [PLUS]开始请求 => URL[GET /business/arbiterMap/queryArbiterMapList],无参数
2025-10-21 16:03:03 [XNIO-1 task-5] INFO  c.r.f.i.PlusWebInvokeTimeInterceptor - [PLUS]开始请求 => URL[GET /business/product/queryProductList],无参数
2025-10-21 16:03:03 [XNIO-1 task-5] INFO  c.r.f.i.PlusWebInvokeTimeInterceptor - [PLUS]结束请求 => URL[GET /business/product/queryProductList],耗时:[27]毫秒
2025-10-21 16:03:03 [XNIO-1 task-6] INFO  c.r.f.i.PlusWebInvokeTimeInterceptor - [PLUS]结束请求 => URL[GET /business/arbiterMap/queryArbiterMapList],耗时:[27]毫秒
2025-10-21 16:03:23 [XNIO-1 task-6] INFO  c.r.f.i.PlusWebInvokeTimeInterceptor - [PLUS]开始请求 => URL[GET /business/product/queryProductList],无参数
2025-10-21 16:03:23 [XNIO-1 task-5] INFO  c.r.f.i.PlusWebInvokeTimeInterceptor - [PLUS]开始请求 => URL[GET /business/arbiterMap/queryArbiterMapList],无参数
2025-10-21 16:03:23 [XNIO-1 task-6] INFO  c.r.f.i.PlusWebInvokeTimeInterceptor - [PLUS]结束请求 => URL[GET /business/product/queryProductList],耗时:[31]毫秒
2025-10-21 16:03:23 [XNIO-1 task-5] INFO  c.r.f.i.PlusWebInvokeTimeInterceptor - [PLUS]结束请求 => URL[GET /business/arbiterMap/queryArbiterMapList],耗时:[31]毫秒
2025-10-21 16:03:29 [XNIO-1 task-11] INFO  c.r.f.i.PlusWebInvokeTimeInterceptor - [PLUS]开始请求 => URL[GET /business/arbiterMap/queryArbiterMapList],无参数
2025-10-21 16:03:29 [XNIO-1 task-6] INFO  c.r.f.i.PlusWebInvokeTimeInterceptor - [PLUS]开始请求 => URL[GET /business/product/queryProductList],无参数
2025-10-21 16:03:29 [XNIO-1 task-5] INFO  c.r.f.i.PlusWebInvokeTimeInterceptor - [PLUS]开始请求 => URL[GET /business/scenario/list],参数类型[param],参数:[{"pageSize":["10"],"pageNum":["1"]}]
2025-10-21 16:03:29 [XNIO-1 task-6] INFO  c.r.f.i.PlusWebInvokeTimeInterceptor - [PLUS]结束请求 => URL[GET /business/product/queryProductList],耗时:[33]毫秒
2025-10-21 16:03:29 [XNIO-1 task-11] INFO  c.r.f.i.PlusWebInvokeTimeInterceptor - [PLUS]结束请求 => URL[GET /business/arbiterMap/queryArbiterMapList],耗时:[33]毫秒
2025-10-21 16:03:29 [XNIO-1 task-5] INFO  c.r.f.i.PlusWebInvokeTimeInterceptor - [PLUS]结束请求 => URL[GET /business/scenario/list],耗时:[61]毫秒
2025-10-21 16:03:31 [XNIO-1 task-5] INFO  c.r.f.i.PlusWebInvokeTimeInterceptor - [PLUS]开始请求 => URL[GET /business/arbiterMap/queryArbiterMapList],无参数
2025-10-21 16:03:31 [XNIO-1 task-11] INFO  c.r.f.i.PlusWebInvokeTimeInterceptor - [PLUS]开始请求 => URL[GET /business/product/queryProductList],无参数
2025-10-21 16:03:31 [XNIO-1 task-11] INFO  c.r.f.i.PlusWebInvokeTimeInterceptor - [PLUS]结束请求 => URL[GET /business/product/queryProductList],耗时:[25]毫秒
2025-10-21 16:03:31 [XNIO-1 task-5] INFO  c.r.f.i.PlusWebInvokeTimeInterceptor - [PLUS]结束请求 => URL[GET /business/arbiterMap/queryArbiterMapList],耗时:[27]毫秒
2025-10-21 16:03:32 [XNIO-1 task-11] INFO  c.r.f.i.PlusWebInvokeTimeInterceptor - [PLUS]开始请求 => URL[GET /business/product/queryProductList],无参数
2025-10-21 16:03:32 [XNIO-1 task-6] INFO  c.r.f.i.PlusWebInvokeTimeInterceptor - [PLUS]开始请求 => URL[GET /business/scenario/list],参数类型[param],参数:[{"pageSize":["10"],"pageNum":["1"]}]
2025-10-21 16:03:32 [XNIO-1 task-5] INFO  c.r.f.i.PlusWebInvokeTimeInterceptor - [PLUS]开始请求 => URL[GET /business/arbiterMap/queryArbiterMapList],无参数
2025-10-21 16:03:33 [XNIO-1 task-11] INFO  c.r.f.i.PlusWebInvokeTimeInterceptor - [PLUS]结束请求 => URL[GET /business/product/queryProductList],耗时:[81]毫秒
2025-10-21 16:03:33 [XNIO-1 task-5] INFO  c.r.f.i.PlusWebInvokeTimeInterceptor - [PLUS]结束请求 => URL[GET /business/arbiterMap/queryArbiterMapList],耗时:[81]毫秒
2025-10-21 16:03:33 [XNIO-1 task-6] INFO  c.r.f.i.PlusWebInvokeTimeInterceptor - [PLUS]结束请求 => URL[GET /business/scenario/list],耗时:[112]毫秒
2025-10-21 16:03:50 [XNIO-1 task-6] INFO  c.r.f.i.PlusWebInvokeTimeInterceptor - [PLUS]开始请求 => URL[GET /monitor/cache/getNames],无参数
2025-10-21 16:03:50 [XNIO-1 task-6] INFO  c.r.f.i.PlusWebInvokeTimeInterceptor - [PLUS]结束请求 => URL[GET /monitor/cache/getNames],耗时:[49]毫秒
2025-10-21 16:03:51 [XNIO-1 task-11] INFO  c.r.f.i.PlusWebInvokeTimeInterceptor - [PLUS]开始请求 => URL[GET /system/menu/list],无参数
2025-10-21 16:03:51 [XNIO-1 task-6] INFO  c.r.f.i.PlusWebInvokeTimeInterceptor - [PLUS]开始请求 => URL[GET /system/dict/data/type/sys_show_hide],无参数
2025-10-21 16:03:51 [XNIO-1 task-5] INFO  c.r.f.i.PlusWebInvokeTimeInterceptor - [PLUS]开始请求 => URL[GET /system/dict/data/type/sys_normal_disable],无参数
2025-10-21 16:03:51 [XNIO-1 task-5] INFO  c.r.f.i.PlusWebInvokeTimeInterceptor - [PLUS]结束请求 => URL[GET /system/dict/data/type/sys_normal_disable],耗时:[23]毫秒
2025-10-21 16:03:51 [XNIO-1 task-6] INFO  c.r.f.i.PlusWebInvokeTimeInterceptor - [PLUS]结束请求 => URL[GET /system/dict/data/type/sys_show_hide],耗时:[23]毫秒
2025-10-21 16:03:51 [XNIO-1 task-11] INFO  c.r.f.i.PlusWebInvokeTimeInterceptor - [PLUS]结束请求 => URL[GET /system/menu/list],耗时:[70]毫秒
2025-10-21 16:03:58 [XNIO-1 task-11] INFO  c.r.f.i.PlusWebInvokeTimeInterceptor - [PLUS]开始请求 => URL[GET /system/menu/list],无参数
2025-10-21 16:03:58 [XNIO-1 task-6] INFO  c.r.f.i.PlusWebInvokeTimeInterceptor - [PLUS]开始请求 => URL[GET /system/menu/1759503588921430017],无参数
2025-10-21 16:03:58 [XNIO-1 task-6] INFO  c.r.f.i.PlusWebInvokeTimeInterceptor - [PLUS]结束请求 => URL[GET /system/menu/1759503588921430017],耗时:[68]毫秒
2025-10-21 16:03:58 [XNIO-1 task-11] INFO  c.r.f.i.PlusWebInvokeTimeInterceptor - [PLUS]结束请求 => URL[GET /system/menu/list],耗时:[79]毫秒
2025-10-21 16:04:00 [XNIO-1 task-11] INFO  c.r.f.i.PlusWebInvokeTimeInterceptor - [PLUS]开始请求 => URL[PUT /system/menu],参数类型[json],参数:[{"createBy":"admin","createTime":"2024-02-19 17:05:44","updateBy":"admin","updateTime":"2024-02-19 17:40:48","parentName":null,"parentId":"1759475177796603906","children":[],"menuId":"1759503588921430017","menuName":"想定管理","orderNum":50,"path":"scenario","component":"business/scenario/index","queryParam":null,"isFrame":"1","isCache":"1","menuType":"C","visible":"1","status":"1","perms":"business:scenario:list","icon":"skill","remark":"想定管理菜单"}]
2025-10-21 16:04:00 [XNIO-1 task-11] INFO  c.r.f.i.PlusWebInvokeTimeInterceptor - [PLUS]结束请求 => URL[PUT /system/menu],耗时:[67]毫秒
2025-10-21 16:04:00 [XNIO-1 task-11] INFO  c.r.f.i.PlusWebInvokeTimeInterceptor - [PLUS]开始请求 => URL[GET /system/menu/list],无参数
2025-10-21 16:04:00 [XNIO-1 task-11] INFO  c.r.f.i.PlusWebInvokeTimeInterceptor - [PLUS]结束请求 => URL[GET /system/menu/list],耗时:[64]毫秒
2025-10-21 16:04:09 [XNIO-1 task-11] INFO  c.r.f.i.PlusWebInvokeTimeInterceptor - [PLUS]开始请求 => URL[GET /business/arbiterMapLegend/queryArbiterMapLegendList],无参数
2025-10-21 16:04:09 [XNIO-1 task-6] INFO  c.r.f.i.PlusWebInvokeTimeInterceptor - [PLUS]开始请求 => URL[GET /business/arbiterMap/undefined],无参数
2025-10-21 16:04:09 [XNIO-1 task-6] INFO  c.r.f.i.PlusWebInvokeTimeInterceptor - [PLUS]结束请求 => URL[GET /business/arbiterMap/undefined],耗时:[50]毫秒
2025-10-21 16:04:09 [XNIO-1 task-11] INFO  c.r.f.i.PlusWebInvokeTimeInterceptor - [PLUS]结束请求 => URL[GET /business/arbiterMapLegend/queryArbiterMapLegendList],耗时:[50]毫秒
2025-10-21 16:04:13 [XNIO-1 task-11] INFO  c.r.f.i.PlusWebInvokeTimeInterceptor - [PLUS]开始请求 => URL[GET /business/product/queryProductList],无参数
2025-10-21 16:04:13 [XNIO-1 task-6] INFO  c.r.f.i.PlusWebInvokeTimeInterceptor - [PLUS]开始请求 => URL[GET /business/arbiterMap/list],参数类型[param],参数:[{"pageSize":["10"],"pageNum":["1"]}]
2025-10-21 16:04:13 [XNIO-1 task-11] INFO  c.r.f.i.PlusWebInvokeTimeInterceptor - [PLUS]结束请求 => URL[GET /business/product/queryProductList],耗时:[30]毫秒
2025-10-21 16:04:13 [XNIO-1 task-6] INFO  c.r.f.i.PlusWebInvokeTimeInterceptor - [PLUS]结束请求 => URL[GET /business/arbiterMap/list],耗时:[65]毫秒
2025-10-21 16:04:19 [XNIO-1 task-6] INFO  c.r.f.i.PlusWebInvokeTimeInterceptor - [PLUS]开始请求 => URL[GET /business/arbiterMapLegend/list],参数类型[param],参数:[{"pageSize":["10"],"pageNum":["1"]}]
2025-10-21 16:04:19 [XNIO-1 task-6] INFO  c.r.f.i.PlusWebInvokeTimeInterceptor - [PLUS]结束请求 => URL[GET /business/arbiterMapLegend/list],耗时:[64]毫秒
2025-10-21 16:04:25 [XNIO-1 task-11] INFO  c.r.f.i.PlusWebInvokeTimeInterceptor - [PLUS]开始请求 => URL[GET /business/product/queryProductList],无参数
2025-10-21 16:04:25 [XNIO-1 task-6] INFO  c.r.f.i.PlusWebInvokeTimeInterceptor - [PLUS]开始请求 => URL[GET /business/scenario/list],参数类型[param],参数:[{"pageSize":["10"],"pageNum":["1"]}]
2025-10-21 16:04:25 [XNIO-1 task-5] INFO  c.r.f.i.PlusWebInvokeTimeInterceptor - [PLUS]开始请求 => URL[GET /business/arbiterMap/queryArbiterMapList],无参数
2025-10-21 16:04:25 [XNIO-1 task-11] INFO  c.r.f.i.PlusWebInvokeTimeInterceptor - [PLUS]结束请求 => URL[GET /business/product/queryProductList],耗时:[25]毫秒
2025-10-21 16:04:25 [XNIO-1 task-5] INFO  c.r.f.i.PlusWebInvokeTimeInterceptor - [PLUS]结束请求 => URL[GET /business/arbiterMap/queryArbiterMapList],耗时:[30]毫秒
2025-10-21 16:04:25 [XNIO-1 task-6] INFO  c.r.f.i.PlusWebInvokeTimeInterceptor - [PLUS]结束请求 => URL[GET /business/scenario/list],耗时:[57]毫秒
2025-10-21 16:09:52 [XNIO-1 task-6] INFO  c.r.f.i.PlusWebInvokeTimeInterceptor - [PLUS]开始请求 => URL[GET /system/user/deptTree],无参数
2025-10-21 16:09:52 [XNIO-1 task-13] INFO  c.r.f.i.PlusWebInvokeTimeInterceptor - [PLUS]开始请求 => URL[GET /system/user/list],参数类型[param],参数:[{"pageSize":["10"],"pageNum":["1"]}]
2025-10-21 16:09:52 [XNIO-1 task-5] INFO  c.r.f.i.PlusWebInvokeTimeInterceptor - [PLUS]开始请求 => URL[GET /system/config/configKey/sys.user.initPassword],无参数
2025-10-21 16:09:52 [XNIO-1 task-11] INFO  c.r.f.i.PlusWebInvokeTimeInterceptor - [PLUS]开始请求 => URL[GET /system/dict/data/type/sys_user_sex],无参数
2025-10-21 16:09:52 [XNIO-1 task-5] INFO  c.r.f.i.PlusWebInvokeTimeInterceptor - [PLUS]结束请求 => URL[GET /system/config/configKey/sys.user.initPassword],耗时:[28]毫秒
2025-10-21 16:09:52 [XNIO-1 task-11] INFO  c.r.f.i.PlusWebInvokeTimeInterceptor - [PLUS]结束请求 => URL[GET /system/dict/data/type/sys_user_sex],耗时:[28]毫秒
2025-10-21 16:09:52 [XNIO-1 task-6] INFO  c.r.f.i.PlusWebInvokeTimeInterceptor - [PLUS]结束请求 => URL[GET /system/user/deptTree],耗时:[82]毫秒
2025-10-21 16:09:52 [XNIO-1 task-13] INFO  c.r.f.i.PlusWebInvokeTimeInterceptor - [PLUS]结束请求 => URL[GET /system/user/list],耗时:[87]毫秒
2025-10-21 16:10:00 [XNIO-1 task-6] INFO  c.r.f.i.PlusWebInvokeTimeInterceptor - [PLUS]开始请求 => URL[GET /business/product/queryProductList],无参数
2025-10-21 16:10:00 [XNIO-1 task-13] INFO  c.r.f.i.PlusWebInvokeTimeInterceptor - [PLUS]开始请求 => URL[GET /business/arbiterMap/list],参数类型[param],参数:[{"pageSize":["10"],"pageNum":["1"]}]
2025-10-21 16:10:00 [XNIO-1 task-6] INFO  c.r.f.i.PlusWebInvokeTimeInterceptor - [PLUS]结束请求 => URL[GET /business/product/queryProductList],耗时:[26]毫秒
2025-10-21 16:10:00 [XNIO-1 task-13] INFO  c.r.f.i.PlusWebInvokeTimeInterceptor - [PLUS]结束请求 => URL[GET /business/arbiterMap/list],耗时:[59]毫秒
2025-10-21 16:10:03 [XNIO-1 task-13] INFO  c.r.f.i.PlusWebInvokeTimeInterceptor - [PLUS]开始请求 => URL[GET /system/dict/data/type/mode_type],无参数
2025-10-21 16:10:03 [XNIO-1 task-7] INFO  c.r.f.i.PlusWebInvokeTimeInterceptor - [PLUS]开始请求 => URL[GET /system/dict/data/type/verdict_type],无参数
2025-10-21 16:10:03 [XNIO-1 task-5] INFO  c.r.f.i.PlusWebInvokeTimeInterceptor - [PLUS]开始请求 => URL[GET /system/dict/data/type/subject_type],无参数
2025-10-21 16:10:03 [XNIO-1 task-6] INFO  c.r.f.i.PlusWebInvokeTimeInterceptor - [PLUS]开始请求 => URL[GET /system/dict/data/type/level_type],无参数
2025-10-21 16:10:03 [XNIO-1 task-11] INFO  c.r.f.i.PlusWebInvokeTimeInterceptor - [PLUS]开始请求 => URL[GET /system/dict/data/type/shelf_flag],无参数
2025-10-21 16:10:03 [XNIO-1 task-12] INFO  c.r.f.i.PlusWebInvokeTimeInterceptor - [PLUS]开始请求 => URL[GET /business/product/list],参数类型[param],参数:[{"pageSize":["10"],"pageNum":["1"]}]
2025-10-21 16:10:04 [XNIO-1 task-13] INFO  c.r.f.i.PlusWebInvokeTimeInterceptor - [PLUS]结束请求 => URL[GET /system/dict/data/type/mode_type],耗时:[33]毫秒
2025-10-21 16:10:04 [XNIO-1 task-6] INFO  c.r.f.i.PlusWebInvokeTimeInterceptor - [PLUS]结束请求 => URL[GET /system/dict/data/type/level_type],耗时:[33]毫秒
2025-10-21 16:10:04 [XNIO-1 task-7] INFO  c.r.f.i.PlusWebInvokeTimeInterceptor - [PLUS]结束请求 => URL[GET /system/dict/data/type/verdict_type],耗时:[33]毫秒
2025-10-21 16:10:04 [XNIO-1 task-5] INFO  c.r.f.i.PlusWebInvokeTimeInterceptor - [PLUS]结束请求 => URL[GET /system/dict/data/type/subject_type],耗时:[33]毫秒
2025-10-21 16:10:04 [XNIO-1 task-11] INFO  c.r.f.i.PlusWebInvokeTimeInterceptor - [PLUS]结束请求 => URL[GET /system/dict/data/type/shelf_flag],耗时:[33]毫秒
2025-10-21 16:10:04 [XNIO-1 task-13] INFO  c.r.f.i.PlusWebInvokeTimeInterceptor - [PLUS]开始请求 => URL[GET /business/scenario/queryScenarioList],无参数
2025-10-21 16:10:04 [XNIO-1 task-11] INFO  c.r.f.i.PlusWebInvokeTimeInterceptor - [PLUS]开始请求 => URL[GET /business/chessPieces/queryChessPiecesList],无参数
2025-10-21 16:10:04 [XNIO-1 task-13] INFO  c.r.f.i.PlusWebInvokeTimeInterceptor - [PLUS]结束请求 => URL[GET /business/scenario/queryScenarioList],耗时:[32]毫秒
2025-10-21 16:10:04 [XNIO-1 task-12] INFO  c.r.f.i.PlusWebInvokeTimeInterceptor - [PLUS]结束请求 => URL[GET /business/product/list],耗时:[77]毫秒
2025-10-21 16:10:04 [XNIO-1 task-11] INFO  c.r.f.i.PlusWebInvokeTimeInterceptor - [PLUS]结束请求 => URL[GET /business/chessPieces/queryChessPiecesList],耗时:[59]毫秒
2025-10-21 16:10:07 [XNIO-1 task-12] INFO  c.r.f.i.PlusWebInvokeTimeInterceptor - [PLUS]开始请求 => URL[GET /business/chessPieces/list],参数类型[param],参数:[{"pageSize":["10"],"pageNum":["1"]}]
2025-10-21 16:10:07 [XNIO-1 task-13] INFO  c.r.f.i.PlusWebInvokeTimeInterceptor - [PLUS]开始请求 => URL[GET /business/product/queryProductList],无参数
2025-10-21 16:10:07 [XNIO-1 task-7] INFO  c.r.f.i.PlusWebInvokeTimeInterceptor - [PLUS]开始请求 => URL[GET /business/chessPiecesType/queryChessPiecesTypeList],无参数
2025-10-21 16:10:07 [XNIO-1 task-6] INFO  c.r.f.i.PlusWebInvokeTimeInterceptor - [PLUS]开始请求 => URL[GET /business/chessPiecesCamp/queryChessPiecesCampList],无参数
2025-10-21 16:10:07 [XNIO-1 task-11] INFO  c.r.f.i.PlusWebInvokeTimeInterceptor - [PLUS]开始请求 => URL[GET /system/dict/data/type/action_type],无参数
2025-10-21 16:10:07 [XNIO-1 task-7] INFO  c.r.f.i.PlusWebInvokeTimeInterceptor - [PLUS]结束请求 => URL[GET /business/chessPiecesType/queryChessPiecesTypeList],耗时:[24]毫秒
2025-10-21 16:10:07 [XNIO-1 task-11] INFO  c.r.f.i.PlusWebInvokeTimeInterceptor - [PLUS]结束请求 => URL[GET /system/dict/data/type/action_type],耗时:[26]毫秒
2025-10-21 16:10:07 [XNIO-1 task-6] INFO  c.r.f.i.PlusWebInvokeTimeInterceptor - [PLUS]结束请求 => URL[GET /business/chessPiecesCamp/queryChessPiecesCampList],耗时:[29]毫秒
2025-10-21 16:10:07 [XNIO-1 task-13] INFO  c.r.f.i.PlusWebInvokeTimeInterceptor - [PLUS]结束请求 => URL[GET /business/product/queryProductList],耗时:[30]毫秒
2025-10-21 16:10:07 [XNIO-1 task-12] INFO  c.r.f.i.PlusWebInvokeTimeInterceptor - [PLUS]结束请求 => URL[GET /business/chessPieces/list],耗时:[67]毫秒
2025-10-21 16:10:07 [XNIO-1 task-6] INFO  c.r.f.i.PlusWebInvokeTimeInterceptor - [PLUS]开始请求 => URL[GET /api/system/getOssById/1856590846159982594],无参数
2025-10-21 16:10:07 [XNIO-1 task-12] INFO  c.r.f.i.PlusWebInvokeTimeInterceptor - [PLUS]开始请求 => URL[GET /api/system/getOssById/1856587777389072386],无参数
2025-10-21 16:10:07 [XNIO-1 task-13] INFO  c.r.f.i.PlusWebInvokeTimeInterceptor - [PLUS]开始请求 => URL[GET /api/system/getOssById/1856590815659003905],无参数
2025-10-21 16:10:07 [XNIO-1 task-12] INFO  c.r.f.i.PlusWebInvokeTimeInterceptor - [PLUS]结束请求 => URL[GET /api/system/getOssById/1856587777389072386],耗时:[24]毫秒
2025-10-21 16:10:07 [XNIO-1 task-6] INFO  c.r.f.i.PlusWebInvokeTimeInterceptor - [PLUS]结束请求 => URL[GET /api/system/getOssById/1856590846159982594],耗时:[24]毫秒
2025-10-21 16:10:07 [XNIO-1 task-13] INFO  c.r.f.i.PlusWebInvokeTimeInterceptor - [PLUS]结束请求 => URL[GET /api/system/getOssById/1856590815659003905],耗时:[24]毫秒
2025-10-21 16:10:07 [XNIO-1 task-13] INFO  c.r.f.i.PlusWebInvokeTimeInterceptor - [PLUS]开始请求 => URL[GET /api/system/getOssById/1856590846159982594],无参数
2025-10-21 16:10:07 [XNIO-1 task-12] INFO  c.r.f.i.PlusWebInvokeTimeInterceptor - [PLUS]开始请求 => URL[GET /api/system/getOssById/1856590815659003905],无参数
2025-10-21 16:10:07 [XNIO-1 task-6] INFO  c.r.f.i.PlusWebInvokeTimeInterceptor - [PLUS]开始请求 => URL[GET /api/system/getOssById/1856587777389072386],无参数
2025-10-21 16:10:07 [XNIO-1 task-13] INFO  c.r.f.i.PlusWebInvokeTimeInterceptor - [PLUS]结束请求 => URL[GET /api/system/getOssById/1856590846159982594],耗时:[22]毫秒
2025-10-21 16:10:07 [XNIO-1 task-6] INFO  c.r.f.i.PlusWebInvokeTimeInterceptor - [PLUS]结束请求 => URL[GET /api/system/getOssById/1856587777389072386],耗时:[22]毫秒
2025-10-21 16:10:07 [XNIO-1 task-12] INFO  c.r.f.i.PlusWebInvokeTimeInterceptor - [PLUS]结束请求 => URL[GET /api/system/getOssById/1856590815659003905],耗时:[22]毫秒
2025-10-21 16:10:07 [XNIO-1 task-12] INFO  c.r.f.i.PlusWebInvokeTimeInterceptor - [PLUS]开始请求 => URL[GET /api/system/getOssById/1856590846159982594],无参数
2025-10-21 16:10:07 [XNIO-1 task-6] INFO  c.r.f.i.PlusWebInvokeTimeInterceptor - [PLUS]开始请求 => URL[GET /api/system/getOssById/1856587777389072386],无参数
2025-10-21 16:10:07 [XNIO-1 task-6] INFO  c.r.f.i.PlusWebInvokeTimeInterceptor - [PLUS]结束请求 => URL[GET /api/system/getOssById/1856587777389072386],耗时:[22]毫秒
2025-10-21 16:10:07 [XNIO-1 task-12] INFO  c.r.f.i.PlusWebInvokeTimeInterceptor - [PLUS]结束请求 => URL[GET /api/system/getOssById/1856590846159982594],耗时:[23]毫秒
2025-10-21 16:10:07 [XNIO-1 task-12] INFO  c.r.f.i.PlusWebInvokeTimeInterceptor - [PLUS]开始请求 => URL[GET /api/system/getOssById/1856587777389072386],无参数
2025-10-21 16:10:07 [XNIO-1 task-12] INFO  c.r.f.i.PlusWebInvokeTimeInterceptor - [PLUS]结束请求 => URL[GET /api/system/getOssById/1856587777389072386],耗时:[23]毫秒
2025-10-21 16:10:07 [XNIO-1 task-12] INFO  c.r.f.i.PlusWebInvokeTimeInterceptor - [PLUS]开始请求 => URL[GET /api/system/getOssById/1856587777389072386],无参数
2025-10-21 16:10:07 [XNIO-1 task-12] INFO  c.r.f.i.PlusWebInvokeTimeInterceptor - [PLUS]结束请求 => URL[GET /api/system/getOssById/1856587777389072386],耗时:[23]毫秒
